gender,NationalITy,PlaceofBirth,StageID,GradeID,SectionID,Topic,Semester,Relation,raisedhands,VisITedResources,AnnouncementsView,Discussion,ParentAnsweringSurvey,ParentschoolSatisfaction,StudentAbsenceDays,Class
M,KW,KuwaIT,lowerlevel,G-02,B,IT,F,Father,15,22,34,26,No,Good,Above-7,M
M,KW,KuwaIT,MiddleSchool,G-08,C,Spanish,S,Mum,90,74,60,73,Yes,Bad,Under-7,H
F,Jordan,Jordan,lowerlevel,G-04,A,Science,F,Mum,86,86,89,79,No,Good,Under-7,H
M,KW,KuwaIT,lowerlevel,G-04,A,English,S,Father,63,91,55,76,Yes,Good,Under-7,H
F,KW,KuwaIT,MiddleSchool,G-07,A,Math,F,Father,12,21,16,50,Yes,Good,Under-7,M
F,KW,KuwaIT,lowerlevel,G-04,A,History,S,Father,71,91,76,87,Yes,Good,Under-7,M
M,Palestine,Palestine,MiddleSchool,G-07,A,Biology,F,Father,89,90,87,82,Yes,Good,Under-7,H
M,KW,KuwaIT,MiddleSchool,G-08,C,Spanish,S,Father,38,70,33,38,No,Bad,Under-7,M
F,Iraq,Iraq,lowerlevel,G-02,B,Arabic,S,Mum,91,90,70,65,Yes,Good,Under-7,H
M,KW,KuwaIT,lowerlevel,G-04,A,IT,S,Father,48,80,44,45,No,Good,Above-7,M
M,Palestine,Jordan,MiddleSchool,G-06,A,English,S,Mum,88,68,50,27,Yes,Good,Under-7,H
M,Tunis,Tunis,lowerlevel,G-02,B,French,S,Mum,73,81,22,30,Yes,Bad,Under-7,H
F,Jordan,Jordan,MiddleSchool,G-08,A,Geology,F,Mum,91,80,82,73,Yes,Good,Under-7,H
M,Palestine,Jordan,MiddleSchool,G-07,B,Biology,F,Father,47,43,39,41,Yes,Good,Under-7,M
M,KW,KuwaIT,MiddleSchool,G-08,A,Spanish,S,Father,5,3,2,10,Yes,Good,Under-7,L
F,Jordan,Jordan,lowerlevel,G-04,A,Science,F,Mum,98,87,86,84,No,Good,Under-7,H
F,Lybia,Lybia,MiddleSchool,G-07,B,Biology,S,Mum,12,12,4,56,No,Good,Above-7,L
M,Jordan,Jordan,lowerlevel,G-02,B,French,F,Mum,57,65,48,32,No,Bad,Under-7,M
F,Jordan,Jordan,MiddleSchool,G-08,A,Chemistry,S,Mum,74,84,8,77,Yes,Good,Under-7,H
M,Tunis,Tunis,MiddleSchool,G-07,A,Quran,S,Father,12,27,20,13,No,Bad,Above-7,L
F,Jordan,Palestine,lowerlevel,G-02,A,French,S,Mum,48,79,53,83,Yes,Good,Under-7,M
F,Jordan,Jordan,lowerlevel,G-04,B,Science,S,Father,28,34,24,74,Yes,Bad,Under-7,M
M,KW,KuwaIT,HighSchool,G-10,A,IT,F,Father,0,4,6,6,No,Bad,Above-7,L
F,Jordan,Jordan,lowerlevel,G-04,B,Science,S,Mum,52,70,67,56,Yes,Good,Under-7,H
M,Morocco,Morocco,MiddleSchool,G-08,A,Arabic,S,Mum,62,61,60,44,No,Bad,Under-7,M
F,Palestine,Palestine,lowerlevel,G-04,A,Science,S,Mum,74,73,37,76,Yes,Good,Under-7,H
M,Jordan,SaudiArabia,MiddleSchool,G-08,C,Spanish,S,Mum,21,53,61,28,Yes,Good,Under-7,H
F,Jordan,Jordan,lowerlevel,G-02,A,French,F,Mum,55,86,29,17,Yes,Good,Above-7,M
F,Jordan,Jordan,MiddleSchool,G-08,A,History,S,Father,27,13,28,49,No,Bad,Above-7,L
M,Jordan,Jordan,lowerlevel,G-04,B,Science,S,Father,51,44,36,43,No,Good,Above-7,M
F,Jordan,Jordan,MiddleSchool,G-08,A,History,F,Father,22,12,10,41,No,Bad,Above-7,L
F,KW,KuwaIT,lowerlevel,G-02,B,IT,F,Mum,66,82,57,49,Yes,Good,Under-7,H
M,Jordan,Jordan,MiddleSchool,G-07,A,Biology,F,Father,58,77,30,53,No,Good,Above-7,M
F,KW,KuwaIT,lowerlevel,G-02,C,IT,F,Father,14,5,4,13,No,Bad,Above-7,L
M,Tunis,Tunis,MiddleSchool,G-08,C,Spanish,S,Father,11,43,29,13,No,Bad,Above-7,L
F,Egypt,Egypt,MiddleSchool,G-07,A,Quran,S,Mum,45,91,61,38,Yes,Good,Under-7,H
M,KW,KuwaIT,MiddleSchool,G-07,A,IT,F,Father,2,0,2,50,No,Bad,Above-7,L
F,Palestine,Jordan,lowerlevel,G-02,A,French,F,Mum,69,85,41,24,No,Good,Under-7,M
M,KW,KuwaIT,lowerlevel,G-02,B,IT,F,Father,70,74,69,82,Yes,Bad,Under-7,M
M,KW,KuwaIT,MiddleSchool,G-08,A,Arabic,S,Mum,76,82,64,68,Yes,Bad,Under-7,H
M,KW,KuwaIT,lowerlevel,G-05,A,English,F,Father,8,22,9,40,No,Bad,Above-7,L
F,Palestine,Jordan,lowerlevel,G-02,B,French,S,Father,42,54,29,19,No,Good,Under-7,M
F,Jordan,lebanon,lowerlevel,G-04,B,Science,F,Mum,83,91,36,50,Yes,Good,Under-7,H
F,lebanon,lebanon,MiddleSchool,G-07,B,Math,F,Mum,80,90,49,55,Yes,Bad,Under-7,H
M,USA,USA,MiddleSchool,G-08,B,Math,F,Father,23,8,9,14,Yes,Good,Above-7,L
M,KW,KuwaIT,lowerlevel,G-04,A,English,S,Father,59,97,42,70,Yes,Good,Under-7,H
M,venzuela,venzuela,HighSchool,G-10,A,IT,F,Mum,85,82,75,71,Yes,Good,Under-7,H
F,KW,KuwaIT,lowerlevel,G-02,B,IT,F,Father,4,12,5,20,No,Bad,Above-7,L
M,Iran,Iran,MiddleSchool,G-08,A,Spanish,S,Mum,50,57,23,35,No,Bad,Above-7,M
F,Egypt,Egypt,MiddleSchool,G-07,A,IT,F,Father,84,57,65,88,Yes,Good,Under-7,M
M,KW,KuwaIT,MiddleSchool,G-07,A,Math,F,Father,13,16,25,9,No,Bad,Under-7,L
F,lebanon,lebanon,MiddleSchool,G-08,A,Arabic,S,Mum,61,28,43,49,Yes,Good,Under-7,H
F,Jordan,Jordan,lowerlevel,G-04,A,Science,F,Mum,66,83,68,78,No,Good,Under-7,H
M,Palestine,Jordan,MiddleSchool,G-08,A,History,S,Father,78,82,78,53,Yes,Good,Under-7,M
M,Jordan,Jordan,lowerlevel,G-02,B,French,S,Father,56,82,44,52,Yes,Good,Under-7,M
M,KW,KuwaIT,MiddleSchool,G-07,A,Math,F,Father,11,14,14,71,No,Bad,Under-7,L
M,Palestine,Jordan,MiddleSchool,G-07,B,Biology,F,Father,72,84,58,62,Yes,Good,Under-7,M
M,KW,KuwaIT,lowerlevel,G-02,C,IT,F,Father,51,94,19,23,No,Good,Under-7,M
M,Jordan,Jordan,MiddleSchool,G-08,A,Chemistry,S,Mum,59,72,61,31,Yes,Good,Above-7,L
M,lebanon,lebanon,MiddleSchool,G-08,C,Spanish,S,Father,51,37,25,23,Yes,Good,Under-7,M
M,Jordan,Jordan,MiddleSchool,G-08,A,Chemistry,S,Mum,47,53,43,35,Yes,Good,Above-7,L
F,Jordan,Jordan,MiddleSchool,G-08,A,Geology,S,Mum,40,92,31,29,Yes,Good,Under-7,H
M,KW,KuwaIT,HighSchool,G-12,A,English,F,Mum,14,27,11,19,No,Bad,Above-7,L
M,Jordan,Jordan,lowerlevel,G-02,A,Arabic,F,Father,36,43,63,22,No,Bad,Under-7,M
M,KW,KuwaIT,MiddleSchool,G-07,A,Quran,S,Father,10,10,15,19,No,Bad,Above-7,L
F,Jordan,Jordan,MiddleSchool,G-08,A,History,F,Father,19,14,13,36,No,Bad,Above-7,L
F,Morocco,Morocco,lowerlevel,G-02,B,French,S,Mum,80,78,76,73,Yes,Good,Under-7,H
F,Tunis,USA,HighSchool,G-11,B,French,S,Father,52,42,30,69,Yes,Good,Under-7,M
M,Palestine,Jordan,lowerlevel,G-02,A,Arabic,S,Father,82,87,52,38,Yes,Good,Under-7,H
F,Jordan,Jordan,MiddleSchool,G-08,A,Chemistry,F,Father,13,2,10,21,No,Bad,Above-7,L
M,Jordan,Jordan,MiddleSchool,G-06,A,English,S,Father,51,62,28,29,No,Bad,Under-7,H
M,KW,KuwaIT,HighSchool,G-09,A,IT,F,Father,10,13,9,29,Yes,Good,Above-7,L
M,Iran,Iran,MiddleSchool,G-08,A,Spanish,S,Mum,50,45,15,43,No,Bad,Above-7,M
M,Egypt,Egypt,MiddleSchool,G-07,B,Science,S,Father,59,75,30,39,Yes,Good,Under-7,M
M,USA,USA,lowerlevel,G-02,B,IT,F,Father,65,91,43,47,Yes,Good,Under-7,H
F,Egypt,Egypt,MiddleSchool,G-07,A,IT,F,Father,37,19,29,45,Yes,Good,Under-7,M
M,KW,KuwaIT,MiddleSchool,G-07,A,Math,F,Father,9,6,1,15,Yes,Good,Above-7,L
M,Jordan,Jordan,lowerlevel,G-02,B,Arabic,S,Mum,41,79,18,44,Yes,Good,Under-7,M
M,Palestine,Jordan,MiddleSchool,G-06,A,English,S,Mum,48,71,28,14,Yes,Good,Under-7,H
M,Jordan,SaudiArabia,MiddleSchool,G-08,A,Geology,S,Father,82,86,75,52,No,Bad,Under-7,M
M,KW,KuwaIT,MiddleSchool,G-07,B,IT,F,Mum,62,57,44,87,Yes,Good,Under-7,H
M,KW,KuwaIT,lowerlevel,G-02,B,IT,F,Father,5,9,8,10,No,Bad,Above-7,L
M,Iran,Iran,HighSchool,G-09,A,IT,F,Mum,22,51,45,23,Yes,Good,Under-7,M
F,KW,KuwaIT,lowerlevel,G-02,C,IT,F,Mum,24,48,25,25,Yes,Good,Above-7,M
F,KW,KuwaIT,MiddleSchool,G-07,A,Math,F,Father,13,21,9,71,Yes,Good,Under-7,M
F,Jordan,Jordan,MiddleSchool,G-07,A,Biology,F,Mum,78,74,37,26,Yes,Good,Above-7,M
M,Jordan,Jordan,lowerlevel,G-04,A,Science,S,Father,13,33,25,10,No,Bad,Above-7,L
F,KW,KuwaIT,MiddleSchool,G-08,A,Arabic,S,Father,61,48,9,40,No,Bad,Under-7,M
F,Jordan,Jordan,lowerlevel,G-02,A,Arabic,S,Father,5,9,19,98,No,Bad,Above-7,L
F,Jordan,Jordan,lowerlevel,G-02,A,French,S,Mum,77,58,36,23,Yes,Good,Above-7,M
F,KW,KuwaIT,lowerlevel,G-04,A,Science,S,Father,35,59,54,57,No,Bad,Under-7,M
M,Morocco,Morocco,MiddleSchool,G-08,A,Arabic,S,Mum,73,82,82,36,No,Bad,Under-7,M
F,Jordan,Jordan,MiddleSchool,G-06,A,English,F,Mum,66,80,67,62,Yes,Good,Under-7,H
M,KW,KuwaIT,HighSchool,G-12,A,English,F,Father,13,5,18,19,No,Bad,Above-7,L
F,Jordan,Jordan,lowerlevel,G-02,B,French,S,Mum,77,89,44,29,No,Bad,Under-7,H
M,KW,KuwaIT,MiddleSchool,G-08,B,Arabic,S,Father,45,95,12,13,No,Bad,Under-7,M
M,Jordan,Jordan,MiddleSchool,G-06,A,English,F,Father,24,23,22,15,Yes,Bad,Above-7,M
F,Jordan,Jordan,lowerlevel,G-04,A,Science,S,Mum,65,87,43,42,No,Good,Under-7,H
M,KW,KuwaIT,MiddleSchool,G-08,A,Arabic,S,Mum,93,75,73,70,Yes,Good,Under-7,H
M,KW,KuwaIT,lowerlevel,G-02,B,French,S,Mum,42,40,54,18,No,Bad,Under-7,M
F,Syria,Syria,MiddleSchool,G-07,A,Biology,S,Mum,71,81,76,81,Yes,Good,Under-7,H
M,Jordan,USA,MiddleSchool,G-07,A,Quran,F,Mum,79,84,70,59,No,Bad,Under-7,M
F,Jordan,Jordan,MiddleSchool,G-08,A,Chemistry,F,Father,10,5,9,6,No,Bad,Above-7,L
M,Iraq,Iraq,MiddleSchool,G-08,A,Geology,F,Father,82,85,68,52,Yes,Good,Above-7,M
M,KW,KuwaIT,lowerlevel,G-04,A,History,S,Father,62,94,82,60,Yes,Bad,Above-7,M
M,lebanon,lebanon,MiddleSchool,G-08,C,Spanish,S,Father,81,59,46,34,No,Good,Under-7,M
M,Jordan,Jordan,lowerlevel,G-02,A,French,S,Father,39,23,27,24,No,Bad,Above-7,L
F,Jordan,USA,lowerlevel,G-02,B,French,S,Mum,68,86,88,35,No,Bad,Above-7,M
F,Jordan,Jordan,MiddleSchool,G-06,A,English,F,Mum,87,93,69,82,No,Good,Under-7,H
M,KW,KuwaIT,MiddleSchool,G-07,B,IT,F,Father,7,3,7,9,No,Bad,Under-7,L
M,Jordan,Jordan,MiddleSchool,G-07,A,Biology,F,Mum,7,8,14,7,No,Bad,Above-7,L
M,KW,KuwaIT,lowerlevel,G-02,B,IT,F,Father,10,5,10,8,No,Bad,Above-7,L
M,KW,KuwaIT,lowerlevel,G-04,A,IT,F,Father,15,15,5,12,No,Bad,Above-7,L
F,Jordan,Jordan,MiddleSchool,G-06,A,English,F,Mum,97,85,88,88,No,Good,Under-7,H
M,KW,KuwaIT,MiddleSchool,G-07,B,IT,S,Mum,79,82,72,67,Yes,Bad,Under-7,H
M,KW,KuwaIT,lowerlevel,G-02,B,French,S,Father,81,73,27,59,Yes,Good,Under-7,H
F,Jordan,Jordan,MiddleSchool,G-06,A,English,S,Mum,94,91,71,71,No,Good,Under-7,H
M,KW,KuwaIT,MiddleSchool,G-07,A,English,F,Father,6,11,15,43,No,Bad,Above-7,L
M,KW,KuwaIT,MiddleSchool,G-08,C,Spanish,S,Mum,93,67,48,82,Yes,Bad,Under-7,H
M,Jordan,Jordan,MiddleSchool,G-06,A,English,F,Father,18,78,12,12,Yes,Good,Above-7,M
M,KW,KuwaIT,lowerlevel,G-02,B,IT,F,Father,11,9,6,61,Yes,Good,Above-7,L
F,Jordan,Jordan,MiddleSchool,G-08,A,History,F,Father,30,17,14,57,No,Bad,Above-7,L
F,KW,KuwaIT,lowerlevel,G-02,C,IT,F,Father,35,7,44,39,No,Bad,Above-7,L
M,Morocco,Morocco,MiddleSchool,G-08,A,Arabic,S,Mum,49,79,59,26,No,Bad,Under-7,M
M,Iraq,Iraq,MiddleSchool,G-07,B,Biology,F,Father,97,91,91,56,Yes,Good,Under-7,H
M,Iraq,Iraq,MiddleSchool,G-08,A,Chemistry,S,Father,81,85,69,63,Yes,Good,Under-7,H
M,Egypt,Egypt,lowerlevel,G-04,A,English,S,Mum,14,33,14,27,No,Good,Above-7,L
F,Jordan,Jordan,MiddleSchool,G-06,A,English,S,Mum,81,79,91,85,Yes,Good,Under-7,H
M,KW,KuwaIT,MiddleSchool,G-08,A,Arabic,S,Father,36,54,54,42,Yes,Good,Under-7,M
F,KW,KuwaIT,lowerlevel,G-02,C,IT,F,Mum,39,45,52,24,No,Good,Under-7,H
M,Jordan,SaudiArabia,lowerlevel,G-02,B,Arabic,S,Mum,24,1,19,17,No,Good,Above-7,L
M,KW,KuwaIT,MiddleSchool,G-08,A,Arabic,S,Father,14,20,8,22,Yes,Good,Under-7,M
M,SaudiArabia,USA,HighSchool,G-11,B,English,S,Father,56,78,15,35,No,Bad,Above-7,M
M,Egypt,Egypt,lowerlevel,G-02,B,French,F,Mum,5,13,6,6,No,Good,Above-7,L
F,Palestine,Jordan,lowerlevel,G-02,A,Arabic,F,Mum,80,85,36,29,No,Good,Under-7,H
M,KW,KuwaIT,MiddleSchool,G-07,B,Science,S,Father,14,15,16,21,No,Bad,Above-7,L
F,KW,KuwaIT,HighSchool,G-12,A,English,F,Father,22,40,39,25,No,Bad,Above-7,L
F,Jordan,Jordan,MiddleSchool,G-06,A,English,F,Mum,47,38,31,33,No,Bad,Under-7,M
F,Jordan,Jordan,lowerlevel,G-04,B,Science,S,Father,47,75,21,28,Yes,Bad,Under-7,M
M,KW,KuwaIT,lowerlevel,G-02,C,IT,F,Mum,3,3,5,18,No,Bad,Above-7,L
M,Tunis,Tunis,lowerlevel,G-02,B,French,S,Mum,74,97,56,19,Yes,Good,Under-7,H
F,Jordan,Jordan,lowerlevel,G-02,B,French,F,Mum,55,86,23,38,No,Good,Under-7,H
M,Jordan,Jordan,MiddleSchool,G-07,B,Science,S,Mum,81,64,69,80,No,Bad,Under-7,M
F,Iraq,Iraq,MiddleSchool,G-07,A,Biology,F,Mum,59,71,52,35,Yes,Good,Under-7,H
F,KW,KuwaIT,lowerlevel,G-02,B,IT,F,Father,8,27,22,19,No,Bad,Under-7,L
M,KW,KuwaIT,lowerlevel,G-02,C,IT,S,Father,0,3,10,3,No,Bad,Above-7,L
M,Egypt,Egypt,lowerlevel,G-02,B,French,S,Mum,14,6,10,6,No,Good,Above-7,L
M,Jordan,Jordan,MiddleSchool,G-07,A,Biology,F,Father,74,89,69,55,No,Good,Under-7,H
F,Palestine,Palestine,lowerlevel,G-04,A,Science,S,Mum,68,78,75,85,Yes,Good,Under-7,H
M,Jordan,Jordan,lowerlevel,G-02,B,French,F,Mum,30,98,42,21,Yes,Good,Under-7,H
M,Tunis,Tunis,MiddleSchool,G-07,A,Quran,F,Father,9,46,6,15,Yes,Bad,Above-7,L
M,Jordan,Jordan,MiddleSchool,G-08,A,Chemistry,F,Mum,84,70,29,19,Yes,Good,Above-7,M
M,KW,KuwaIT,MiddleSchool,G-08,B,Arabic,S,Mum,56,87,68,83,Yes,Bad,Under-7,H
M,KW,KuwaIT,lowerlevel,G-02,A,IT,F,Father,10,23,16,89,No,Bad,Above-7,L
F,KW,KuwaIT,HighSchool,G-09,A,IT,F,Father,55,36,26,71,No,Bad,Under-7,M
M,KW,KuwaIT,MiddleSchool,G-07,B,Science,S,Mum,50,63,53,56,Yes,Good,Above-7,M
F,Lybia,Lybia,MiddleSchool,G-07,B,Biology,F,Mum,10,9,2,1,No,Good,Above-7,L
M,Jordan,Jordan,MiddleSchool,G-08,A,Chemistry,F,Mum,80,80,62,11,Yes,Good,Above-7,M
M,Jordan,Jordan,lowerlevel,G-02,C,IT,F,Father,79,56,20,40,Yes,Good,Under-7,M
F,Jordan,Jordan,lowerlevel,G-04,A,Science,S,Mum,72,74,82,89,No,Good,Under-7,H
M,Jordan,Jordan,MiddleSchool,G-08,B,Arabic,S,Father,19,9,11,18,No,Bad,Above-7,L
M,Tunis,Tunis,MiddleSchool,G-08,C,Spanish,S,Mum,29,35,46,18,No,Bad,Under-7,M
F,Jordan,Jordan,lowerlevel,G-02,B,Arabic,S,Father,3,7,10,32,No,Bad,Above-7,L
M,KW,KuwaIT,MiddleSchool,G-07,B,Science,S,Father,6,7,10,2,No,Bad,Above-7,L
M,KW,KuwaIT,lowerlevel,G-02,B,IT,F,Father,9,12,28,82,Yes,Good,Above-7,L
M,Jordan,Jordan,MiddleSchool,G-06,A,English,F,Father,34,54,31,30,No,Bad,Above-7,M
M,Jordan,Jordan,MiddleSchool,G-06,A,English,F,Father,71,69,54,45,No,Bad,Under-7,M
F,Jordan,Jordan,MiddleSchool,G-06,A,English,S,Mum,81,88,58,55,No,Good,Under-7,H
M,KW,KuwaIT,MiddleSchool,G-07,A,IT,F,Father,36,42,23,74,No,Good,Under-7,M
F,KW,KuwaIT,MiddleSchool,G-06,A,Quran,S,Father,70,40,2,16,No,Bad,Above-7,L
M,KW,KuwaIT,MiddleSchool,G-07,B,Science,S,Father,59,76,4,4,No,Bad,Above-7,L
M,KW,KuwaIT,MiddleSchool,G-07,A,Quran,F,Father,21,45,8,60,No,Good,Above-7,L
M,KW,KuwaIT,MiddleSchool,G-07,A,IT,F,Father,32,37,16,72,No,Bad,Under-7,M
F,Jordan,lebanon,MiddleSchool,G-07,A,Quran,S,Mum,88,89,34,48,Yes,Bad,Under-7,H
M,KW,KuwaIT,lowerlevel,G-04,A,English,S,Father,72,87,23,70,Yes,Good,Under-7,H
M,lebanon,lebanon,lowerlevel,G-02,B,French,S,Mum,40,51,20,33,No,Bad,Under-7,M
M,Jordan,Jordan,lowerlevel,G-02,B,Arabic,S,Mum,20,77,31,88,Yes,Good,Under-7,M
M,Tunis,Tunis,HighSchool,G-11,B,Science,S,Father,70,50,33,40,No,Good,Under-7,M
F,Palestine,Palestine,lowerlevel,G-04,A,Science,S,Mum,69,85,79,82,Yes,Good,Under-7,H
M,KW,KuwaIT,MiddleSchool,G-07,A,Math,F,Father,5,3,16,11,Yes,Good,Above-7,L
M,KW,KuwaIT,MiddleSchool,G-08,C,Spanish,S,Father,32,68,46,29,No,Bad,Under-7,M
M,Palestine,Palestine,MiddleSchool,G-08,A,Geology,F,Father,77,88,43,49,Yes,Good,Under-7,M
F,KW,KuwaIT,lowerlevel,G-02,B,IT,F,Father,6,2,4,38,Yes,Good,Above-7,L
M,Iraq,Iraq,MiddleSchool,G-07,B,Biology,S,Father,72,91,48,39,Yes,Good,Under-7,H
M,Iraq,Iraq,lowerlevel,G-02,A,Arabic,S,Father,70,75,27,59,Yes,Good,Under-7,H
F,Jordan,Jordan,lowerlevel,G-04,A,Science,F,Father,49,36,32,44,No,Bad,Above-7,L
M,Palestine,Palestine,MiddleSchool,G-07,A,Biology,S,Father,88,91,88,82,Yes,Good,Under-7,H
F,Jordan,Jordan,MiddleSchool,G-07,A,Biology,S,Mum,38,52,50,15,Yes,Good,Above-7,M
F,Jordan,Jordan,MiddleSchool,G-08,A,Geology,F,Father,18,71,52,32,Yes,Good,Above-7,M
M,KW,KuwaIT,MiddleSchool,G-07,A,IT,F,Father,66,62,46,15,Yes,Good,Under-7,M
M,KW,KuwaIT,lowerlevel,G-04,A,IT,S,Father,74,82,71,50,No,Good,Above-7,M
F,KW,KuwaIT,MiddleSchool,G-06,A,Quran,S,Father,69,37,8,18,No,Bad,Above-7,L
F,KW,KuwaIT,lowerlevel,G-04,A,History,S,Father,77,89,54,49,No,Good,Under-7,M
F,KW,KuwaIT,lowerlevel,G-04,A,Science,S,Father,66,55,65,59,No,Bad,Under-7,M
M,Iran,Iran,MiddleSchool,G-08,A,Spanish,S,Mum,37,42,24,51,No,Bad,Above-7,M
M,KW,KuwaIT,MiddleSchool,G-07,B,IT,F,Father,19,19,25,40,Yes,Bad,Under-7,M
M,Jordan,Jordan,lowerlevel,G-02,A,Arabic,S,Father,58,92,65,62,Yes,Good,Above-7,M
M,Tunis,Tunis,MiddleSchool,G-08,C,Spanish,S,Mum,63,86,34,60,Yes,Good,Under-7,H
F,KW,KuwaIT,MiddleSchool,G-08,A,Arabic,S,Father,80,59,45,36,Yes,Good,Under-7,M
M,Palestine,Palestine,MiddleSchool,G-07,A,Biology,S,Father,94,66,48,93,Yes,Good,Under-7,H
M,KW,KuwaIT,MiddleSchool,G-08,A,Arabic,S,Mum,92,88,67,45,Yes,Good,Under-7,M
M,Palestine,Jordan,MiddleSchool,G-06,A,English,F,Mum,78,67,69,64,No,Good,Under-7,M
F,KW,KuwaIT,MiddleSchool,G-06,A,IT,S,Father,31,65,30,33,Yes,Bad,Under-7,M
M,KW,KuwaIT,lowerlevel,G-02,B,IT,F,Father,21,37,16,33,No,Bad,Under-7,L
M,Jordan,Jordan,lowerlevel,G-02,B,French,S,Father,45,88,27,53,Yes,Good,Under-7,M
F,KW,KuwaIT,MiddleSchool,G-07,A,IT,F,Father,5,9,3,21,No,Bad,Above-7,L
M,Jordan,Jordan,lowerlevel,G-02,B,French,S,Father,44,85,40,23,Yes,Good,Under-7,M
M,Iraq,Iraq,MiddleSchool,G-08,A,Chemistry,F,Father,92,87,82,79,Yes,Good,Under-7,H
M,Jordan,Jordan,MiddleSchool,G-07,A,Biology,F,Father,47,63,32,28,No,Good,Above-7,M
M,Jordan,Jordan,MiddleSchool,G-07,B,Science,S,Mum,41,85,43,45,No,Bad,Under-7,M
M,KW,KuwaIT,lowerlevel,G-02,B,IT,F,Father,44,39,4,7,No,Bad,Above-7,L
M,Iraq,Iraq,MiddleSchool,G-08,A,History,F,Father,74,85,52,67,Yes,Good,Above-7,M
F,Jordan,Jordan,lowerlevel,G-04,A,Science,F,Mum,84,88,57,63,No,Good,Under-7,H
F,lebanon,lebanon,lowerlevel,G-02,B,IT,F,Father,70,49,24,59,Yes,Good,Under-7,M
F,Jordan,Jordan,lowerlevel,G-02,A,French,S,Mum,65,77,54,40,Yes,Good,Under-7,H
F,Jordan,USA,lowerlevel,G-02,B,French,S,Mum,66,81,77,56,No,Bad,Above-7,M
F,Jordan,lebanon,lowerlevel,G-04,B,Science,S,Mum,72,84,89,89,Yes,Good,Under-7,H
M,Iraq,Iraq,lowerlevel,G-02,B,Arabic,F,Mum,76,76,28,46,Yes,Good,Under-7,H
F,Jordan,Jordan,lowerlevel,G-02,A,French,F,Mum,65,86,36,27,Yes,Good,Under-7,H
F,Jordan,Jordan,MiddleSchool,G-06,A,English,F,Mum,35,53,41,32,No,Bad,Under-7,M
F,Jordan,Jordan,MiddleSchool,G-08,A,Geology,F,Mum,67,62,36,41,Yes,Good,Under-7,H
M,KW,KuwaIT,MiddleSchool,G-07,A,IT,F,Father,48,72,19,30,No,Bad,Under-7,M
F,USA,USA,MiddleSchool,G-07,A,Math,F,Father,37,33,30,46,No,Good,Under-7,M
F,KW,KuwaIT,lowerlevel,G-02,B,IT,F,Father,55,70,8,74,No,Bad,Under-7,H
M,Jordan,SaudiArabia,MiddleSchool,G-08,A,Chemistry,S,Father,11,2,9,49,No,Bad,Above-7,L
M,Egypt,Egypt,MiddleSchool,G-07,B,Science,S,Mum,97,86,66,41,Yes,Good,Under-7,H
M,Jordan,Jordan,lowerlevel,G-02,B,French,F,Father,28,83,32,25,Yes,Good,Under-7,M
M,Jordan,Jordan,MiddleSchool,G-07,B,Biology,S,Father,63,68,23,39,No,Bad,Under-7,M
M,Jordan,Jordan,lowerlevel,G-02,A,French,F,Father,7,12,8,30,No,Bad,Above-7,L
F,KW,KuwaIT,lowerlevel,G-02,B,IT,F,Father,3,0,3,56,Yes,Good,Above-7,L
M,Syria,Syria,MiddleSchool,G-07,A,Quran,F,Father,12,31,19,31,Yes,Good,Above-7,M
M,Jordan,Jordan,MiddleSchool,G-06,A,English,S,Father,54,56,46,50,Yes,Bad,Above-7,M
F,KW,KuwaIT,MiddleSchool,G-06,A,Science,S,Father,92,95,79,82,Yes,Good,Under-7,H
M,KW,KuwaIT,lowerlevel,G-02,B,IT,F,Father,50,90,40,90,Yes,Bad,Under-7,M
M,Jordan,Jordan,MiddleSchool,G-08,A,Chemistry,S,Mum,44,68,48,32,Yes,Good,Above-7,M
F,Jordan,Jordan,lowerlevel,G-04,B,Science,S,Father,76,73,31,48,Yes,Bad,Under-7,M
M,Jordan,Jordan,MiddleSchool,G-07,A,IT,F,Father,39,40,11,33,No,Bad,Under-7,M
M,Palestine,Palestine,MiddleSchool,G-08,A,Geology,S,Father,78,60,61,41,Yes,Good,Under-7,M
M,KW,KuwaIT,lowerlevel,G-04,A,IT,F,Father,33,29,12,42,No,Bad,Above-7,M
M,Jordan,Jordan,MiddleSchool,G-06,A,English,S,Father,37,57,47,18,No,Bad,Under-7,H
M,Palestine,Jordan,lowerlevel,G-04,B,Science,S,Mum,88,74,46,31,Yes,Good,Above-7,M
M,Tunis,Tunis,MiddleSchool,G-08,C,Spanish,S,Father,52,70,52,32,No,Bad,Above-7,L
M,Jordan,Jordan,lowerlevel,G-02,B,Arabic,S,Father,13,16,44,62,Yes,Bad,Above-7,L
M,KW,KuwaIT,MiddleSchool,G-07,A,Math,F,Father,38,63,24,52,Yes,Good,Under-7,M
M,Iran,Iran,MiddleSchool,G-08,A,Spanish,S,Mum,51,42,12,29,No,Bad,Above-7,M
M,KW,KuwaIT,HighSchool,G-12,A,English,F,Father,8,3,6,13,No,Bad,Above-7,L
F,KW,KuwaIT,MiddleSchool,G-07,B,IT,F,Father,29,30,21,61,No,Bad,Under-7,M
M,KW,KuwaIT,MiddleSchool,G-07,A,IT,F,Father,35,50,8,57,No,Bad,Under-7,M
M,Jordan,Jordan,MiddleSchool,G-07,B,Biology,S,Father,38,58,20,26,No,Bad,Under-7,M
M,KW,KuwaIT,MiddleSchool,G-07,B,Science,F,Mum,8,13,7,22,Yes,Good,Above-7,L
M,KW,KuwaIT,lowerlevel,G-04,A,IT,F,Father,5,1,0,11,No,Bad,Above-7,L
M,Syria,Syria,lowerlevel,G-02,A,French,S,Father,28,26,30,58,No,Bad,Under-7,M
M,KW,KuwaIT,lowerlevel,G-04,A,IT,F,Father,13,46,17,24,Yes,Good,Under-7,M
M,Iraq,Iraq,lowerlevel,G-02,A,Arabic,S,Father,79,82,43,44,Yes,Good,Under-7,H
M,Jordan,Jordan,lowerlevel,G-02,B,French,S,Mum,59,79,75,30,Yes,Good,Above-7,M
M,KW,KuwaIT,MiddleSchool,G-07,B,IT,F,Father,4,3,4,41,No,Bad,Under-7,L
F,Jordan,Palestine,lowerlevel,G-02,A,French,F,Mum,73,76,65,75,Yes,Good,Under-7,M
M,lebanon,Jordan,MiddleSchool,G-08,A,Arabic,S,Mum,78,73,66,37,Yes,Good,Under-7,H
M,Jordan,Jordan,MiddleSchool,G-08,A,Chemistry,F,Mum,53,59,48,25,Yes,Good,Under-7,M
M,Tunis,Tunis,MiddleSchool,G-08,C,Spanish,S,Father,6,13,5,11,No,Bad,Above-7,L
F,Jordan,lebanon,lowerlevel,G-04,B,Science,F,Mum,67,77,65,76,Yes,Good,Under-7,H
M,KW,KuwaIT,lowerlevel,G-02,B,IT,F,Father,52,46,9,16,Yes,Good,Under-7,L
M,Jordan,Jordan,lowerlevel,G-02,B,Arabic,S,Father,12,20,49,71,Yes,Bad,Above-7,L
F,KW,KuwaIT,MiddleSchool,G-08,A,Arabic,S,Father,87,81,73,66,Yes,Good,Under-7,M
F,KW,USA,HighSchool,G-11,A,Quran,S,Mum,39,90,49,30,Yes,Good,Under-7,H
M,Palestine,Jordan,MiddleSchool,G-07,B,Biology,F,Father,89,88,79,82,Yes,Good,Under-7,H
F,USA,USA,lowerlevel,G-02,B,French,S,Mum,15,52,83,11,Yes,Bad,Under-7,M
M,KW,KuwaIT,lowerlevel,G-04,A,English,S,Father,58,85,37,60,Yes,Good,Under-7,H
M,KW,KuwaIT,MiddleSchool,G-07,B,Science,F,Father,7,8,5,45,No,Bad,Above-7,L
M,KW,KuwaIT,MiddleSchool,G-07,A,Math,F,Father,19,5,8,9,Yes,Bad,Under-7,L
M,Jordan,Jordan,lowerlevel,G-02,B,French,S,Mum,33,92,32,35,No,Bad,Under-7,M
F,KW,KuwaIT,MiddleSchool,G-07,B,IT,F,Father,43,46,47,88,No,Bad,Under-7,M
M,lebanon,Jordan,MiddleSchool,G-08,A,Arabic,S,Mum,75,79,22,62,Yes,Good,Under-7,H
F,Jordan,Jordan,lowerlevel,G-02,A,French,F,Mum,42,81,38,34,No,Good,Under-7,M
M,KW,KuwaIT,MiddleSchool,G-07,B,IT,F,Father,32,39,34,48,Yes,Bad,Under-7,M
F,Jordan,Jordan,lowerlevel,G-04,B,Science,F,Mum,54,80,68,68,Yes,Good,Under-7,H
M,KW,KuwaIT,MiddleSchool,G-07,B,Science,S,Mum,71,76,93,94,Yes,Bad,Under-7,H
M,Palestine,Jordan,lowerlevel,G-04,B,Science,S,Mum,78,61,65,85,Yes,Good,Above-7,M
F,Tunis,USA,HighSchool,G-11,B,French,S,Father,60,57,37,42,Yes,Good,Under-7,M
M,Jordan,Jordan,MiddleSchool,G-07,A,Biology,S,Father,76,79,55,61,Yes,Bad,Under-7,M
M,KW,KuwaIT,MiddleSchool,G-08,A,Arabic,S,Mum,66,78,44,70,Yes,Good,Under-7,H
F,KW,KuwaIT,lowerlevel,G-02,C,IT,F,Father,43,65,32,59,Yes,Good,Under-7,H
F,KW,KuwaIT,lowerlevel,G-02,C,IT,F,Mum,50,45,4,35,Yes,Good,Above-7,M
F,Iraq,Iraq,MiddleSchool,G-07,A,Biology,S,Mum,90,90,57,22,Yes,Good,Under-7,H
F,Lybia,Lybia,MiddleSchool,G-07,B,Biology,S,Mum,9,7,13,56,No,Good,Above-7,L
F,KW,KuwaIT,MiddleSchool,G-07,A,IT,F,Mum,36,20,32,48,Yes,Good,Under-7,M
M,Jordan,Jordan,lowerlevel,G-02,A,French,S,Father,28,12,30,5,No,Bad,Above-7,L
M,Palestine,Jordan,lowerlevel,G-02,A,Arabic,F,Father,88,93,33,48,Yes,Good,Under-7,H
M,Jordan,Jordan,MiddleSchool,G-06,A,English,S,Father,16,26,25,37,Yes,Good,Above-7,M
M,KW,KuwaIT,lowerlevel,G-02,C,IT,F,Mum,19,13,10,45,Yes,Good,Under-7,M
M,KW,KuwaIT,MiddleSchool,G-08,A,Arabic,S,Mum,71,81,74,30,Yes,Good,Under-7,M
M,KW,KuwaIT,MiddleSchool,G-07,B,Math,F,Father,26,35,29,21,Yes,Good,Under-7,M
F,Jordan,KuwaIT,MiddleSchool,G-08,C,Spanish,S,Father,77,68,35,31,Yes,Good,Under-7,M
M,KW,KuwaIT,MiddleSchool,G-08,B,Spanish,S,Father,39,41,42,77,Yes,Bad,Under-7,M
M,Jordan,Jordan,MiddleSchool,G-06,A,English,F,Father,49,73,15,35,No,Bad,Above-7,M
F,Jordan,Jordan,lowerlevel,G-02,B,French,S,Mum,72,80,68,63,No,Good,Under-7,H
F,KW,KuwaIT,HighSchool,G-09,A,IT,F,Father,30,35,28,90,Yes,Good,Under-7,M
F,USA,USA,MiddleSchool,G-07,A,Math,F,Father,43,56,27,40,No,Good,Under-7,M
F,Jordan,Jordan,lowerlevel,G-02,A,French,S,Mum,45,69,34,25,No,Good,Under-7,M
M,KW,KuwaIT,MiddleSchool,G-08,A,Arabic,S,Mum,84,80,79,66,Yes,Good,Under-7,H
F,SaudiArabia,USA,HighSchool,G-11,B,Science,S,Father,93,85,85,45,Yes,Bad,Under-7,H
F,SaudiArabia,USA,HighSchool,G-11,B,Science,S,Father,89,86,79,50,Yes,Bad,Under-7,H
M,KW,KuwaIT,lowerlevel,G-04,A,IT,F,Father,41,41,24,23,Yes,Good,Under-7,M
M,Lybia,Lybia,lowerlevel,G-02,A,French,F,Mum,13,17,7,3,No,Good,Above-7,L
M,KW,KuwaIT,lowerlevel,G-02,B,French,S,Mum,63,63,39,47,No,Good,Under-7,M
M,KW,KuwaIT,MiddleSchool,G-07,A,Math,F,Father,42,24,18,24,Yes,Good,Under-7,M
M,Jordan,Jordan,MiddleSchool,G-08,A,Chemistry,S,Mum,42,40,37,56,Yes,Good,Above-7,L
M,KW,KuwaIT,MiddleSchool,G-08,C,Spanish,S,Mum,96,84,74,89,Yes,Bad,Under-7,H
F,KW,KuwaIT,lowerlevel,G-04,A,Science,S,Father,63,76,75,82,No,Bad,Under-7,M
M,KW,KuwaIT,MiddleSchool,G-08,A,Science,F,Father,66,73,47,56,Yes,Good,Under-7,M
F,KW,KuwaIT,lowerlevel,G-02,B,IT,F,Father,70,87,67,56,Yes,Good,Above-7,M
M,Jordan,Jordan,lowerlevel,G-02,A,Arabic,S,Father,14,39,38,40,Yes,Good,Above-7,M
M,KW,KuwaIT,lowerlevel,G-02,B,IT,F,Father,21,46,36,11,No,Good,Above-7,L
F,KW,KuwaIT,lowerlevel,G-02,B,IT,F,Father,12,26,7,40,Yes,Good,Under-7,M
F,Jordan,Palestine,lowerlevel,G-02,A,French,S,Mum,77,83,69,68,Yes,Good,Under-7,M
M,Palestine,Jordan,MiddleSchool,G-07,B,Biology,F,Father,41,79,32,30,Yes,Good,Under-7,M
F,Palestine,Palestine,lowerlevel,G-04,A,Science,F,Mum,86,88,67,60,Yes,Good,Under-7,H
M,Palestine,Palestine,MiddleSchool,G-08,A,Geology,F,Father,80,87,74,68,Yes,Good,Under-7,M
F,KW,KuwaIT,lowerlevel,G-07,A,IT,F,Father,8,13,12,62,Yes,Good,Above-7,L
M,KW,KuwaIT,lowerlevel,G-02,C,IT,F,Father,8,12,13,28,Yes,Bad,Under-7,L
F,Jordan,Jordan,MiddleSchool,G-07,B,Biology,F,Mum,61,87,20,50,No,Good,Under-7,H
M,KW,KuwaIT,MiddleSchool,G-08,C,Spanish,S,Father,9,25,5,5,No,Bad,Above-7,L
M,Jordan,Jordan,lowerlevel,G-02,B,Arabic,F,Father,17,16,37,52,No,Bad,Above-7,L
M,KW,KuwaIT,lowerlevel,G-02,A,IT,S,Father,17,36,7,70,Yes,Good,Above-7,L
M,Jordan,Jordan,lowerlevel,G-02,A,French,F,Father,10,15,10,21,No,Bad,Above-7,L
F,SaudiArabia,SaudiArabia,lowerlevel,G-02,B,French,S,Father,58,77,70,66,Yes,Bad,Under-7,H
F,Iraq,Iraq,lowerlevel,G-02,B,French,F,Father,59,83,68,60,No,Good,Under-7,M
M,Syria,Syria,MiddleSchool,G-07,A,Quran,F,Father,17,72,30,45,Yes,Good,Above-7,M
M,Palestine,Jordan,MiddleSchool,G-08,A,History,F,Father,37,41,36,65,Yes,Good,Under-7,M
M,KW,KuwaIT,lowerlevel,G-02,C,IT,F,Mum,14,58,21,44,Yes,Good,Under-7,M
F,Iraq,Iraq,lowerlevel,G-02,B,French,F,Father,26,51,20,55,No,Good,Under-7,M
F,Palestine,Jordan,lowerlevel,G-02,A,French,F,Mum,44,54,10,20,No,Good,Under-7,M
M,Iraq,Iraq,MiddleSchool,G-06,A,English,S,Mum,67,66,50,51,No,Good,Under-7,H
F,Jordan,Jordan,MiddleSchool,G-06,A,English,F,Mum,73,66,41,28,No,Bad,Under-7,M
M,KW,KuwaIT,MiddleSchool,G-08,B,Arabic,S,Father,24,80,24,23,No,Bad,Under-7,M
M,KW,KuwaIT,MiddleSchool,G-08,A,Arabic,S,Mum,79,84,58,61,Yes,Good,Under-7,M
M,KW,KuwaIT,HighSchool,G-12,A,English,F,Father,22,5,7,22,No,Good,Above-7,L
F,lebanon,lebanon,MiddleSchool,G-08,A,Arabic,S,Father,21,24,29,49,No,Bad,Under-7,M
M,KW,KuwaIT,MiddleSchool,G-08,A,Arabic,S,Father,18,71,35,28,Yes,Good,Under-7,M
F,Jordan,Jordan,lowerlevel,G-04,A,Science,S,Father,42,24,12,24,No,Bad,Above-7,L
F,Jordan,Jordan,lowerlevel,G-02,A,Arabic,F,Father,10,18,16,76,No,Bad,Above-7,L
M,Tunis,Tunis,HighSchool,G-11,B,Science,S,Father,50,44,31,38,No,Good,Under-7,M
M,KW,KuwaIT,HighSchool,G-10,A,IT,F,Father,65,93,59,60,Yes,Good,Under-7,M
M,Jordan,Jordan,lowerlevel,G-04,A,Science,F,Father,17,3,11,4,No,Bad,Above-7,L
M,KW,KuwaIT,MiddleSchool,G-08,A,Spanish,S,Father,7,14,18,23,No,Bad,Above-7,L
F,Egypt,Egypt,MiddleSchool,G-07,A,Quran,S,Mum,70,80,95,70,Yes,Good,Under-7,H
F,Jordan,Jordan,MiddleSchool,G-08,A,Chemistry,F,Father,48,48,45,57,No,Bad,Above-7,L
F,Jordan,Jordan,lowerlevel,G-02,A,French,S,Mum,49,86,33,12,Yes,Good,Above-7,M
M,KW,KuwaIT,MiddleSchool,G-08,A,Arabic,S,Father,23,18,19,64,No,Bad,Under-7,L
F,Jordan,Jordan,MiddleSchool,G-06,A,English,F,Mum,87,92,39,49,No,Good,Under-7,H
M,KW,KuwaIT,MiddleSchool,G-08,B,Arabic,S,Father,81,60,16,20,Yes,Good,Under-7,M
M,KW,KuwaIT,lowerlevel,G-02,B,IT,F,Father,7,6,6,18,No,Bad,Above-7,L
F,KW,KuwaIT,MiddleSchool,G-08,A,Arabic,F,Father,30,90,33,35,No,Bad,Under-7,M
F,KW,KuwaIT,lowerlevel,G-02,B,IT,F,Father,5,11,8,26,No,Bad,Under-7,L
F,SaudiArabia,SaudiArabia,MiddleSchool,G-07,B,Science,F,Father,40,67,34,58,Yes,Good,Under-7,M
M,Jordan,Jordan,lowerlevel,G-02,A,Arabic,S,Father,43,24,30,48,No,Bad,Under-7,M
F,KW,KuwaIT,lowerlevel,G-02,C,IT,F,Mum,76,81,23,27,Yes,Good,Above-7,M
M,KW,KuwaIT,MiddleSchool,G-07,A,Math,F,Father,31,52,23,46,Yes,Good,Under-7,M
F,KW,KuwaIT,lowerlevel,G-04,A,History,S,Mum,22,21,44,28,Yes,Good,Above-7,M
F,USA,USA,lowerlevel,G-02,B,French,S,Mum,21,41,59,22,Yes,Bad,Under-7,M
M,Jordan,Jordan,MiddleSchool,G-07,A,Biology,S,Father,79,82,51,70,Yes,Bad,Under-7,M
F,Jordan,Jordan,lowerlevel,G-02,A,French,S,Mum,38,60,31,21,Yes,Good,Above-7,M
F,KW,KuwaIT,lowerlevel,G-04,A,History,S,Father,40,91,36,36,No,Good,Under-7,M
F,lebanon,lebanon,MiddleSchool,G-07,B,Math,F,Mum,57,75,24,23,Yes,Bad,Under-7,H
M,Lybia,Lybia,lowerlevel,G-02,B,French,S,Mum,13,6,17,16,No,Good,Above-7,L
M,Jordan,Jordan,MiddleSchool,G-07,A,IT,F,Father,12,11,1,27,Yes,Good,Above-7,L
M,KW,KuwaIT,lowerlevel,G-02,B,IT,F,Father,2,0,3,9,No,Bad,Above-7,L
M,KW,KuwaIT,MiddleSchool,G-07,A,Quran,S,Father,6,10,18,78,No,Bad,Above-7,L
M,Jordan,Jordan,lowerlevel,G-02,B,Arabic,F,Father,10,9,38,49,No,Bad,Above-7,L
M,Jordan,Jordan,lowerlevel,G-02,B,French,S,Father,22,15,5,40,No,Bad,Above-7,L
F,Jordan,Jordan,MiddleSchool,G-08,A,History,F,Father,54,73,43,87,Yes,Good,Under-7,M
M,KW,KuwaIT,HighSchool,G-12,A,English,F,Father,17,14,9,41,No,Good,Above-7,L
M,Tunis,Tunis,MiddleSchool,G-07,A,Quran,S,Father,22,52,40,20,No,Bad,Above-7,L
F,KW,KuwaIT,MiddleSchool,G-06,A,IT,S,Father,50,74,35,61,Yes,Bad,Under-7,M
F,USA,USA,HighSchool,G-12,A,English,F,Mum,60,72,30,73,Yes,Good,Under-7,H
M,KW,KuwaIT,MiddleSchool,G-08,A,Arabic,S,Father,35,55,46,39,Yes,Good,Under-7,M
M,KW,KuwaIT,MiddleSchool,G-07,B,IT,F,Father,19,35,40,58,Yes,Bad,Under-7,M
F,KW,KuwaIT,lowerlevel,G-04,A,Science,S,Father,69,76,82,94,No,Bad,Under-7,M
M,Jordan,Palestine,MiddleSchool,G-07,A,Biology,S,Mum,78,85,64,68,Yes,Good,Under-7,H
F,KW,KuwaIT,MiddleSchool,G-07,A,IT,F,Mum,50,28,17,79,Yes,Good,Under-7,M
M,KW,KuwaIT,lowerlevel,G-02,B,IT,F,Father,9,27,5,37,Yes,Good,Above-7,L
F,Iraq,Iraq,MiddleSchool,G-07,A,Biology,F,Mum,86,97,49,24,Yes,Good,Under-7,H
M,KW,KuwaIT,HighSchool,G-10,A,IT,F,Father,50,70,32,40,Yes,Good,Under-7,M
M,KW,KuwaIT,MiddleSchool,G-07,B,Science,S,Mum,72,80,98,96,Yes,Bad,Under-7,H
M,Jordan,Jordan,lowerlevel,G-02,B,Arabic,F,Mum,51,65,6,64,Yes,Good,Under-7,M
F,KW,KuwaIT,MiddleSchool,G-07,A,English,F,Father,31,43,36,17,Yes,Bad,Above-7,M
F,lebanon,lebanon,MiddleSchool,G-08,A,Arabic,S,Father,26,21,33,44,No,Bad,Under-7,M
M,KW,KuwaIT,MiddleSchool,G-08,C,Spanish,S,Father,38,50,24,49,No,Bad,Under-7,M
M,Jordan,USA,MiddleSchool,G-07,A,Quran,F,Mum,76,56,65,53,No,Bad,Under-7,M
F,Jordan,Jordan,lowerlevel,G-02,B,French,S,Mum,22,70,28,23,Yes,Good,Under-7,M
F,KW,KuwaIT,HighSchool,G-09,A,IT,F,Father,63,54,42,55,No,Bad,Under-7,M
M,KW,KuwaIT,MiddleSchool,G-07,A,IT,F,Father,26,43,21,61,No,Bad,Under-7,M
M,KW,KuwaIT,MiddleSchool,G-07,B,Science,S,Mum,37,46,38,43,Yes,Good,Above-7,M
F,lebanon,lebanon,MiddleSchool,G-06,A,English,F,Mum,89,93,56,83,Yes,Good,Under-7,H
M,Jordan,Jordan,MiddleSchool,G-07,A,IT,F,Father,22,30,10,12,Yes,Good,Above-7,L
M,KW,KuwaIT,MiddleSchool,G-08,C,Spanish,S,Father,69,81,38,84,No,Bad,Under-7,M
F,KW,KuwaIT,HighSchool,G-12,A,English,F,Mum,92,72,76,75,Yes,Good,Under-7,H
M,Palestine,Jordan,lowerlevel,G-02,A,Arabic,S,Father,81,90,67,70,Yes,Good,Under-7,H
M,KW,KuwaIT,MiddleSchool,G-08,A,Spanish,S,Father,16,6,6,16,Yes,Good,Under-7,L
M,Jordan,Jordan,lowerlevel,G-02,B,French,F,Mum,77,86,77,69,Yes,Good,Under-7,H
M,Iraq,Iraq,lowerlevel,G-04,A,Science,F,Father,80,83,50,71,Yes,Good,Above-7,M
F,Palestine,Palestine,lowerlevel,G-04,A,Science,F,Mum,86,81,69,62,Yes,Good,Under-7,H
M,SaudiArabia,SaudiArabia,lowerlevel,G-02,B,IT,F,Father,31,46,18,69,Yes,Good,Under-7,H
F,KW,KuwaIT,HighSchool,G-12,A,English,F,Mum,70,4,39,90,Yes,Good,Under-7,H
M,Palestine,Jordan,MiddleSchool,G-07,B,Biology,S,Father,41,63,34,57,Yes,Good,Under-7,M
F,Jordan,Jordan,MiddleSchool,G-08,A,Chemistry,F,Father,15,9,14,80,No,Bad,Above-7,L
F,Jordan,Jordan,MiddleSchool,G-07,A,Quran,S,Father,72,71,50,23,No,Bad,Under-7,M
F,KW,KuwaIT,MiddleSchool,G-06,A,Math,S,Father,71,42,69,80,No,Bad,Above-7,M
M,KW,KuwaIT,lowerlevel,G-02,B,IT,F,Father,9,36,5,24,No,Bad,Above-7,L
F,Jordan,Jordan,MiddleSchool,G-08,A,Chemistry,S,Mum,89,96,45,92,Yes,Good,Under-7,H
M,KW,KuwaIT,MiddleSchool,G-08,C,Spanish,S,Mum,93,64,51,90,Yes,Bad,Under-7,H
M,Iraq,Iraq,MiddleSchool,G-07,B,Biology,F,Father,98,90,86,71,Yes,Good,Under-7,H
F,Jordan,Egypt,MiddleSchool,G-07,A,Quran,F,Mum,91,78,82,75,No,Bad,Under-7,H
F,Palestine,Jordan,lowerlevel,G-02,A,French,S,Mum,69,81,20,29,No,Good,Under-7,M
F,Iraq,Iraq,MiddleSchool,G-07,A,Biology,F,Mum,68,97,46,51,Yes,Good,Under-7,H
M,Palestine,Jordan,MiddleSchool,G-06,A,English,F,Mum,68,60,71,54,Yes,Good,Under-7,H
F,Jordan,Jordan,lowerlevel,G-04,A,Science,S,Mum,75,78,81,86,No,Good,Under-7,H
M,Jordan,Jordan,lowerlevel,G-04,B,Science,F,Father,42,54,44,24,No,Good,Above-7,M
M,KW,KuwaIT,MiddleSchool,G-07,B,IT,S,Mum,60,90,51,81,Yes,Bad,Under-7,H
M,Egypt,Egypt,MiddleSchool,G-07,B,Science,S,Mum,84,86,75,75,Yes,Good,Under-7,H
M,SaudiArabia,USA,HighSchool,G-11,A,Science,S,Father,23,63,71,89,Yes,Good,Under-7,M
F,Jordan,Jordan,MiddleSchool,G-08,A,Chemistry,F,Father,13,7,14,70,No,Bad,Above-7,L
M,Jordan,Jordan,MiddleSchool,G-07,A,IT,F,Father,12,20,7,8,Yes,Good,Above-7,L
F,lebanon,lebanon,lowerlevel,G-02,B,IT,F,Father,70,95,9,10,Yes,Good,Under-7,M
F,Iraq,Iraq,lowerlevel,G-02,B,Arabic,S,Mum,85,96,49,20,Yes,Good,Under-7,H
M,Jordan,Jordan,lowerlevel,G-04,B,Science,S,Mum,57,82,76,39,Yes,Good,Under-7,H
M,USA,USA,lowerlevel,G-02,B,IT,F,Father,34,94,29,17,Yes,Good,Under-7,H
F,KW,KuwaIT,MiddleSchool,G-06,A,Math,S,Father,49,38,46,92,No,Bad,Above-7,M
M,Jordan,Jordan,MiddleSchool,G-06,A,English,F,Father,66,65,62,62,No,Bad,Above-7,M
F,Iraq,Iraq,lowerlevel,G-02,B,Arabic,F,Mum,90,89,55,45,Yes,Good,Under-7,H
F,Jordan,Jordan,MiddleSchool,G-06,A,English,F,Mum,34,64,64,75,No,Bad,Under-7,M
F,Jordan,Jordan,lowerlevel,G-04,A,Science,F,Mum,96,88,83,82,No,Good,Under-7,H
F,Jordan,Jordan,lowerlevel,G-02,B,French,S,Mum,75,85,25,66,No,Bad,Under-7,H
F,Morocco,Morocco,lowerlevel,G-02,B,French,S,Mum,83,74,68,54,Yes,Good,Under-7,H
F,Jordan,Jordan,MiddleSchool,G-07,B,Science,S,Mum,32,80,58,46,Yes,Good,Above-7,M
M,KW,KuwaIT,MiddleSchool,G-07,A,Math,F,Father,6,4,5,10,Yes,Good,Above-7,L
M,KW,KuwaIT,lowerlevel,G-05,A,English,F,Father,44,57,2,13,No,Bad,Above-7,L
M,KW,KuwaIT,MiddleSchool,G-08,A,Spanish,S,Father,12,42,37,10,No,Bad,Above-7,L
M,Jordan,Jordan,lowerlevel,G-04,A,Science,S,Father,4,13,12,58,No,Bad,Above-7,L
M,lebanon,lebanon,MiddleSchool,G-08,C,Spanish,S,Father,89,67,64,47,No,Good,Under-7,M
F,Jordan,USA,lowerlevel,G-02,B,French,S,Mum,61,71,59,71,No,Bad,Above-7,M
M,Jordan,Jordan,lowerlevel,G-04,B,Science,F,Mum,68,15,46,88,Yes,Good,Under-7,H
F,Lybia,Lybia,MiddleSchool,G-07,B,Biology,S,Mum,9,7,9,3,No,Good,Above-7,L
F,Jordan,KuwaIT,MiddleSchool,G-08,C,Spanish,S,Father,71,90,48,12,Yes,Good,Under-7,M
M,KW,KuwaIT,MiddleSchool,G-07,B,Science,S,Mum,27,74,39,39,Yes,Good,Above-7,M
F,Iraq,Iraq,MiddleSchool,G-07,A,Biology,F,Mum,85,97,50,21,Yes,Good,Under-7,H
F,Jordan,Jordan,MiddleSchool,G-06,A,English,F,Mum,87,94,58,59,No,Good,Under-7,H
F,Jordan,Jordan,MiddleSchool,G-08,A,Chemistry,S,Mum,88,73,33,36,Yes,Good,Under-7,H
M,KW,KuwaIT,MiddleSchool,G-07,A,Math,F,Father,27,18,6,17,Yes,Good,Above-7,L
F,KW,KuwaIT,lowerlevel,G-02,C,IT,F,Mum,45,50,56,39,No,Good,Under-7,H
M,USA,USA,lowerlevel,G-02,B,IT,F,Father,55,89,40,40,Yes,Good,Under-7,H
M,KW,KuwaIT,MiddleSchool,G-07,A,Math,F,Father,55,13,35,90,No,Bad,Above-7,M
M,KW,KuwaIT,lowerlevel,G-02,C,IT,F,Father,63,65,18,67,No,Bad,Under-7,M
M,Jordan,Jordan,lowerlevel,G-02,B,French,S,Father,21,36,11,43,No,Bad,Above-7,L
F,Jordan,Jordan,lowerlevel,G-02,B,Arabic,S,Father,11,11,26,79,No,Bad,Above-7,L
M,KW,KuwaIT,MiddleSchool,G-08,B,Spanish,S,Mum,81,93,22,37,Yes,Bad,Under-7,H
F,Jordan,Jordan,MiddleSchool,G-06,A,English,S,Mum,77,83,88,87,Yes,Good,Under-7,H
M,KW,KuwaIT,MiddleSchool,G-07,A,Quran,S,Father,80,91,69,69,Yes,Good,Under-7,H
M,KW,KuwaIT,lowerlevel,G-02,C,IT,F,Father,57,54,42,62,No,Good,Under-7,M
M,Palestine,Jordan,MiddleSchool,G-08,A,History,F,Father,73,90,83,51,Yes,Good,Under-7,M
M,KW,KuwaIT,MiddleSchool,G-08,B,Spanish,S,Father,30,33,42,48,Yes,Bad,Under-7,M
F,Jordan,Jordan,lowerlevel,G-02,B,French,F,Mum,17,70,38,20,Yes,Good,Under-7,M
M,Jordan,Jordan,lowerlevel,G-02,A,Arabic,S,Father,35,2,29,23,No,Bad,Under-7,M
F,Jordan,Jordan,MiddleSchool,G-08,A,Geology,F,Mum,90,81,78,71,Yes,Good,Under-7,H
F,USA,USA,HighSchool,G-12,A,English,F,Mum,73,78,59,84,Yes,Good,Under-7,H
M,Palestine,Jordan,MiddleSchool,G-07,B,Biology,S,Father,98,92,85,86,Yes,Good,Under-7,H
M,KW,KuwaIT,HighSchool,G-09,A,IT,F,Father,17,84,32,28,Yes,Good,Under-7,M
F,Jordan,Jordan,lowerlevel,G-04,B,Science,F,Mum,56,82,54,39,Yes,Good,Under-7,H
F,KW,KuwaIT,MiddleSchool,G-07,B,Science,S,Mum,72,80,58,66,Yes,Good,Above-7,M
F,Jordan,Jordan,MiddleSchool,G-08,A,Chemistry,F,Mum,61,98,32,59,Yes,Good,Under-7,H
F,KW,KuwaIT,lowerlevel,G-02,B,IT,F,Father,8,17,16,79,No,Bad,Under-7,L
M,KW,KuwaIT,lowerlevel,G-04,A,Arabic,S,Father,25,19,11,40,No,Bad,Above-7,L
F,Jordan,Jordan,lowerlevel,G-02,B,French,F,Mum,26,96,19,14,No,Good,Under-7,H
F,Jordan,lebanon,lowerlevel,G-04,B,Science,S,Mum,80,77,74,90,Yes,Good,Under-7,H
F,Jordan,Jordan,MiddleSchool,G-08,A,Chemistry,F,Mum,52,65,50,51,Yes,Good,Under-7,H
F,Jordan,Jordan,MiddleSchool,G-06,A,English,F,Mum,82,82,53,56,No,Good,Under-7,H
M,Jordan,Jordan,MiddleSchool,G-08,A,Geology,F,Mum,49,87,46,23,Yes,Good,Under-7,M
F,Jordan,Jordan,lowerlevel,G-04,B,Science,S,Mum,16,62,17,28,No,Bad,Under-7,M
M,KW,KuwaIT,MiddleSchool,G-08,A,Spanish,S,Father,8,19,21,47,No,Bad,Above-7,L
F,KW,KuwaIT,MiddleSchool,G-07,A,IT,F,Mum,60,15,28,81,Yes,Good,Under-7,M
M,KW,KuwaIT,lowerlevel,G-02,A,IT,F,Father,9,23,3,60,No,Bad,Above-7,L
F,Jordan,Jordan,MiddleSchool,G-08,A,Geology,S,Mum,70,84,42,37,Yes,Good,Under-7,H
M,Jordan,Jordan,lowerlevel,G-02,A,French,F,Mum,92,79,56,63,Yes,Good,Under-7,H
F,KW,KuwaIT,HighSchool,G-12,A,English,F,Father,33,21,28,40,No,Bad,Above-7,M
F,Jordan,Jordan,MiddleSchool,G-08,A,Chemistry,F,Father,2,6,8,18,No,Bad,Above-7,L
F,Jordan,lebanon,MiddleSchool,G-07,A,Quran,S,Mum,100,75,50,70,Yes,Bad,Under-7,H
M,Jordan,Jordan,lowerlevel,G-02,A,Arabic,F,Father,16,18,44,15,No,Bad,Under-7,M
M,Iraq,Iraq,MiddleSchool,G-06,A,English,F,Mum,81,80,70,59,No,Good,Under-7,H
M,Jordan,Jordan,lowerlevel,G-02,B,Arabic,F,Father,9,26,35,40,No,Bad,Above-7,L
M,KW,KuwaIT,lowerlevel,G-04,A,IT,F,Father,9,6,10,67,No,Bad,Above-7,L
M,Palestine,Jordan,MiddleSchool,G-07,B,Biology,S,Father,83,94,57,33,Yes,Good,Under-7,H
F,Jordan,Jordan,MiddleSchool,G-06,A,English,F,Mum,75,79,68,26,No,Bad,Under-7,M
F,Jordan,KuwaIT,MiddleSchool,G-08,C,Spanish,S,Father,86,87,46,12,Yes,Good,Under-7,M
M,Jordan,Jordan,lowerlevel,G-02,B,French,S,Father,16,22,27,84,No,Bad,Above-7,L
F,Jordan,Jordan,lowerlevel,G-02,B,French,F,Mum,38,83,41,49,No,Good,Under-7,H
M,KW,KuwaIT,MiddleSchool,G-07,B,IT,S,Mum,70,94,76,82,Yes,Bad,Under-7,H
M,Egypt,Egypt,lowerlevel,G-04,A,Math,S,Mum,59,93,33,13,No,Bad,Above-7,M
M,Jordan,USA,MiddleSchool,G-07,A,Quran,F,Mum,87,88,74,67,No,Bad,Under-7,M
M,KW,KuwaIT,MiddleSchool,G-07,B,Science,S,Father,71,79,59,67,Yes,Good,Above-7,M
M,KW,KuwaIT,lowerlevel,G-02,B,IT,F,Father,61,77,32,21,Yes,Good,Above-7,H
F,KW,KuwaIT,lowerlevel,G-04,A,History,S,Father,77,94,64,72,Yes,Good,Under-7,M
M,KW,KuwaIT,lowerlevel,G-02,B,IT,F,Father,90,70,30,14,No,Bad,Under-7,M
F,Palestine,Palestine,lowerlevel,G-04,A,Science,F,Mum,60,88,50,47,Yes,Good,Under-7,H
M,Jordan,SaudiArabia,MiddleSchool,G-08,C,Spanish,S,Mum,29,94,64,20,Yes,Good,Under-7,H
M,KW,KuwaIT,lowerlevel,G-04,A,History,S,Father,19,40,31,23,Yes,Bad,Above-7,M
F,KW,KuwaIT,lowerlevel,G-02,B,IT,F,Father,100,79,23,74,No,Bad,Under-7,H
M,KW,KuwaIT,MiddleSchool,G-08,A,Arabic,F,Father,14,8,15,75,No,Bad,Above-7,L
F,Jordan,Jordan,MiddleSchool,G-07,B,Science,S,Mum,36,80,53,42,Yes,Good,Above-7,M
F,KW,KuwaIT,HighSchool,G-12,A,English,F,Father,17,8,11,24,No,Bad,Above-7,L
M,Jordan,Jordan,MiddleSchool,G-08,A,Chemistry,S,Mum,39,45,61,22,Yes,Good,Above-7,M
M,KW,KuwaIT,lowerlevel,G-02,B,IT,F,Father,22,30,7,3,Yes,Good,Under-7,L
M,Jordan,Jordan,lowerlevel,G-02,A,French,F,Father,14,40,31,15,No,Bad,Above-7,L
M,KW,KuwaIT,HighSchool,G-12,A,English,F,Father,39,15,16,50,No,Good,Above-7,L
F,KW,KuwaIT,HighSchool,G-09,A,IT,F,Father,25,33,33,62,Yes,Good,Under-7,M
F,Palestine,Jordan,lowerlevel,G-02,B,French,F,Father,87,86,36,10,No,Good,Under-7,M
M,Egypt,Egypt,MiddleSchool,G-07,B,Science,S,Father,29,37,54,42,Yes,Good,Under-7,M
F,KW,KuwaIT,MiddleSchool,G-08,A,Math,F,Mum,37,76,30,44,No,Bad,Above-7,H
F,KW,USA,HighSchool,G-11,A,Quran,S,Mum,71,82,40,82,Yes,Good,Under-7,H
M,Jordan,Jordan,MiddleSchool,G-08,A,History,S,Mum,70,76,65,70,Yes,Good,Above-7,M
M,KW,KuwaIT,HighSchool,G-10,A,IT,F,Father,29,26,28,11,Yes,Bad,Under-7,M
M,Jordan,Jordan,lowerlevel,G-02,B,Arabic,F,Mum,26,74,42,78,Yes,Good,Under-7,M
M,KW,KuwaIT,MiddleSchool,G-07,B,IT,F,Father,31,20,27,65,No,Bad,Above-7,M
M,KW,KuwaIT,MiddleSchool,G-07,A,Quran,F,Father,16,10,17,45,No,Good,Above-7,L
F,Palestine,Palestine,lowerlevel,G-04,A,Science,S,Mum,67,65,72,76,Yes,Good,Under-7,H
M,KW,KuwaIT,HighSchool,G-11,B,Math,S,Mum,39,94,46,33,Yes,Good,Above-7,H
F,Jordan,Jordan,MiddleSchool,G-06,A,English,F,Mum,97,93,80,77,No,Good,Under-7,H
M,Jordan,SaudiArabia,MiddleSchool,G-08,C,Spanish,S,Mum,71,89,67,25,Yes,Good,Under-7,H
M,SaudiArabia,USA,HighSchool,G-11,B,English,S,Father,70,60,53,56,No,Bad,Above-7,M
M,Palestine,Jordan,MiddleSchool,G-08,A,History,S,Father,65,93,81,62,Yes,Good,Under-7,M
M,KW,KuwaIT,lowerlevel,G-02,B,IT,F,Father,10,24,21,25,No,Bad,Above-7,L
M,KW,KuwaIT,lowerlevel,G-02,C,IT,F,Mum,21,12,0,50,Yes,Good,Under-7,M
M,KW,KuwaIT,lowerlevel,G-02,B,IT,F,Father,43,48,7,27,Yes,Good,Under-7,L
M,lebanon,lebanon,lowerlevel,G-02,B,French,S,Mum,56,62,36,46,No,Bad,Under-7,M
M,Morocco,Morocco,MiddleSchool,G-08,B,Arabic,S,Father,54,63,17,20,No,Bad,Above-7,L
M,Palestine,Palestine,MiddleSchool,G-07,A,Biology,F,Father,97,79,61,73,Yes,Good,Under-7,H
M,KW,KuwaIT,MiddleSchool,G-07,A,Quran,S,Father,80,80,15,70,Yes,Good,Under-7,H
M,Jordan,Jordan,MiddleSchool,G-07,A,Biology,S,Mum,7,7,21,12,No,Bad,Above-7,L
M,Iraq,Iraq,lowerlevel,G-02,A,Arabic,F,Father,80,92,32,32,Yes,Good,Under-7,H
M,Jordan,Jordan,MiddleSchool,G-08,A,Geology,S,Mum,53,81,25,29,Yes,Good,Under-7,M
F,lebanon,lebanon,MiddleSchool,G-07,A,Quran,S,Mum,97,88,47,54,Yes,Good,Under-7,H
M,Jordan,Jordan,MiddleSchool,G-07,A,Biology,F,Father,61,53,22,37,Yes,Bad,Under-7,M
M,Morocco,Morocco,MiddleSchool,G-08,A,Arabic,S,Mum,61,79,76,32,No,Bad,Under-7,M
M,KW,KuwaIT,lowerlevel,G-04,A,Arabic,S,Father,30,42,28,28,No,Bad,Above-7,L
F,Jordan,Jordan,lowerlevel,G-02,B,French,F,Mum,28,83,38,41,No,Good,Under-7,H
F,Palestine,Jordan,lowerlevel,G-02,A,Arabic,S,Mum,92,92,77,71,No,Good,Under-7,H
M,Palestine,Jordan,lowerlevel,G-02,A,Arabic,F,Father,93,96,61,64,Yes,Good,Under-7,H
M,Egypt,Egypt,lowerlevel,G-04,A,English,S,Mum,19,74,32,17,No,Good,Above-7,L
M,Iraq,Iraq,lowerlevel,G-02,B,Arabic,F,Mum,73,82,62,67,Yes,Good,Under-7,H
M,KW,KuwaIT,lowerlevel,G-05,A,English,F,Father,7,12,8,25,No,Bad,Above-7,L
F,KW,KuwaIT,lowerlevel,G-02,B,IT,F,Father,66,90,55,12,Yes,Good,Above-7,M
M,Jordan,Jordan,lowerlevel,G-04,B,Science,S,Mum,37,92,43,30,Yes,Good,Under-7,H
M,Lybia,Lybia,lowerlevel,G-02,B,French,F,Mum,20,8,11,3,No,Good,Above-7,L
M,SaudiArabia,USA,HighSchool,G-11,B,English,S,Father,51,68,36,41,No,Bad,Above-7,M
M,Palestine,Jordan,lowerlevel,G-02,A,Arabic,S,Father,79,87,58,50,Yes,Good,Under-7,H
M,Iraq,Iraq,lowerlevel,G-02,B,Arabic,S,Mum,86,89,62,62,Yes,Good,Under-7,H
M,KW,KuwaIT,lowerlevel,G-02,C,IT,F,Father,13,11,11,42,No,Bad,Under-7,L
M,KW,KuwaIT,MiddleSchool,G-07,A,Math,F,Father,5,11,7,24,Yes,Bad,Under-7,L
M,KW,KuwaIT,MiddleSchool,G-08,C,Spanish,S,Father,54,51,45,33,Yes,Good,Under-7,M
M,lebanon,lebanon,MiddleSchool,G-08,A,Math,F,Father,11,9,10,11,No,Bad,Above-7,L
M,KW,KuwaIT,MiddleSchool,G-07,B,IT,S,Mum,76,92,59,66,Yes,Bad,Under-7,H
M,Jordan,Jordan,lowerlevel,G-02,A,Arabic,S,Father,13,24,39,45,Yes,Good,Above-7,M
F,Jordan,Jordan,MiddleSchool,G-07,B,Biology,S,Mum,75,91,31,37,No,Good,Under-7,H
F,lebanon,lebanon,MiddleSchool,G-08,A,Arabic,S,Father,33,16,33,61,No,Bad,Under-7,M
F,Jordan,Jordan,lowerlevel,G-02,A,French,F,Mum,60,97,13,3,Yes,Good,Under-7,H
F,Syria,Syria,MiddleSchool,G-07,A,Biology,F,Mum,93,74,77,64,Yes,Good,Under-7,H
M,KW,KuwaIT,MiddleSchool,G-08,A,Arabic,F,Father,29,14,7,27,No,Bad,Above-7,L
F,lebanon,lebanon,MiddleSchool,G-06,A,English,F,Mum,95,82,82,70,Yes,Good,Under-7,H
F,Palestine,Jordan,lowerlevel,G-02,A,Arabic,F,Mum,91,84,45,47,No,Good,Under-7,H
F,Jordan,Jordan,MiddleSchool,G-08,A,Chemistry,F,Father,85,89,50,29,Yes,Good,Under-7,H
M,KW,KuwaIT,MiddleSchool,G-07,B,Science,F,Mum,42,44,37,31,Yes,Good,Above-7,L
F,Iraq,Iraq,lowerlevel,G-02,B,Arabic,S,Mum,80,94,26,26,Yes,Good,Under-7,H
M,KW,KuwaIT,MiddleSchool,G-07,B,IT,F,Father,14,8,12,69,No,Bad,Under-7,L
M,Iran,Iran,HighSchool,G-09,A,IT,F,Mum,43,82,25,28,Yes,Good,Under-7,M
M,Jordan,Jordan,MiddleSchool,G-08,A,Chemistry,S,Mum,70,82,60,23,Yes,Good,Above-7,M
M,lebanon,lebanon,MiddleSchool,G-08,A,Math,F,Father,14,15,11,20,No,Bad,Above-7,L
M,KW,KuwaIT,lowerlevel,G-02,C,IT,F,Mum,10,2,3,13,No,Bad,Above-7,L
M,Iraq,Iraq,MiddleSchool,G-08,A,Chemistry,S,Father,65,92,82,39,Yes,Good,Under-7,H
M,Jordan,Jordan,MiddleSchool,G-07,A,Biology,F,Mum,10,7,11,6,No,Bad,Above-7,L
M,Jordan,Jordan,lowerlevel,G-02,A,Arabic,F,Father,39,84,41,44,Yes,Good,Above-7,M
M,Jordan,Jordan,lowerlevel,G-04,A,Science,F,Father,18,17,26,34,No,Good,Above-7,M
M,Jordan,Jordan,MiddleSchool,G-08,A,Chemistry,S,Mum,59,81,65,30,Yes,Good,Under-7,M
M,KW,KuwaIT,lowerlevel,G-04,A,History,S,Father,29,85,30,23,Yes,Bad,Above-7,M
M,KW,KuwaIT,MiddleSchool,G-08,C,Spanish,S,Mum,91,68,48,83,Yes,Bad,Under-7,H
F,Jordan,Jordan,lowerlevel,G-04,B,Science,F,Father,24,55,32,40,Yes,Bad,Under-7,M
F,Jordan,Jordan,lowerlevel,G-02,B,French,S,Mum,40,89,21,33,No,Good,Under-7,H
M,Egypt,KuwaIT,MiddleSchool,G-07,B,Science,S,Father,27,35,51,58,No,Bad,Above-7,M
M,Jordan,Jordan,lowerlevel,G-02,B,French,S,Mum,46,88,41,45,No,Bad,Under-7,M
M,Tunis,Tunis,MiddleSchool,G-08,C,Spanish,S,Father,10,42,19,18,No,Bad,Above-7,L
M,Jordan,Jordan,MiddleSchool,G-08,A,Chemistry,F,Mum,81,84,35,15,Yes,Good,Under-7,M
M,KW,KuwaIT,lowerlevel,G-04,A,IT,F,Father,21,26,35,21,No,Bad,Above-7,M
F,KW,KuwaIT,HighSchool,G-12,A,English,F,Father,16,20,32,18,No,Bad,Under-7,M
F,Palestine,Jordan,lowerlevel,G-02,A,Arabic,S,Mum,72,81,81,57,No,Good,Under-7,H
M,Jordan,Jordan,MiddleSchool,G-07,A,Biology,S,Father,79,92,65,67,No,Good,Under-7,H
F,Palestine,Palestine,lowerlevel,G-04,A,Science,S,Mum,67,73,76,85,Yes,Good,Under-7,H
M,Jordan,Jordan,lowerlevel,G-02,B,Arabic,F,Mum,20,90,50,61,Yes,Bad,Above-7,M
F,KW,KuwaIT,HighSchool,G-12,A,English,F,Mum,61,86,67,79,Yes,Good,Under-7,H
M,Palestine,Jordan,MiddleSchool,G-08,A,History,F,Father,65,48,49,44,Yes,Good,Under-7,M
F,KW,KuwaIT,MiddleSchool,G-07,B,Science,S,Father,48,57,25,63,Yes,Good,Under-7,M
M,KW,KuwaIT,lowerlevel,G-02,C,IT,F,Father,33,30,14,52,No,Bad,Under-7,M
M,KW,KuwaIT,MiddleSchool,G-08,B,Arabic,S,Father,54,40,27,30,Yes,Good,Under-7,M
M,KW,KuwaIT,lowerlevel,G-02,B,IT,F,Father,3,6,7,46,Yes,Good,Above-7,L
M,KW,KuwaIT,MiddleSchool,G-08,C,Spanish,S,Father,18,49,28,13,Yes,Good,Under-7,M
F,Jordan,Jordan,lowerlevel,G-02,B,French,S,Mum,66,85,9,61,No,Bad,Under-7,H
M,Palestine,Jordan,MiddleSchool,G-06,A,English,S,Mum,89,59,35,43,Yes,Good,Under-7,H
F,KW,KuwaIT,lowerlevel,G-04,A,History,S,Mum,76,89,66,62,No,Good,Under-7,H
M,Jordan,Jordan,lowerlevel,G-02,B,French,S,Father,55,68,31,28,Yes,Good,Under-7,M
F,KW,KuwaIT,MiddleSchool,G-07,A,Math,F,Father,15,23,18,47,Yes,Good,Under-7,M
M,Jordan,Jordan,lowerlevel,G-02,B,French,S,Mum,74,88,37,16,No,Bad,Under-7,M
M,Jordan,Jordan,MiddleSchool,G-07,B,Science,S,Mum,58,67,45,72,No,Bad,Under-7,M
M,Iran,Iran,lowerlevel,G-02,B,French,S,Father,10,2,13,53,No,Bad,Above-7,L
M,KW,KuwaIT,MiddleSchool,G-07,A,English,F,Father,5,18,5,45,No,Bad,Above-7,L
M,KW,KuwaIT,MiddleSchool,G-07,A,Quran,F,Father,20,12,15,70,No,Good,Above-7,L
M,Palestine,Jordan,MiddleSchool,G-06,A,English,F,Mum,63,54,27,51,Yes,Good,Under-7,H
M,KW,KuwaIT,MiddleSchool,G-07,A,Quran,S,Father,73,75,63,47,Yes,Good,Under-7,H
M,KW,KuwaIT,lowerlevel,G-02,B,IT,F,Father,6,37,4,69,Yes,Good,Above-7,L
M,Jordan,Jordan,lowerlevel,G-02,B,Arabic,S,Father,19,14,23,73,No,Bad,Above-7,L
F,Jordan,Jordan,lowerlevel,G-02,A,French,F,Mum,70,92,36,28,Yes,Good,Under-7,H
M,KW,KuwaIT,lowerlevel,G-04,A,IT,F,Father,41,58,15,52,No,Bad,Above-7,M
F,Jordan,Jordan,MiddleSchool,G-08,A,Chemistry,F,Mum,69,94,18,16,Yes,Good,Under-7,H
M,KW,KuwaIT,MiddleSchool,G-07,A,Math,F,Father,35,36,24,74,Yes,Good,Under-7,M
M,KW,KuwaIT,MiddleSchool,G-07,B,Science,S,Mum,82,84,89,84,Yes,Bad,Under-7,H
M,KW,KuwaIT,HighSchool,G-10,A,IT,F,Father,16,58,14,12,Yes,Bad,Under-7,M
M,SaudiArabia,USA,HighSchool,G-11,A,Science,S,Father,35,65,68,82,Yes,Good,Under-7,M
F,Lybia,Lybia,MiddleSchool,G-07,B,Biology,F,Mum,13,8,9,6,No,Good,Above-7,L
F,Jordan,Jordan,lowerlevel,G-02,B,Arabic,F,Father,19,25,13,72,No,Bad,Above-7,L
F,Jordan,Jordan,lowerlevel,G-04,B,Science,F,Father,27,61,34,56,Yes,Bad,Under-7,M
F,Jordan,Jordan,lowerlevel,G-04,B,Science,S,Mum,56,62,55,61,No,Bad,Under-7,M
F,KW,KuwaIT,lowerlevel,G-04,A,History,S,Mum,35,35,49,33,Yes,Good,Above-7,M
F,USA,USA,lowerlevel,G-02,B,French,S,Mum,19,58,69,16,Yes,Bad,Under-7,M
F,Jordan,Jordan,MiddleSchool,G-08,A,Geology,S,Mum,74,90,65,70,Yes,Good,Under-7,H
M,KW,KuwaIT,MiddleSchool,G-07,B,Science,S,Mum,21,65,58,44,Yes,Good,Above-7,M
M,Jordan,Jordan,MiddleSchool,G-08,A,Geology,F,Mum,80,82,72,41,Yes,Good,Under-7,M
M,Jordan,Jordan,lowerlevel,G-02,B,Arabic,S,Father,25,24,19,25,No,Bad,Above-7,L
M,KW,KuwaIT,MiddleSchool,G-07,A,Math,F,Father,28,16,14,37,No,Bad,Above-7,L
M,KW,KuwaIT,lowerlevel,G-02,B,IT,F,Father,16,14,22,38,No,Good,Above-7,M
M,Syria,Jordan,MiddleSchool,G-08,A,Spanish,S,Father,9,8,32,37,Yes,Good,Above-7,L
F,Jordan,Jordan,MiddleSchool,G-06,A,English,F,Mum,55,51,35,49,No,Good,Under-7,H
M,Iran,Iran,lowerlevel,G-02,B,French,S,Father,8,13,11,48,No,Bad,Above-7,L
M,KW,KuwaIT,MiddleSchool,G-08,B,Arabic,S,Father,65,35,43,18,Yes,Good,Under-7,M
M,KW,KuwaIT,MiddleSchool,G-08,A,Arabic,S,Mum,67,61,46,42,Yes,Good,Under-7,H
M,Jordan,Jordan,MiddleSchool,G-07,B,Science,S,Father,31,5,11,3,No,Bad,Above-7,L
F,Jordan,USA,lowerlevel,G-02,B,French,S,Mum,53,86,29,35,No,Bad,Above-7,M
M,KW,KuwaIT,HighSchool,G-10,A,IT,F,Father,17,12,16,11,Yes,Bad,Under-7,M
M,Egypt,Egypt,lowerlevel,G-02,B,French,S,Mum,7,9,11,10,No,Good,Above-7,L
F,Jordan,Jordan,lowerlevel,G-02,B,IT,F,Mum,68,85,32,31,Yes,Good,Under-7,H
F,KW,KuwaIT,MiddleSchool,G-07,A,IT,F,Mum,31,15,11,42,Yes,Good,Under-7,M
F,Palestine,Jordan,lowerlevel,G-02,A,French,F,Mum,44,57,38,28,No,Good,Under-7,M
M,Iraq,Iraq,lowerlevel,G-02,A,Arabic,S,Father,72,72,44,44,Yes,Good,Under-7,H
M,Palestine,Jordan,lowerlevel,G-04,B,Science,F,Mum,95,57,74,89,Yes,Good,Above-7,M
F,Jordan,Jordan,lowerlevel,G-02,B,French,S,Mum,20,54,23,28,Yes,Good,Under-7,M
F,Jordan,Jordan,lowerlevel,G-04,B,Science,S,Mum,62,70,46,57,No,Bad,Under-7,M
M,KW,KuwaIT,lowerlevel,G-02,B,IT,F,Father,10,31,1,27,No,Bad,Under-7,L
M,KW,KuwaIT,lowerlevel,G-02,C,IT,F,Father,66,72,21,70,No,Bad,Under-7,M
M,KW,KuwaIT,MiddleSchool,G-07,A,IT,F,Father,22,7,15,19,No,Bad,Above-7,L
F,USA,USA,HighSchool,G-12,A,IT,F,Mum,66,78,55,29,Yes,Good,Under-7,H
F,Jordan,Jordan,MiddleSchool,G-08,A,Geology,F,Father,54,79,34,18,Yes,Good,Above-7,M
M,Jordan,Jordan,MiddleSchool,G-08,A,Chemistry,S,Mum,35,41,35,26,Yes,Good,Above-7,L
M,KW,KuwaIT,MiddleSchool,G-07,B,IT,F,Mum,70,50,40,99,Yes,Good,Under-7,H
M,Tunis,Tunis,MiddleSchool,G-07,A,Quran,F,Father,9,29,28,40,Yes,Bad,Above-7,L
M,Jordan,Jordan,lowerlevel,G-02,A,French,F,Father,7,15,6,29,No,Bad,Above-7,L
F,Jordan,Jordan,lowerlevel,G-02,B,French,F,Mum,15,92,17,22,No,Good,Under-7,H
M,Jordan,Jordan,lowerlevel,G-02,B,Arabic,S,Father,29,2,26,24,No,Bad,Above-7,L
M,Jordan,Jordan,MiddleSchool,G-08,A,Chemistry,F,Mum,80,82,76,19,Yes,Good,Under-7,M
M,Jordan,Jordan,MiddleSchool,G-08,B,Arabic,S,Father,14,29,24,16,No,Bad,Above-7,L
F,KW,KuwaIT,lowerlevel,G-04,A,Science,S,Father,76,79,83,67,No,Bad,Under-7,M
F,Jordan,Jordan,lowerlevel,G-02,B,French,F,Mum,55,81,56,60,No,Good,Under-7,H
M,Iraq,Iraq,lowerlevel,G-02,A,Arabic,F,Father,90,93,58,33,Yes,Good,Under-7,H
M,Jordan,Jordan,lowerlevel,G-02,B,French,S,Father,20,34,11,38,No,Bad,Above-7,L
F,Jordan,Jordan,lowerlevel,G-02,B,French,S,Father,40,76,48,31,Yes,Bad,Above-7,M
F,Jordan,Jordan,MiddleSchool,G-08,A,Chemistry,F,Father,83,89,53,31,Yes,Good,Under-7,H
F,Jordan,Jordan,lowerlevel,G-02,A,French,F,Mum,64,94,32,28,Yes,Good,Under-7,H
F,Jordan,Jordan,lowerlevel,G-04,A,Science,F,Mum,84,85,45,88,No,Good,Under-7,H
M,KW,KuwaIT,MiddleSchool,G-08,B,Arabic,S,Father,13,14,46,24,Yes,Good,Under-7,M
M,Jordan,Jordan,lowerlevel,G-04,B,Science,F,Father,27,58,34,34,No,Good,Above-7,M
F,KW,KuwaIT,MiddleSchool,G-08,B,Arabic,S,Father,22,51,42,40,Yes,Bad,Under-7,M
M,KW,KuwaIT,lowerlevel,G-02,B,French,S,Mum,56,54,54,59,No,Bad,Under-7,M
M,KW,KuwaIT,MiddleSchool,G-07,A,Math,F,Father,7,15,7,26,Yes,Bad,Under-7,L
M,KW,KuwaIT,MiddleSchool,G-08,C,Spanish,S,Mum,61,58,48,25,Yes,Good,Under-7,M
M,KW,KuwaIT,MiddleSchool,G-07,A,English,F,Father,25,11,20,11,No,Bad,Above-7,L
F,Jordan,Jordan,lowerlevel,G-02,A,Arabic,S,Father,8,11,4,42,No,Bad,Above-7,L
M,Jordan,Jordan,lowerlevel,G-02,B,French,S,Mum,83,70,42,13,Yes,Good,Above-7,M
M,KW,KuwaIT,MiddleSchool,G-07,B,Science,S,Father,70,78,61,67,Yes,Good,Above-7,M
F,KW,KuwaIT,lowerlevel,G-02,C,IT,F,Father,33,70,19,67,Yes,Good,Under-7,H
M,KW,KuwaIT,MiddleSchool,G-07,A,IT,F,Father,18,44,23,40,Yes,Good,Under-7,M
F,Jordan,Jordan,MiddleSchool,G-08,A,Geology,F,Father,22,63,40,28,Yes,Good,Above-7,M
F,Jordan,Jordan,lowerlevel,G-05,A,English,F,Mum,16,12,21,25,No,Good,Above-7,L
M,Jordan,SaudiArabia,MiddleSchool,G-08,A,Geology,S,Father,55,93,26,34,No,Bad,Under-7,M
M,KW,KuwaIT,lowerlevel,G-02,B,French,S,Mum,35,58,40,31,No,Bad,Under-7,M
M,Jordan,Jordan,MiddleSchool,G-08,A,History,F,Mum,71,77,72,73,Yes,Good,Above-7,M
M,Jordan,Palestine,MiddleSchool,G-07,A,Biology,S,Mum,70,97,49,68,Yes,Good,Under-7,H
F,Jordan,Jordan,lowerlevel,G-02,B,Arabic,S,Father,12,9,20,50,No,Bad,Above-7,L
F,KW,KuwaIT,MiddleSchool,G-07,B,IT,F,Father,64,82,46,53,Yes,Good,Under-7,M
F,KW,KuwaIT,lowerlevel,G-02,B,IT,F,Father,10,21,7,43,Yes,Good,Under-7,M
F,Iran,Iran,lowerlevel,G-02,C,IT,F,Father,5,11,7,63,Yes,Good,Under-7,M
M,venzuela,venzuela,HighSchool,G-10,A,IT,F,Mum,77,81,65,61,Yes,Good,Under-7,H
M,Jordan,Jordan,lowerlevel,G-02,B,French,F,Father,41,74,32,31,Yes,Good,Under-7,M
F,KW,KuwaIT,MiddleSchool,G-06,A,IT,S,Father,39,38,42,52,Yes,Bad,Under-7,M
F,Palestine,Jordan,lowerlevel,G-02,B,French,S,Father,27,92,33,10,No,Good,Under-7,M
F,Jordan,Jordan,MiddleSchool,G-07,B,Science,S,Mum,34,45,36,80,Yes,Good,Above-7,M
F,Iraq,Iraq,lowerlevel,G-02,B,Arabic,S,Mum,81,93,53,37,Yes,Good,Under-7,H
M,Iraq,Iraq,MiddleSchool,G-07,B,Biology,S,Father,88,74,69,56,Yes,Good,Under-7,H
M,KW,KuwaIT,MiddleSchool,G-08,C,Spanish,S,Father,17,50,2,4,No,Bad,Above-7,L
F,Jordan,Jordan,MiddleSchool,G-08,A,Chemistry,S,Father,42,76,45,9,Yes,Good,Under-7,H
M,Jordan,Jordan,MiddleSchool,G-07,B,Science,S,Father,28,20,34,53,No,Bad,Above-7,L
M,Iraq,Iraq,MiddleSchool,G-08,A,History,S,Father,73,81,81,86,Yes,Good,Above-7,M
M,KW,KuwaIT,MiddleSchool,G-07,A,Math,F,Father,7,5,4,4,Yes,Good,Above-7,L
M,KW,KuwaIT,lowerlevel,G-04,A,IT,S,Father,57,75,45,44,No,Good,Above-7,M
M,lebanon,lebanon,MiddleSchool,G-08,A,Arabic,S,Mum,19,21,21,20,No,Bad,Above-7,L
F,Jordan,Jordan,MiddleSchool,G-07,B,Science,S,Mum,71,71,41,44,Yes,Good,Under-7,H
M,KW,KuwaIT,HighSchool,G-09,A,IT,F,Father,11,14,10,41,Yes,Good,Above-7,L
F,Jordan,Jordan,MiddleSchool,G-07,A,Quran,S,Father,67,74,54,68,No,Bad,Under-7,M
M,Jordan,Jordan,lowerlevel,G-02,B,Arabic,S,Mum,59,76,42,36,Yes,Bad,Above-7,M
M,KW,KuwaIT,MiddleSchool,G-08,A,Arabic,S,Mum,92,65,62,53,Yes,Good,Under-7,H
M,Jordan,Jordan,lowerlevel,G-02,A,French,S,Father,28,15,30,46,No,Good,Above-7,L
F,KW,USA,HighSchool,G-11,A,Quran,F,Mum,45,39,19,64,No,Bad,Under-7,M
F,KW,KuwaIT,MiddleSchool,G-06,A,Math,S,Father,38,29,42,48,No,Bad,Above-7,M
M,Iraq,Iraq,MiddleSchool,G-06,A,English,S,Mum,92,80,81,39,No,Good,Under-7,H
F,Jordan,Jordan,MiddleSchool,G-08,A,Geology,F,Mum,72,69,48,43,Yes,Good,Above-7,M
M,Jordan,Jordan,MiddleSchool,G-07,B,Biology,S,Father,44,73,8,35,No,Bad,Under-7,M
M,KW,KuwaIT,MiddleSchool,G-07,A,Quran,S,Father,23,11,18,11,No,Bad,Above-7,L
F,USA,USA,HighSchool,G-12,A,IT,F,Mum,70,69,35,30,Yes,Good,Under-7,H
F,Jordan,Jordan,MiddleSchool,G-07,A,Biology,F,Mum,87,86,73,55,Yes,Good,Above-7,M
M,Egypt,Egypt,lowerlevel,G-02,B,French,S,Mum,8,10,9,14,No,Good,Above-7,L
F,KW,KuwaIT,lowerlevel,G-02,C,IT,F,Father,14,60,11,75,Yes,Good,Under-7,H
F,Jordan,Jordan,MiddleSchool,G-08,A,History,F,Father,63,54,43,69,Yes,Good,Under-7,M
M,Jordan,USA,MiddleSchool,G-07,A,Quran,F,Mum,100,85,85,70,No,Bad,Under-7,M
M,Jordan,Jordan,lowerlevel,G-02,B,French,S,Father,52,82,22,50,Yes,Good,Under-7,M
F,Iraq,Iraq,lowerlevel,G-02,B,French,S,Father,20,73,18,20,No,Good,Under-7,M
M,Lybia,Lybia,lowerlevel,G-02,A,French,S,Mum,21,41,40,9,No,Good,Above-7,L
M,Jordan,Jordan,lowerlevel,G-04,A,Science,F,Father,14,38,25,16,No,Bad,Above-7,L
F,lebanon,lebanon,MiddleSchool,G-07,A,Quran,S,Mum,79,72,41,71,Yes,Good,Under-7,H
M,SaudiArabia,USA,HighSchool,G-11,A,Science,S,Father,47,71,66,78,Yes,Good,Under-7,M
M,KW,KuwaIT,MiddleSchool,G-07,A,Math,F,Father,73,63,59,60,No,Bad,Above-7,M
M,Iraq,Iraq,MiddleSchool,G-08,A,History,S,Father,69,77,83,92,Yes,Good,Above-7,M
F,KW,KuwaIT,lowerlevel,G-02,B,IT,F,Father,18,14,39,23,No,Bad,Under-7,M
F,KW,KuwaIT,MiddleSchool,G-07,B,IT,F,Father,9,70,32,31,No,Bad,Under-7,M
M,KW,KuwaIT,MiddleSchool,G-08,C,Spanish,S,Mum,33,62,37,31,Yes,Good,Under-7,M
M,Tunis,Tunis,HighSchool,G-11,B,Science,S,Father,58,74,48,42,No,Good,Under-7,M
M,Jordan,Jordan,lowerlevel,G-02,B,French,F,Mum,63,96,16,14,No,Bad,Under-7,M
F,Jordan,Jordan,MiddleSchool,G-08,A,Chemistry,F,Father,15,97,22,10,Yes,Good,Under-7,H
F,Jordan,Jordan,MiddleSchool,G-08,A,Chemistry,F,Father,49,97,22,20,Yes,Good,Under-7,H
M,KW,KuwaIT,lowerlevel,G-02,B,IT,F,Father,9,24,7,37,No,Good,Above-7,L
M,Jordan,Jordan,MiddleSchool,G-06,A,English,S,Father,40,36,24,38,No,Bad,Under-7,H
M,Jordan,Jordan,MiddleSchool,G-07,B,Science,S,Mum,45,49,39,52,No,Bad,Under-7,M
M,Palestine,Jordan,MiddleSchool,G-07,B,Biology,F,Father,64,83,58,47,Yes,Good,Under-7,M
M,Jordan,Jordan,lowerlevel,G-02,B,French,F,Mum,64,89,68,55,Yes,Good,Under-7,H
M,Jordan,SaudiArabia,MiddleSchool,G-08,A,Geology,F,Father,80,90,60,75,No,Bad,Under-7,H
M,SaudiArabia,SaudiArabia,HighSchool,G-11,A,Quran,S,Father,80,80,51,59,Yes,Good,Under-7,H
M,KW,KuwaIT,MiddleSchool,G-08,C,Spanish,S,Mum,84,73,36,35,Yes,Good,Under-7,M
F,Lybia,Lybia,MiddleSchool,G-07,B,Biology,F,Mum,6,9,8,5,No,Good,Above-7,L
M,Palestine,Palestine,MiddleSchool,G-07,A,Biology,F,Father,84,90,76,68,Yes,Good,Under-7,H
M,Jordan,Jordan,lowerlevel,G-04,B,Science,S,Father,18,70,29,26,No,Good,Above-7,M
M,KW,KuwaIT,MiddleSchool,G-08,A,Arabic,S,Mum,94,85,60,47,Yes,Good,Under-7,M
F,Jordan,Jordan,MiddleSchool,G-08,A,Chemistry,S,Father,79,91,49,22,Yes,Good,Under-7,H
M,Jordan,Jordan,MiddleSchool,G-07,A,Biology,F,Father,73,60,44,41,Yes,Bad,Under-7,M
F,KW,KuwaIT,MiddleSchool,G-06,A,Science,S,Father,72,92,54,79,Yes,Good,Under-7,H
F,Iraq,Iraq,MiddleSchool,G-07,A,Biology,F,Mum,84,82,69,54,Yes,Good,Under-7,H
F,KW,KuwaIT,MiddleSchool,G-08,B,Arabic,S,Father,17,61,37,35,Yes,Bad,Under-7,M
M,Morocco,Morocco,MiddleSchool,G-08,A,Arabic,S,Mum,65,57,45,47,No,Bad,Under-7,M
M,Egypt,Egypt,MiddleSchool,G-07,B,Science,S,Mum,92,80,88,76,Yes,Good,Under-7,H
M,lebanon,lebanon,MiddleSchool,G-08,A,Arabic,S,Mum,16,26,36,29,No,Bad,Above-7,L
M,KW,KuwaIT,lowerlevel,G-02,B,IT,F,Father,40,26,5,14,No,Bad,Above-7,L
M,Egypt,Egypt,MiddleSchool,G-07,B,Science,S,Mum,94,80,89,77,Yes,Good,Under-7,H
F,Jordan,USA,lowerlevel,G-02,B,French,S,Mum,63,79,87,47,No,Bad,Above-7,M
M,KW,KuwaIT,lowerlevel,G-02,B,IT,F,Father,8,9,12,36,No,Bad,Above-7,L
M,Palestine,Jordan,lowerlevel,G-04,B,Science,F,Mum,90,62,69,80,Yes,Good,Above-7,M
F,KW,KuwaIT,MiddleSchool,G-06,A,Science,S,Father,73,87,62,69,Yes,Good,Under-7,H
F,Jordan,Jordan,lowerlevel,G-04,A,Science,F,Mum,91,87,63,79,No,Good,Under-7,H
F,Jordan,Jordan,MiddleSchool,G-08,A,Chemistry,S,Mum,80,82,41,61,Yes,Good,Under-7,H
M,Egypt,KuwaIT,MiddleSchool,G-07,B,Science,S,Father,19,54,34,32,No,Bad,Above-7,M
M,KW,KuwaIT,lowerlevel,G-02,B,IT,F,Father,5,17,1,40,Yes,Good,Above-7,L
F,Jordan,Jordan,MiddleSchool,G-08,A,History,F,Father,25,15,14,62,No,Bad,Above-7,L
M,Jordan,SaudiArabia,MiddleSchool,G-08,A,Chemistry,F,Father,6,1,1,45,No,Bad,Above-7,L
M,Jordan,Jordan,MiddleSchool,G-08,B,Arabic,S,Father,18,8,10,18,No,Bad,Above-7,L
M,KW,KuwaIT,MiddleSchool,G-08,A,Spanish,S,Father,21,24,3,8,Yes,Good,Under-7,L
M,Jordan,SaudiArabia,MiddleSchool,G-08,A,Geology,F,Father,83,86,34,60,No,Bad,Under-7,H
M,Jordan,Jordan,MiddleSchool,G-08,A,Geology,S,Mum,84,85,81,28,Yes,Good,Under-7,M
M,KW,KuwaIT,MiddleSchool,G-08,C,Spanish,S,Mum,90,72,34,66,Yes,Bad,Under-7,H
F,Jordan,Jordan,MiddleSchool,G-08,A,Geology,F,Father,43,68,41,31,Yes,Good,Above-7,M
M,Morocco,Morocco,MiddleSchool,G-08,B,Arabic,S,Father,50,46,54,46,No,Bad,Above-7,L
M,KW,KuwaIT,lowerlevel,G-04,A,Math,S,Father,55,44,59,54,Yes,Good,Under-7,H
M,KW,KuwaIT,MiddleSchool,G-07,A,Math,F,Father,53,61,71,15,Yes,Good,Under-7,M
M,KW,KuwaIT,lowerlevel,G-02,B,IT,F,Father,50,7,9,50,Yes,Bad,Above-7,M
M,Jordan,Jordan,MiddleSchool,G-07,A,Quran,F,Mum,50,71,61,47,Yes,Good,Under-7,M
F,KW,KuwaIT,lowerlevel,G-02,C,IT,F,Mum,68,31,41,24,No,Good,Under-7,H
M,KW,KuwaIT,lowerlevel,G-02,B,IT,F,Father,26,20,8,37,Yes,Good,Above-7,L
M,KW,KuwaIT,MiddleSchool,G-08,A,Arabic,S,Father,15,25,37,13,Yes,Good,Above-7,L
F,Jordan,Jordan,lowerlevel,G-02,B,French,F,Mum,28,85,30,40,No,Good,Under-7,H
M,KW,KuwaIT,MiddleSchool,G-07,A,IT,F,Father,6,10,12,75,No,Bad,Above-7,L
F,Jordan,Jordan,lowerlevel,G-04,B,Science,F,Mum,67,85,68,58,Yes,Good,Under-7,H
M,Jordan,SaudiArabia,MiddleSchool,G-08,A,Geology,F,Father,79,78,48,64,No,Bad,Under-7,H
F,Jordan,Jordan,MiddleSchool,G-08,A,Chemistry,S,Mum,73,73,35,62,Yes,Good,Under-7,H
M,Jordan,Jordan,lowerlevel,G-02,B,Arabic,S,Father,10,28,45,47,Yes,Bad,Above-7,L
M,Jordan,Jordan,lowerlevel,G-02,B,French,S,Father,20,69,17,31,Yes,Good,Under-7,M
M,Jordan,Jordan,MiddleSchool,G-08,A,Chemistry,F,Mum,31,32,35,17,Yes,Good,Above-7,L
M,Jordan,Jordan,lowerlevel,G-02,B,Arabic,S,Father,8,17,39,50,Yes,Bad,Above-7,L
F,KW,KuwaIT,MiddleSchool,G-08,A,Arabic,F,Father,51,84,61,72,Yes,Good,Under-7,H
F,Jordan,Jordan,MiddleSchool,G-06,A,English,F,Mum,58,78,79,81,Yes,Good,Under-7,H
F,KW,KuwaIT,lowerlevel,G-04,A,History,S,Mum,79,84,73,57,No,Good,Under-7,H
M,KW,KuwaIT,MiddleSchool,G-08,A,Arabic,S,Father,55,36,12,28,No,Bad,Under-7,L
F,Jordan,Jordan,lowerlevel,G-04,B,Science,S,Mum,66,72,59,55,Yes,Good,Under-7,H
M,SaudiArabia,USA,HighSchool,G-11,B,Math,S,Father,70,54,56,95,Yes,Bad,Under-7,H
M,KW,KuwaIT,lowerlevel,G-04,A,IT,F,Father,32,44,34,27,No,Bad,Above-7,M
M,KW,KuwaIT,MiddleSchool,G-08,B,Spanish,S,Father,2,8,42,29,No,Bad,Under-7,L
M,Jordan,Jordan,MiddleSchool,G-06,A,English,F,Father,32,33,30,38,No,Bad,Above-7,M
M,KW,KuwaIT,lowerlevel,G-04,A,Arabic,S,Father,30,21,12,51,No,Bad,Above-7,L
M,KW,KuwaIT,MiddleSchool,G-08,C,Spanish,S,Mum,41,37,28,29,Yes,Good,Under-7,M
M,KW,KuwaIT,MiddleSchool,G-07,A,English,F,Father,9,10,13,26,No,Bad,Above-7,L
M,Jordan,USA,MiddleSchool,G-07,A,Quran,F,Mum,87,47,62,39,No,Bad,Under-7,M
M,SaudiArabia,USA,HighSchool,G-11,A,Science,S,Father,11,14,20,24,Yes,Good,Under-7,M
M,KW,KuwaIT,lowerlevel,G-02,B,French,S,Mum,51,82,53,43,No,Bad,Under-7,M
M,KW,KuwaIT,MiddleSchool,G-08,B,Spanish,S,Father,65,53,52,39,Yes,Bad,Under-7,M
F,Jordan,Jordan,lowerlevel,G-02,B,French,F,Mum,30,95,14,24,No,Good,Under-7,H
M,KW,KuwaIT,lowerlevel,G-02,B,IT,F,Father,7,10,14,73,Yes,Good,Above-7,L
M,KW,KuwaIT,MiddleSchool,G-08,A,Arabic,S,Mum,49,75,39,40,Yes,Good,Under-7,H
F,Jordan,Jordan,MiddleSchool,G-08,A,Geology,F,Mum,70,69,46,45,Yes,Good,Above-7,M
F,KW,KuwaIT,lowerlevel,G-02,B,IT,F,Father,100,80,2,70,No,Bad,Under-7,H
M,KW,KuwaIT,MiddleSchool,G-07,B,IT,F,Father,1,4,2,63,Yes,Good,Above-7,L
F,Jordan,Jordan,MiddleSchool,G-07,B,Science,S,Mum,48,79,55,51,Yes,Good,Above-7,M
M,Egypt,Egypt,lowerlevel,G-02,B,French,S,Mum,18,7,18,15,No,Good,Above-7,L
F,Palestine,Jordan,lowerlevel,G-02,A,French,S,Mum,81,50,18,42,No,Good,Under-7,M
M,Jordan,Jordan,lowerlevel,G-02,B,Arabic,F,Mum,25,91,48,64,Yes,Bad,Above-7,M
M,KW,KuwaIT,MiddleSchool,G-07,A,Math,F,Father,8,15,10,40,Yes,Bad,Under-7,L
F,Iraq,Iraq,lowerlevel,G-02,B,French,S,Father,47,83,45,30,No,Good,Under-7,M
F,SaudiArabia,SaudiArabia,MiddleSchool,G-07,B,Science,F,Father,56,88,40,56,Yes,Good,Under-7,M
M,KW,KuwaIT,lowerlevel,G-02,B,IT,F,Father,27,17,2,59,Yes,Good,Above-7,L
M,KW,KuwaIT,MiddleSchool,G-08,A,Spanish,S,Father,17,9,9,21,Yes,Good,Under-7,L
M,Iraq,Iraq,MiddleSchool,G-06,A,English,F,Mum,76,74,55,37,No,Good,Under-7,H
F,Jordan,Jordan,MiddleSchool,G-08,A,History,F,Father,16,15,11,29,No,Bad,Above-7,L
M,Iraq,Iraq,lowerlevel,G-02,B,Arabic,F,Mum,70,71,21,28,Yes,Good,Under-7,H
F,SaudiArabia,USA,HighSchool,G-11,B,Science,S,Father,100,91,98,40,Yes,Bad,Under-7,H
M,Jordan,Jordan,MiddleSchool,G-08,A,Geology,F,Mum,46,43,55,23,Yes,Good,Under-7,M
M,Tunis,Tunis,MiddleSchool,G-08,C,Spanish,S,Mum,42,50,27,34,No,Bad,Under-7,M
M,Iraq,Iraq,lowerlevel,G-04,A,Science,F,Father,83,87,77,69,Yes,Good,Above-7,M
M,Tunis,KuwaIT,MiddleSchool,G-07,B,Science,S,Father,19,44,43,17,No,Bad,Above-7,L
M,Jordan,Jordan,lowerlevel,G-02,B,Arabic,S,Father,13,22,47,87,Yes,Bad,Above-7,L
M,Tunis,Tunis,MiddleSchool,G-08,C,Spanish,S,Father,8,53,21,17,No,Bad,Above-7,L
M,Iraq,Iraq,MiddleSchool,G-06,A,English,S,Mum,75,60,59,42,No,Good,Under-7,H
M,Iran,Iran,MiddleSchool,G-08,A,Spanish,S,Mum,36,26,15,28,No,Bad,Above-7,M
F,Iraq,Iraq,lowerlevel,G-02,B,French,S,Father,53,83,48,9,No,Good,Under-7,M
M,SaudiArabia,USA,HighSchool,G-11,B,Math,S,Father,62,69,79,66,Yes,Bad,Under-7,H
M,Jordan,Jordan,lowerlevel,G-04,A,Science,S,Father,22,25,17,8,No,Bad,Above-7,L
F,KW,KuwaIT,MiddleSchool,G-07,A,IT,F,Father,39,47,3,40,No,Bad,Above-7,L
M,KW,KuwaIT,lowerlevel,G-04,A,IT,F,Father,2,1,4,67,No,Bad,Above-7,L
M,KW,KuwaIT,MiddleSchool,G-07,A,Quran,S,Father,82,89,64,34,Yes,Good,Under-7,H
M,KW,KuwaIT,MiddleSchool,G-07,A,IT,F,Father,4,5,40,16,Yes,Good,Above-7,L
M,KW,KuwaIT,MiddleSchool,G-08,C,Spanish,S,Father,55,84,33,61,No,Bad,Under-7,M
F,KW,KuwaIT,lowerlevel,G-02,B,IT,F,Father,21,29,26,48,No,Bad,Under-7,M
M,Jordan,Jordan,MiddleSchool,G-08,B,Arabic,S,Father,22,9,17,22,No,Bad,Above-7,L
M,KW,KuwaIT,lowerlevel,G-04,A,IT,F,Father,15,17,3,20,Yes,Good,Under-7,M
M,KW,KuwaIT,HighSchool,G-10,A,IT,F,Father,26,30,27,35,Yes,Good,Under-7,M
M,KW,KuwaIT,MiddleSchool,G-07,A,Math,F,Father,55,27,31,33,Yes,Good,Under-7,M
M,Palestine,Jordan,lowerlevel,G-04,B,Science,S,Mum,82,84,79,79,Yes,Good,Above-7,M
F,Jordan,Jordan,MiddleSchool,G-07,B,Biology,S,Mum,73,89,43,41,No,Good,Under-7,H
M,KW,KuwaIT,MiddleSchool,G-07,A,Quran,S,Father,4,12,8,26,No,Bad,Above-7,L
M,KW,KuwaIT,MiddleSchool,G-07,B,Science,F,Father,7,9,9,18,No,Bad,Above-7,L
F,Jordan,Jordan,lowerlevel,G-02,A,French,F,Mum,13,71,26,29,No,Good,Under-7,M
F,lebanon,lebanon,lowerlevel,G-02,B,IT,F,Father,64,95,19,22,Yes,Good,Under-7,M
M,Jordan,Jordan,MiddleSchool,G-06,A,English,S,Father,32,75,45,39,Yes,Good,Above-7,M
M,Jordan,Jordan,lowerlevel,G-02,B,Arabic,F,Father,17,14,38,51,No,Bad,Above-7,L
M,Jordan,Jordan,lowerlevel,G-02,B,Arabic,F,Father,10,30,50,91,Yes,Bad,Above-7,L
M,Egypt,KuwaIT,MiddleSchool,G-07,B,Science,S,Father,51,38,38,32,No,Bad,Above-7,M
M,KW,KuwaIT,MiddleSchool,G-07,A,Quran,S,Father,78,73,20,59,Yes,Good,Under-7,H
M,lebanon,lebanon,MiddleSchool,G-08,A,Arabic,S,Mum,10,35,30,13,No,Bad,Above-7,L
F,SaudiArabia,SaudiArabia,MiddleSchool,G-08,B,Arabic,S,Mum,72,51,42,24,Yes,Bad,Above-7,H
F,Jordan,Jordan,MiddleSchool,G-07,B,Biology,F,Mum,70,89,12,21,No,Good,Under-7,H
M,Jordan,SaudiArabia,MiddleSchool,G-08,C,Spanish,S,Mum,40,87,75,26,Yes,Good,Under-7,H
F,Egypt,Egypt,MiddleSchool,G-07,A,Quran,S,Mum,53,80,71,58,Yes,Good,Under-7,H
M,KW,KuwaIT,MiddleSchool,G-08,A,Spanish,S,Father,4,12,15,45,No,Bad,Above-7,L
M,KW,KuwaIT,MiddleSchool,G-07,B,IT,F,Father,12,4,12,21,No,Bad,Under-7,L
F,Jordan,Jordan,lowerlevel,G-04,B,Science,S,Father,32,44,29,89,Yes,Bad,Under-7,M
M,KW,KuwaIT,MiddleSchool,G-08,B,Spanish,S,Father,1,8,40,20,No,Bad,Under-7,L
F,KW,KuwaIT,lowerlevel,G-02,C,IT,F,Father,51,47,32,40,No,Bad,Under-7,M
M,KW,KuwaIT,lowerlevel,G-02,B,French,S,Mum,60,52,23,33,Yes,Good,Under-7,H
M,Egypt,Egypt,lowerlevel,G-02,B,French,F,Mum,4,9,5,22,No,Good,Above-7,L
F,KW,KuwaIT,lowerlevel,G-02,C,IT,F,Mum,44,50,39,59,Yes,Good,Above-7,M
F,Jordan,USA,lowerlevel,G-02,B,French,S,Mum,54,57,39,35,No,Bad,Above-7,M
M,KW,KuwaIT,lowerlevel,G-02,B,IT,F,Father,14,7,0,54,No,Bad,Above-7,L
F,KW,USA,HighSchool,G-11,A,Quran,F,Mum,64,83,50,45,No,Bad,Under-7,M
M,KW,KuwaIT,lowerlevel,G-02,B,IT,F,Father,20,17,7,43,Yes,Good,Under-7,L
F,Jordan,Jordan,MiddleSchool,G-08,A,Chemistry,F,Mum,84,88,34,42,Yes,Good,Under-7,H
M,KW,KuwaIT,MiddleSchool,G-08,B,Arabic,S,Father,77,74,70,19,Yes,Good,Under-7,M
F,lebanon,lebanon,MiddleSchool,G-07,B,Math,F,Mum,80,88,64,70,Yes,Bad,Under-7,H
M,KW,KuwaIT,MiddleSchool,G-07,A,English,F,Father,9,7,15,75,No,Bad,Above-7,L
M,KW,KuwaIT,MiddleSchool,G-08,C,Spanish,S,Father,17,61,42,14,No,Bad,Under-7,M
M,Iraq,Iraq,MiddleSchool,G-06,A,English,F,Mum,57,83,49,30,No,Good,Under-7,H
M,KW,KuwaIT,lowerlevel,G-02,B,IT,F,Father,50,70,50,10,Yes,Good,Above-7,H
F,Jordan,Jordan,MiddleSchool,G-08,A,Chemistry,F,Father,42,90,51,39,Yes,Good,Under-7,H
F,Jordan,Jordan,lowerlevel,G-02,B,French,S,Mum,65,74,33,64,No,Bad,Under-7,H
M,Palestine,Jordan,MiddleSchool,G-07,B,Biology,S,Father,19,21,16,81,Yes,Good,Under-7,M
M,KW,KuwaIT,HighSchool,G-11,B,Math,S,Mum,78,89,84,73,Yes,Good,Above-7,H
F,lebanon,lebanon,MiddleSchool,G-08,A,Arabic,S,Mum,34,71,36,35,Yes,Good,Under-7,H
M,Jordan,Jordan,lowerlevel,G-02,A,French,F,Father,14,20,9,19,No,Bad,Above-7,L
F,Iraq,Iraq,lowerlevel,G-02,B,French,F,Father,63,88,30,9,No,Good,Under-7,M
M,KW,KuwaIT,lowerlevel,G-04,A,IT,S,Father,70,84,60,42,No,Good,Above-7,M
M,KW,KuwaIT,lowerlevel,G-04,A,History,S,Father,10,13,10,13,No,Bad,Above-7,L
F,Jordan,Jordan,MiddleSchool,G-08,A,Geology,S,Mum,60,81,26,39,Yes,Good,Above-7,M
M,KW,KuwaIT,lowerlevel,G-02,B,IT,F,Father,4,0,6,14,No,Bad,Above-7,L
F,SaudiArabia,SaudiArabia,MiddleSchool,G-08,B,Arabic,S,Mum,78,75,45,24,Yes,Bad,Above-7,H
M,Palestine,Jordan,MiddleSchool,G-07,B,Biology,F,Father,80,80,69,42,Yes,Good,Under-7,M
F,USA,USA,lowerlevel,G-02,B,French,S,Mum,27,19,41,22,Yes,Bad,Under-7,M
F,USA,USA,HighSchool,G-12,A,IT,F,Mum,71,66,55,48,Yes,Good,Under-7,H
F,Jordan,Jordan,lowerlevel,G-02,B,IT,F,Mum,74,92,43,36,Yes,Good,Under-7,H
M,Jordan,Jordan,MiddleSchool,G-08,A,History,F,Mum,78,81,79,73,Yes,Good,Above-7,M
M,Jordan,Jordan,lowerlevel,G-02,B,Arabic,F,Mum,26,84,49,56,Yes,Bad,Above-7,M
F,KW,KuwaIT,HighSchool,G-12,A,English,F,Mum,37,73,53,76,Yes,Good,Under-7,H
M,KW,KuwaIT,lowerlevel,G-02,B,French,S,Mum,23,12,22,17,No,Bad,Under-7,M
M,KW,KuwaIT,lowerlevel,G-04,A,History,S,Father,47,55,57,68,Yes,Good,Under-7,H
M,Jordan,SaudiArabia,MiddleSchool,G-08,A,Geology,S,Father,44,46,13,41,No,Bad,Under-7,H
F,SaudiArabia,SaudiArabia,lowerlevel,G-02,B,French,S,Father,60,70,63,93,Yes,Bad,Under-7,H
M,Iraq,Iraq,lowerlevel,G-04,A,Science,F,Father,36,42,55,56,Yes,Good,Above-7,M
M,Jordan,SaudiArabia,MiddleSchool,G-08,A,Geology,F,Father,95,87,62,81,No,Bad,Under-7,M
M,Palestine,Jordan,MiddleSchool,G-06,A,English,S,Mum,75,71,76,80,Yes,Good,Under-7,M
M,Tunis,Tunis,MiddleSchool,G-07,A,Quran,S,Father,23,44,47,29,No,Bad,Above-7,L
F,Jordan,Jordan,lowerlevel,G-02,B,Arabic,S,Father,6,12,15,27,No,Bad,Above-7,L
M,USA,USA,MiddleSchool,G-08,B,Math,F,Father,37,8,9,3,Yes,Good,Above-7,L
M,KW,KuwaIT,HighSchool,G-09,A,IT,F,Father,21,78,31,57,Yes,Good,Under-7,M
F,KW,KuwaIT,MiddleSchool,G-06,A,Math,S,Father,69,58,70,78,No,Bad,Above-7,M
M,KW,KuwaIT,MiddleSchool,G-08,A,Arabic,S,Mum,75,71,72,53,Yes,Good,Under-7,H
M,Jordan,Jordan,lowerlevel,G-02,B,Arabic,F,Father,21,25,33,53,No,Bad,Above-7,L
F,Jordan,Jordan,MiddleSchool,G-07,B,Biology,S,Mum,86,87,66,72,No,Good,Under-7,H
M,Palestine,Jordan,MiddleSchool,G-06,A,English,S,Mum,72,41,46,27,No,Good,Under-7,M
M,Jordan,Jordan,lowerlevel,G-02,A,Arabic,F,Father,10,18,71,38,Yes,Good,Above-7,M
F,KW,KuwaIT,MiddleSchool,G-07,A,IT,F,Father,16,18,5,51,No,Bad,Above-7,L
M,KW,KuwaIT,lowerlevel,G-04,A,History,S,Father,57,85,70,65,Yes,Bad,Above-7,M
M,KW,KuwaIT,MiddleSchool,G-08,C,Spanish,S,Mum,62,60,54,47,Yes,Good,Under-7,M
F,Jordan,Jordan,MiddleSchool,G-06,A,English,F,Mum,90,84,52,30,No,Good,Under-7,H
F,KW,KuwaIT,MiddleSchool,G-08,A,Math,F,Mum,62,72,36,64,No,Bad,Above-7,H
F,Iraq,Iraq,MiddleSchool,G-07,A,Biology,F,Mum,88,88,61,24,Yes,Good,Under-7,H
M,Lybia,Lybia,lowerlevel,G-02,B,French,S,Mum,20,6,15,8,No,Good,Above-7,L
M,Jordan,Jordan,lowerlevel,G-02,C,IT,F,Father,66,36,18,50,Yes,Good,Under-7,M
F,Palestine,Jordan,lowerlevel,G-02,A,French,F,Mum,46,52,12,20,No,Good,Under-7,M
M,Jordan,SaudiArabia,MiddleSchool,G-08,A,Chemistry,S,Father,11,3,11,44,No,Bad,Above-7,L
F,KW,KuwaIT,MiddleSchool,G-06,A,Math,S,Father,70,60,52,62,No,Bad,Above-7,M
F,Jordan,Jordan,MiddleSchool,G-08,A,Chemistry,F,Father,82,93,53,28,Yes,Good,Under-7,H
M,KW,KuwaIT,lowerlevel,G-02,C,IT,F,Father,77,80,51,80,No,Good,Under-7,M
M,Jordan,Jordan,lowerlevel,G-02,C,IT,F,Father,84,66,52,61,Yes,Good,Under-7,M
M,Jordan,Jordan,lowerlevel,G-02,A,Arabic,S,Father,10,58,51,48,Yes,Good,Above-7,M
F,KW,KuwaIT,lowerlevel,G-02,B,IT,F,Father,10,63,44,18,Yes,Good,Under-7,M
F,Jordan,lebanon,lowerlevel,G-04,B,Science,F,Mum,88,90,79,77,Yes,Good,Under-7,H
M,lebanon,lebanon,MiddleSchool,G-08,C,Spanish,S,Father,77,69,41,13,Yes,Good,Under-7,M
F,KW,KuwaIT,lowerlevel,G-02,C,IT,F,Mum,22,65,29,31,Yes,Good,Above-7,M
F,Jordan,Jordan,MiddleSchool,G-06,A,English,F,Mum,82,74,72,89,No,Good,Under-7,H
F,Jordan,Jordan,MiddleSchool,G-06,A,English,F,Mum,84,81,48,30,No,Good,Under-7,H
M,Jordan,Jordan,MiddleSchool,G-08,A,History,S,Mum,80,87,67,59,Yes,Good,Under-7,H
F,Palestine,Jordan,lowerlevel,G-02,A,Arabic,F,Mum,100,90,89,37,No,Good,Under-7,H
F,Jordan,Jordan,lowerlevel,G-02,B,French,S,Mum,62,89,42,49,Yes,Good,Under-7,M
F,KW,KuwaIT,HighSchool,G-09,A,IT,F,Father,22,64,34,66,No,Bad,Under-7,M
F,Jordan,Jordan,lowerlevel,G-02,B,IT,F,Mum,71,89,55,39,Yes,Good,Under-7,H
M,Iraq,Iraq,MiddleSchool,G-08,A,Geology,S,Father,71,81,83,72,Yes,Good,Above-7,M
F,Jordan,Jordan,MiddleSchool,G-08,A,Chemistry,S,Father,9,13,9,19,No,Bad,Above-7,L
M,Palestine,Jordan,lowerlevel,G-04,B,Science,S,Mum,78,80,63,80,Yes,Good,Above-7,M
M,lebanon,lebanon,MiddleSchool,G-08,C,Spanish,S,Father,59,44,36,24,No,Good,Under-7,M
M,KW,KuwaIT,MiddleSchool,G-08,B,Arabic,S,Father,39,14,22,22,Yes,Good,Under-7,M
F,Lybia,Lybia,MiddleSchool,G-07,B,Biology,F,Mum,10,9,4,10,No,Good,Above-7,L
F,Morocco,Morocco,lowerlevel,G-02,B,French,S,Mum,55,86,36,23,Yes,Good,Under-7,H
M,Morocco,Morocco,MiddleSchool,G-08,B,Arabic,S,Father,27,15,42,53,No,Bad,Above-7,L
F,KW,KuwaIT,HighSchool,G-11,A,Science,F,Mum,38,76,28,76,Yes,Good,Under-7,H
F,Jordan,Jordan,MiddleSchool,G-07,B,Science,S,Mum,21,52,45,36,Yes,Good,Above-7,M
M,Jordan,Jordan,MiddleSchool,G-07,A,Biology,F,Father,76,81,80,86,No,Good,Under-7,H
M,Jordan,SaudiArabia,MiddleSchool,G-08,C,Spanish,S,Mum,42,83,84,66,Yes,Good,Under-7,H
M,Jordan,SaudiArabia,MiddleSchool,G-08,A,Geology,F,Father,78,87,18,72,No,Bad,Under-7,H
F,Jordan,Jordan,MiddleSchool,G-08,A,Chemistry,S,Father,9,6,14,77,No,Bad,Above-7,L
M,KW,KuwaIT,lowerlevel,G-02,B,IT,F,Father,2,9,2,49,Yes,Good,Above-7,L
M,Iraq,Iraq,MiddleSchool,G-08,A,Geology,F,Father,60,59,57,59,Yes,Good,Above-7,M
F,KW,KuwaIT,MiddleSchool,G-06,A,Math,S,Father,83,49,73,87,No,Bad,Above-7,M
F,Jordan,Jordan,lowerlevel,G-02,B,Arabic,F,Father,5,11,12,65,No,Bad,Above-7,L
M,Jordan,Jordan,MiddleSchool,G-08,A,Geology,F,Mum,59,80,57,38,Yes,Good,Under-7,M
F,SaudiArabia,USA,HighSchool,G-11,B,Science,S,Father,94,89,90,47,Yes,Bad,Under-7,H
M,KW,KuwaIT,MiddleSchool,G-07,A,IT,F,Father,39,46,36,81,No,Bad,Under-7,M
M,Jordan,Jordan,MiddleSchool,G-07,A,Biology,S,Mum,6,11,29,24,No,Bad,Above-7,L
M,Jordan,Jordan,lowerlevel,G-04,B,Science,S,Mum,72,72,75,81,Yes,Good,Under-7,H
M,Iraq,Iraq,lowerlevel,G-02,B,Arabic,S,Mum,79,91,35,59,Yes,Good,Under-7,H
M,Iraq,Iraq,MiddleSchool,G-08,A,History,F,Father,76,55,34,60,Yes,Good,Above-7,M
F,KW,KuwaIT,MiddleSchool,G-06,A,Math,S,Father,19,19,19,23,No,Bad,Above-7,M
M,Lybia,Lybia,lowerlevel,G-02,A,French,S,Mum,11,6,21,8,No,Good,Above-7,L
F,Jordan,Jordan,MiddleSchool,G-06,A,English,S,Mum,74,72,77,86,No,Good,Under-7,H
M,KW,KuwaIT,MiddleSchool,G-08,A,Arabic,S,Mum,95,91,62,53,Yes,Good,Under-7,M
M,KW,KuwaIT,lowerlevel,G-02,B,IT,F,Father,27,43,36,41,Yes,Bad,Above-7,M
F,SaudiArabia,USA,HighSchool,G-11,B,Science,S,Father,97,93,77,38,Yes,Bad,Under-7,H
F,Palestine,Jordan,lowerlevel,G-02,A,French,S,Mum,73,78,31,35,No,Good,Under-7,M
M,Tunis,Tunis,MiddleSchool,G-08,C,Spanish,S,Mum,22,58,34,12,No,Bad,Under-7,M
F,USA,USA,MiddleSchool,G-07,A,Math,F,Father,25,37,24,54,No,Good,Under-7,M
F,Jordan,lebanon,lowerlevel,G-04,B,Science,F,Mum,78,88,74,83,Yes,Good,Under-7,H
F,Palestine,Palestine,lowerlevel,G-04,A,Science,F,Mum,63,81,84,85,Yes,Good,Under-7,H
F,Jordan,Palestine,lowerlevel,G-02,A,French,S,Mum,26,58,81,25,Yes,Good,Under-7,M
F,Egypt,Egypt,MiddleSchool,G-07,A,IT,F,Father,53,62,48,83,Yes,Good,Under-7,M
M,KW,KuwaIT,HighSchool,G-11,A,Quran,F,Father,19,12,11,61,No,Bad,Above-7,L
M,KW,KuwaIT,MiddleSchool,G-08,A,Spanish,S,Father,2,10,13,3,No,Bad,Above-7,L
M,KW,KuwaIT,lowerlevel,G-05,A,English,F,Father,9,20,17,43,No,Bad,Above-7,L
F,KW,KuwaIT,lowerlevel,G-02,B,IT,F,Father,56,70,32,26,Yes,Good,Under-7,H
M,KW,KuwaIT,MiddleSchool,G-07,A,Quran,S,Father,17,12,13,52,No,Bad,Above-7,L
M,KW,KuwaIT,lowerlevel,G-02,B,IT,F,Father,25,27,0,69,No,Bad,Above-7,L
M,Iraq,Iraq,lowerlevel,G-04,A,Science,F,Father,78,74,64,80,Yes,Good,Above-7,M
M,Jordan,Jordan,MiddleSchool,G-06,A,English,S,Father,36,33,21,36,No,Bad,Under-7,H
M,KW,KuwaIT,lowerlevel,G-04,A,English,S,Father,79,88,49,47,Yes,Good,Under-7,H
M,KW,KuwaIT,lowerlevel,G-02,B,IT,F,Father,4,8,10,60,Yes,Good,Above-7,L
M,KW,KuwaIT,lowerlevel,G-02,C,IT,S,Father,38,22,21,4,No,Bad,Above-7,L
M,Jordan,Jordan,MiddleSchool,G-07,A,IT,F,Father,53,48,21,34,No,Bad,Under-7,M
M,KW,KuwaIT,MiddleSchool,G-07,A,IT,F,Father,7,12,9,43,No,Bad,Above-7,L
M,Jordan,Jordan,MiddleSchool,G-06,A,English,S,Father,34,38,36,23,Yes,Bad,Above-7,M
M,Palestine,Jordan,lowerlevel,G-02,A,Arabic,F,Father,91,87,48,43,Yes,Good,Under-7,H
M,KW,KuwaIT,MiddleSchool,G-07,A,Quran,F,Father,12,19,21,93,No,Good,Above-7,L
M,Egypt,Egypt,lowerlevel,G-04,A,English,S,Mum,14,32,19,34,No,Good,Above-7,L
M,Jordan,Jordan,MiddleSchool,G-07,A,Biology,S,Mum,8,4,10,5,No,Bad,Above-7,L
M,Jordan,Jordan,MiddleSchool,G-07,A,Biology,S,Mum,51,31,7,13,No,Bad,Above-7,L
M,Palestine,Jordan,MiddleSchool,G-06,A,English,S,Mum,71,87,41,42,Yes,Good,Under-7,M
F,lebanon,lebanon,lowerlevel,G-02,B,French,S,Mum,88,73,69,55,Yes,Bad,Under-7,H
F,KW,KuwaIT,MiddleSchool,G-08,A,Arabic,S,Father,39,21,20,38,Yes,Good,Under-7,M
M,Jordan,Jordan,lowerlevel,G-02,B,Arabic,S,Mum,63,82,52,62,Yes,Bad,Above-7,M
M,KW,KuwaIT,MiddleSchool,G-08,C,Spanish,S,Mum,88,70,57,89,Yes,Bad,Under-7,H
M,KW,KuwaIT,MiddleSchool,G-07,B,Science,S,Mum,46,71,57,43,Yes,Good,Above-7,M
M,Jordan,Jordan,lowerlevel,G-02,B,French,S,Mum,71,78,62,75,Yes,Good,Above-7,M
F,KW,KuwaIT,HighSchool,G-09,A,IT,F,Father,43,58,31,55,No,Bad,Under-7,M
M,KW,KuwaIT,HighSchool,G-12,A,English,F,Mum,13,14,10,15,No,Bad,Above-7,L
F,Jordan,Jordan,MiddleSchool,G-06,A,English,S,Mum,87,86,80,83,No,Good,Under-7,H
M,Jordan,Jordan,MiddleSchool,G-08,A,Geology,F,Mum,56,54,51,21,Yes,Good,Under-7,M
M,KW,KuwaIT,lowerlevel,G-02,B,IT,F,Father,9,10,17,17,No,Bad,Above-7,L
M,KW,KuwaIT,MiddleSchool,G-07,B,IT,F,Father,47,62,49,73,No,Bad,Above-7,M
M,Lybia,Lybia,lowerlevel,G-02,A,French,S,Mum,20,17,6,37,No,Good,Above-7,L
F,Palestine,Jordan,lowerlevel,G-02,A,Arabic,F,Mum,87,90,52,26,No,Good,Under-7,H
M,Jordan,Jordan,MiddleSchool,G-08,A,History,S,Mum,68,64,43,54,Yes,Good,Under-7,H
M,KW,KuwaIT,MiddleSchool,G-08,B,Arabic,S,Father,30,45,22,30,Yes,Good,Under-7,M
M,Jordan,Jordan,MiddleSchool,G-08,A,History,F,Mum,57,58,42,59,Yes,Good,Under-7,H
M,KW,KuwaIT,lowerlevel,G-02,B,IT,F,Father,4,22,10,55,Yes,Good,Above-7,L
M,KW,KuwaIT,lowerlevel,G-02,C,IT,F,Father,14,9,16,58,No,Bad,Under-7,L
F,KW,KuwaIT,lowerlevel,G-02,B,IT,F,Father,54,30,24,11,No,Good,Above-7,L
M,KW,KuwaIT,MiddleSchool,G-07,B,IT,F,Father,11,5,12,12,No,Bad,Under-7,L
F,KW,KuwaIT,lowerlevel,G-04,A,History,S,Mum,73,96,55,70,No,Good,Under-7,H
F,Jordan,Jordan,MiddleSchool,G-07,B,Science,S,Mum,61,83,70,70,Yes,Good,Above-7,M
M,KW,KuwaIT,MiddleSchool,G-08,C,Spanish,S,Father,28,22,31,19,No,Bad,Under-7,M
F,KW,KuwaIT,MiddleSchool,G-08,A,Arabic,S,Father,79,70,38,49,No,Bad,Under-7,M
M,Jordan,Jordan,MiddleSchool,G-07,A,IT,F,Father,14,23,32,19,Yes,Good,Above-7,L
F,KW,USA,HighSchool,G-11,A,Quran,F,Mum,38,74,40,35,No,Bad,Under-7,M
M,KW,KuwaIT,MiddleSchool,G-07,A,IT,F,Father,54,72,45,25,No,Good,Under-7,M
M,Tunis,Tunis,MiddleSchool,G-08,C,Spanish,S,Mum,21,79,50,52,No,Bad,Under-7,M
M,KW,KuwaIT,HighSchool,G-10,A,IT,F,Father,23,66,27,22,Yes,Bad,Under-7,M
F,KW,KuwaIT,MiddleSchool,G-07,A,English,F,Father,19,30,26,19,Yes,Bad,Above-7,M
M,KW,KuwaIT,lowerlevel,G-02,B,IT,F,Father,83,78,74,52,Yes,Good,Above-7,H
M,KW,KuwaIT,lowerlevel,G-02,B,French,S,Mum,61,56,27,32,Yes,Good,Under-7,H
M,KW,KuwaIT,MiddleSchool,G-08,B,Spanish,S,Father,3,14,56,40,No,Bad,Under-7,L
M,Jordan,Jordan,MiddleSchool,G-08,A,History,S,Mum,84,84,73,70,Yes,Good,Under-7,H
M,KW,KuwaIT,MiddleSchool,G-07,B,Science,F,Father,12,15,28,57,No,Bad,Above-7,L
F,Jordan,Jordan,MiddleSchool,G-08,A,Geology,F,Mum,74,63,75,86,Yes,Good,Under-7,H
F,lebanon,lebanon,MiddleSchool,G-08,A,Arabic,S,Father,40,16,31,55,No,Bad,Under-7,M
M,Jordan,Jordan,MiddleSchool,G-08,A,Chemistry,F,Mum,74,79,64,24,Yes,Good,Above-7,M
M,Jordan,Jordan,lowerlevel,G-02,A,Arabic,S,Father,13,70,31,28,Yes,Good,Above-7,M
M,KW,KuwaIT,lowerlevel,G-04,A,English,S,Mum,32,34,23,14,No,Bad,Above-7,L
M,KW,KuwaIT,lowerlevel,G-02,B,IT,F,Father,7,24,10,41,Yes,Good,Above-7,L
M,KW,KuwaIT,lowerlevel,G-04,A,IT,F,Father,37,43,22,33,Yes,Good,Under-7,M
F,Jordan,Jordan,lowerlevel,G-02,B,French,F,Mum,25,89,15,14,No,Good,Under-7,H
M,Palestine,Jordan,lowerlevel,G-04,B,Science,F,Mum,38,27,31,33,Yes,Good,Above-7,M
M,Palestine,Jordan,MiddleSchool,G-06,A,English,S,Mum,80,67,66,63,Yes,Good,Under-7,H
M,Iraq,Iraq,lowerlevel,G-04,A,Science,S,Father,72,71,63,56,Yes,Good,Above-7,M
F,KW,KuwaIT,lowerlevel,G-02,C,IT,F,Mum,44,47,56,31,Yes,Good,Above-7,M
M,Syria,Syria,MiddleSchool,G-07,A,Quran,F,Father,20,65,13,42,Yes,Good,Above-7,M
M,Jordan,Jordan,MiddleSchool,G-08,A,Chemistry,F,Mum,56,58,49,42,Yes,Good,Above-7,L
F,KW,KuwaIT,HighSchool,G-11,A,Science,F,Mum,52,77,15,56,Yes,Good,Under-7,H
M,Palestine,Jordan,lowerlevel,G-02,A,Arabic,F,Father,95,90,44,49,Yes,Good,Under-7,H
M,KW,KuwaIT,MiddleSchool,G-07,B,IT,F,Father,4,3,3,59,Yes,Good,Above-7,L
M,KW,KuwaIT,HighSchool,G-09,A,IT,F,Father,56,81,50,55,Yes,Good,Under-7,M
M,KW,KuwaIT,MiddleSchool,G-06,A,IT,F,Father,3,18,14,17,No,Bad,Above-7,L
M,lebanon,lebanon,lowerlevel,G-02,B,French,S,Mum,62,77,55,63,No,Bad,Under-7,M
M,KW,KuwaIT,MiddleSchool,G-07,B,Science,S,Mum,75,79,97,93,Yes,Bad,Under-7,H
M,Syria,Syria,lowerlevel,G-02,A,French,S,Father,32,29,31,48,No,Bad,Under-7,M
F,KW,KuwaIT,lowerlevel,G-04,A,Science,S,Father,51,59,63,68,No,Bad,Under-7,M
M,Jordan,Jordan,lowerlevel,G-02,B,French,F,Father,32,88,32,25,Yes,Good,Under-7,M
F,Jordan,Jordan,lowerlevel,G-04,A,Science,S,Mum,75,72,63,64,No,Good,Under-7,H
F,Jordan,Jordan,MiddleSchool,G-08,A,Chemistry,S,Mum,89,93,56,88,Yes,Good,Under-7,H
M,Jordan,Jordan,MiddleSchool,G-08,A,Chemistry,F,Mum,77,89,66,10,Yes,Good,Above-7,M
M,Jordan,Jordan,lowerlevel,G-02,B,Arabic,F,Mum,20,90,20,81,Yes,Good,Under-7,M
M,Jordan,Jordan,MiddleSchool,G-08,A,History,S,Mum,83,82,80,83,Yes,Good,Under-7,H
M,KW,KuwaIT,MiddleSchool,G-08,B,Arabic,S,Mum,35,87,56,83,Yes,Bad,Under-7,H
M,KW,KuwaIT,MiddleSchool,G-07,B,Science,F,Mum,17,34,32,15,Yes,Good,Above-7,L
F,Egypt,Egypt,MiddleSchool,G-07,A,Quran,S,Mum,88,65,57,87,Yes,Good,Under-7,H
F,Jordan,Jordan,lowerlevel,G-02,A,French,F,Mum,10,90,30,21,No,Good,Under-7,M
M,KW,KuwaIT,MiddleSchool,G-07,A,IT,F,Father,69,62,66,86,No,Bad,Under-7,M
M,KW,KuwaIT,lowerlevel,G-02,B,IT,F,Father,20,23,3,51,No,Bad,Above-7,L
F,Jordan,Jordan,lowerlevel,G-02,A,French,F,Mum,78,87,60,63,Yes,Good,Under-7,H
F,Jordan,Jordan,MiddleSchool,G-06,A,English,F,Mum,91,69,48,29,No,Good,Under-7,H
M,KW,KuwaIT,MiddleSchool,G-08,A,Spanish,S,Father,7,13,17,16,No,Bad,Above-7,L
M,KW,KuwaIT,MiddleSchool,G-07,A,Quran,S,Father,82,89,50,17,Yes,Good,Under-7,H
F,Jordan,USA,lowerlevel,G-02,B,French,S,Mum,88,84,88,62,No,Bad,Above-7,M
M,KW,KuwaIT,MiddleSchool,G-08,A,Spanish,S,Mum,86,71,52,60,Yes,Good,Under-7,H
M,Palestine,Jordan,lowerlevel,G-04,B,Science,S,Mum,72,83,71,68,Yes,Good,Above-7,M
M,Jordan,Jordan,MiddleSchool,G-08,A,Chemistry,S,Mum,72,76,66,40,Yes,Good,Above-7,L
F,Jordan,Jordan,lowerlevel,G-02,A,French,S,Mum,27,73,27,31,No,Good,Under-7,M
F,Jordan,Jordan,MiddleSchool,G-08,A,Geology,F,Father,25,82,52,20,Yes,Good,Above-7,M
M,KW,KuwaIT,HighSchool,G-10,A,IT,F,Father,55,74,42,49,Yes,Good,Under-7,M
F,Jordan,Jordan,MiddleSchool,G-06,A,English,F,Mum,64,85,71,60,Yes,Good,Under-7,H
F,KW,KuwaIT,MiddleSchool,G-08,A,Math,F,Mum,62,70,44,60,No,Bad,Above-7,H
M,Jordan,Jordan,lowerlevel,G-02,B,French,F,Mum,70,92,48,23,Yes,Good,Under-7,H
F,KW,KuwaIT,lowerlevel,G-02,B,IT,F,Father,20,46,17,36,Yes,Good,Under-7,M
M,lebanon,lebanon,MiddleSchool,G-08,C,Spanish,S,Father,72,87,15,11,No,Good,Under-7,M
F,lebanon,lebanon,lowerlevel,G-02,B,French,F,Mum,70,89,73,40,Yes,Good,Under-7,H
M,Jordan,Jordan,lowerlevel,G-02,A,Arabic,F,Father,20,88,31,28,Yes,Good,Above-7,M
F,KW,KuwaIT,lowerlevel,G-02,C,IT,F,Father,7,10,10,44,No,Bad,Above-7,L
M,Iran,Iran,MiddleSchool,G-08,C,Spanish,S,Mum,34,68,39,67,Yes,Bad,Above-7,M
F,Jordan,Jordan,lowerlevel,G-02,B,Arabic,F,Father,21,23,13,67,No,Bad,Above-7,L
M,Iraq,Iraq,MiddleSchool,G-08,A,Chemistry,F,Father,79,87,86,86,Yes,Good,Under-7,H
F,Jordan,Jordan,lowerlevel,G-02,A,French,S,Mum,54,85,25,32,Yes,Good,Under-7,H
F,Lybia,Lybia,MiddleSchool,G-07,B,Biology,F,Mum,19,13,9,21,No,Good,Above-7,L
M,Lybia,Lybia,lowerlevel,G-02,B,French,F,Mum,20,8,20,6,No,Good,Above-7,L
M,SaudiArabia,USA,HighSchool,G-11,B,Spanish,S,Father,10,40,35,60,No,Bad,Above-7,L
M,KW,KuwaIT,lowerlevel,G-02,B,French,S,Father,57,76,66,56,Yes,Good,Under-7,H
F,Jordan,Jordan,MiddleSchool,G-08,A,Geology,S,Mum,80,69,44,42,Yes,Good,Above-7,M
M,KW,KuwaIT,MiddleSchool,G-07,A,Math,F,Father,13,40,12,30,Yes,Good,Under-7,M
M,Palestine,Jordan,lowerlevel,G-04,B,Science,F,Mum,56,52,59,59,Yes,Good,Above-7,M
M,Iraq,Iraq,lowerlevel,G-04,A,Science,F,Father,37,20,30,37,Yes,Good,Above-7,M
M,Tunis,Tunis,MiddleSchool,G-07,A,Quran,F,Father,8,29,4,14,Yes,Bad,Above-7,L
M,Jordan,Jordan,lowerlevel,G-02,A,French,F,Father,9,19,9,29,No,Bad,Above-7,L
F,Jordan,Jordan,lowerlevel,G-02,A,French,F,Mum,62,89,33,24,Yes,Good,Above-7,M
F,Jordan,Jordan,MiddleSchool,G-08,A,Geology,S,Father,14,61,48,39,Yes,Good,Above-7,M
M,Iraq,Iraq,MiddleSchool,G-06,A,English,F,Mum,94,78,87,79,No,Good,Under-7,H
M,Jordan,USA,MiddleSchool,G-07,A,Quran,F,Mum,48,38,31,57,No,Bad,Under-7,M
M,Palestine,Jordan,MiddleSchool,G-06,A,English,S,Mum,77,40,33,31,Yes,Good,Under-7,H
M,Jordan,USA,MiddleSchool,G-07,A,Quran,F,Mum,94,84,64,54,No,Bad,Under-7,M
M,KW,KuwaIT,lowerlevel,G-02,A,IT,S,Father,10,48,1,58,Yes,Good,Above-7,L
M,KW,KuwaIT,MiddleSchool,G-08,A,Spanish,S,Mum,68,72,16,72,Yes,Good,Under-7,H
M,KW,KuwaIT,MiddleSchool,G-08,A,Spanish,S,Mum,73,82,31,92,Yes,Good,Under-7,H
M,Jordan,SaudiArabia,MiddleSchool,G-08,A,Geology,S,Father,87,79,73,98,No,Bad,Under-7,M
F,Jordan,Jordan,lowerlevel,G-02,B,Arabic,F,Father,20,23,13,66,No,Bad,Above-7,L
F,Jordan,Jordan,MiddleSchool,G-08,A,Chemistry,S,Mum,82,93,27,39,Yes,Good,Under-7,H
F,Palestine,Jordan,lowerlevel,G-02,A,Arabic,S,Mum,79,88,54,25,No,Good,Under-7,H
M,Jordan,Jordan,lowerlevel,G-02,B,Arabic,F,Mum,14,82,28,73,Yes,Good,Under-7,M
M,Jordan,Jordan,MiddleSchool,G-08,A,Chemistry,S,Mum,55,90,48,8,Yes,Good,Above-7,M
F,Jordan,KuwaIT,MiddleSchool,G-08,C,Spanish,S,Father,48,57,29,47,Yes,Good,Under-7,M
M,Jordan,Jordan,MiddleSchool,G-08,A,Geology,F,Mum,63,71,54,62,Yes,Good,Under-7,M
M,Palestine,Jordan,MiddleSchool,G-06,A,English,F,Mum,80,55,30,27,Yes,Good,Under-7,H
M,Jordan,Jordan,MiddleSchool,G-08,A,History,F,Mum,82,83,70,89,Yes,Good,Under-7,H
F,Tunis,USA,HighSchool,G-11,B,French,S,Father,70,50,30,49,Yes,Good,Under-7,M
M,Jordan,Jordan,lowerlevel,G-02,A,French,F,Father,9,11,7,46,No,Bad,Above-7,L
M,KW,KuwaIT,MiddleSchool,G-08,C,Spanish,S,Father,5,19,33,16,No,Good,Above-7,L
M,KW,KuwaIT,MiddleSchool,G-07,B,Science,F,Father,11,28,6,33,No,Bad,Above-7,L
M,KW,KuwaIT,MiddleSchool,G-08,B,Arabic,S,Father,60,69,12,31,Yes,Good,Under-7,M
M,Jordan,Jordan,MiddleSchool,G-07,A,IT,F,Father,58,63,27,47,No,Bad,Under-7,M
F,KW,KuwaIT,MiddleSchool,G-08,B,Arabic,S,Father,36,60,52,51,Yes,Bad,Under-7,M
M,Jordan,Jordan,lowerlevel,G-02,A,French,S,Father,24,2,16,39,No,Good,Above-7,L
M,KW,KuwaIT,lowerlevel,G-04,A,Math,S,Father,35,29,34,35,Yes,Good,Under-7,H
M,KW,KuwaIT,lowerlevel,G-02,B,IT,F,Father,45,28,10,14,No,Bad,Above-7,L
F,Jordan,Jordan,lowerlevel,G-02,B,French,F,Mum,57,58,36,83,No,Good,Under-7,H
M,Jordan,Jordan,lowerlevel,G-02,A,French,F,Father,40,7,50,41,No,Good,Above-7,L
F,Jordan,Jordan,lowerlevel,G-02,B,French,S,Father,76,75,44,37,Yes,Bad,Above-7,M
F,lebanon,lebanon,lowerlevel,G-02,B,French,F,Mum,66,76,38,24,Yes,Good,Under-7,H
F,Jordan,Jordan,MiddleSchool,G-08,A,History,S,Father,18,12,22,84,No,Bad,Above-7,L
F,Jordan,Jordan,MiddleSchool,G-07,A,Biology,F,Mum,72,83,45,11,Yes,Good,Above-7,M
F,Palestine,Jordan,lowerlevel,G-02,A,French,F,Mum,20,20,14,11,No,Good,Under-7,M
M,KW,KuwaIT,MiddleSchool,G-07,B,IT,F,Father,16,9,9,48,No,Bad,Under-7,L
F,lebanon,lebanon,lowerlevel,G-02,B,French,S,Mum,84,71,64,52,Yes,Bad,Under-7,H
M,KW,KuwaIT,MiddleSchool,G-07,A,Math,F,Father,34,20,26,55,No,Bad,Above-7,M
F,KW,KuwaIT,HighSchool,G-12,A,English,F,Father,14,82,33,31,Yes,Good,Under-7,M
M,KW,KuwaIT,HighSchool,G-10,A,IT,F,Father,3,8,12,10,No,Bad,Above-7,L
M,KW,KuwaIT,lowerlevel,G-02,B,IT,F,Father,54,34,34,53,Yes,Bad,Above-7,M
F,KW,KuwaIT,lowerlevel,G-02,C,IT,F,Father,26,26,20,46,No,Bad,Under-7,M
M,Jordan,Jordan,MiddleSchool,G-08,B,Arabic,S,Father,30,9,17,11,No,Bad,Above-7,L
F,KW,KuwaIT,lowerlevel,G-07,A,IT,F,Father,2,19,10,50,Yes,Good,Above-7,L
M,Palestine,Jordan,lowerlevel,G-02,A,Arabic,S,Father,70,89,57,34,Yes,Good,Under-7,H
M,KW,KuwaIT,MiddleSchool,G-08,B,Arabic,S,Father,59,33,43,16,Yes,Good,Under-7,M
M,Palestine,Jordan,MiddleSchool,G-06,A,English,S,Mum,73,50,51,32,No,Good,Under-7,M
F,KW,KuwaIT,MiddleSchool,G-08,A,Math,F,Mum,78,89,48,29,No,Bad,Above-7,H
M,Jordan,Jordan,lowerlevel,G-02,B,Arabic,F,Father,9,9,33,36,No,Bad,Above-7,L
M,KW,KuwaIT,MiddleSchool,G-08,C,Spanish,S,Father,30,66,50,29,No,Bad,Under-7,M
M,Jordan,Jordan,lowerlevel,G-02,B,French,S,Father,18,81,17,14,Yes,Good,Under-7,M
M,SaudiArabia,USA,HighSchool,G-11,B,English,S,Father,29,83,39,40,No,Bad,Above-7,M
F,Jordan,Jordan,lowerlevel,G-02,A,French,S,Mum,55,91,37,31,Yes,Good,Under-7,H
M,KW,KuwaIT,MiddleSchool,G-08,A,Spanish,S,Father,5,17,21,10,No,Bad,Above-7,L
M,Jordan,Jordan,lowerlevel,G-04,A,Science,S,Father,37,26,22,73,No,Good,Above-7,M
M,lebanon,lebanon,MiddleSchool,G-08,C,Spanish,S,Father,71,52,32,28,No,Good,Under-7,M
M,Jordan,Jordan,MiddleSchool,G-07,B,Biology,F,Father,50,79,10,31,No,Bad,Under-7,M
M,KW,KuwaIT,lowerlevel,G-02,B,French,S,Father,40,62,83,33,Yes,Good,Under-7,H
F,KW,KuwaIT,lowerlevel,G-04,A,History,S,Mum,50,69,81,41,Yes,Good,Above-7,M
F,Jordan,Jordan,MiddleSchool,G-08,A,History,F,Father,13,14,9,44,No,Bad,Above-7,L
M,Palestine,Palestine,MiddleSchool,G-07,A,Biology,S,Father,86,83,34,72,Yes,Good,Under-7,H
F,KW,USA,HighSchool,G-11,A,Quran,S,Mum,83,85,91,70,Yes,Good,Under-7,H
M,KW,KuwaIT,MiddleSchool,G-08,A,Spanish,S,Mum,51,74,38,50,No,Bad,Under-7,M
M,Jordan,Jordan,lowerlevel,G-02,A,Arabic,S,Father,15,86,36,34,Yes,Good,Above-7,M
M,KW,KuwaIT,lowerlevel,G-02,C,IT,F,Mum,2,4,7,53,No,Bad,Above-7,L
M,KW,KuwaIT,MiddleSchool,G-07,A,IT,F,Father,14,59,24,35,No,Good,Under-7,M
F,KW,KuwaIT,lowerlevel,G-02,C,IT,F,Mum,74,86,35,42,Yes,Good,Above-7,M
F,KW,KuwaIT,MiddleSchool,G-07,A,IT,F,Mum,93,71,75,74,Yes,Good,Under-7,M
M,Jordan,Palestine,MiddleSchool,G-07,A,Biology,F,Mum,74,87,35,35,Yes,Good,Under-7,H
M,Jordan,Jordan,lowerlevel,G-02,A,French,F,Father,10,13,8,25,No,Bad,Above-7,L
F,Lybia,Lybia,MiddleSchool,G-07,B,Biology,F,Mum,12,12,3,29,No,Good,Above-7,L
M,Tunis,Tunis,MiddleSchool,G-07,A,Quran,F,Father,9,27,12,19,Yes,Bad,Above-7,L
M,KW,KuwaIT,MiddleSchool,G-08,C,Spanish,S,Mum,53,59,42,29,Yes,Good,Under-7,M
F,Jordan,Jordan,lowerlevel,G-02,B,French,F,Mum,36,75,45,59,No,Good,Under-7,H
M,KW,KuwaIT,HighSchool,G-10,A,IT,F,Father,1,6,9,33,No,Bad,Above-7,L
F,Jordan,Jordan,lowerlevel,G-02,A,French,S,Mum,60,91,31,14,Yes,Good,Under-7,H
M,Syria,Syria,lowerlevel,G-02,A,French,F,Father,66,58,45,39,No,Bad,Under-7,M
F,KW,KuwaIT,lowerlevel,G-02,C,IT,F,Mum,47,42,28,29,Yes,Good,Above-7,M
M,Jordan,Jordan,lowerlevel,G-04,B,Science,F,Mum,69,68,78,87,Yes,Good,Under-7,H
M,KW,KuwaIT,lowerlevel,G-02,B,IT,F,Father,61,50,24,15,No,Bad,Under-7,M
M,KW,KuwaIT,HighSchool,G-11,A,Quran,F,Father,39,17,12,14,No,Bad,Above-7,L
M,Jordan,SaudiArabia,MiddleSchool,G-08,A,Geology,F,Father,59,51,47,66,No,Bad,Under-7,M
M,Jordan,Jordan,MiddleSchool,G-06,A,English,S,Father,51,71,23,39,Yes,Bad,Above-7,M
F,Egypt,Egypt,MiddleSchool,G-07,A,IT,F,Father,48,35,20,76,Yes,Good,Under-7,M
M,KW,KuwaIT,MiddleSchool,G-07,B,Science,S,Mum,31,58,57,58,Yes,Good,Above-7,M
M,Syria,Syria,lowerlevel,G-02,A,French,S,Father,27,20,33,35,No,Bad,Under-7,M
F,Jordan,Jordan,MiddleSchool,G-07,A,Quran,S,Father,64,59,35,32,No,Bad,Under-7,M
M,Palestine,Jordan,MiddleSchool,G-06,A,English,S,Mum,70,69,27,37,Yes,Good,Under-7,H
M,KW,KuwaIT,lowerlevel,G-02,B,IT,F,Father,79,86,68,43,Yes,Good,Under-7,H
F,KW,KuwaIT,lowerlevel,G-04,A,IT,F,Father,49,37,19,69,Yes,Bad,Above-7,M
F,KW,KuwaIT,lowerlevel,G-04,A,History,S,Father,70,29,44,97,Yes,Good,Under-7,M
M,Jordan,Jordan,MiddleSchool,G-08,A,Geology,S,Mum,69,85,59,68,Yes,Good,Under-7,M
F,KW,KuwaIT,lowerlevel,G-04,A,History,S,Mum,19,55,50,45,Yes,Good,Above-7,M
M,Jordan,Jordan,lowerlevel,G-02,B,French,S,Mum,54,88,35,62,No,Bad,Under-7,M
M,KW,KuwaIT,lowerlevel,G-02,B,IT,F,Father,18,29,0,39,No,Good,Above-7,L
M,KW,KuwaIT,MiddleSchool,G-07,A,Math,F,Father,65,40,38,33,Yes,Good,Under-7,M
F,Jordan,Palestine,lowerlevel,G-02,A,French,F,Mum,80,77,63,83,Yes,Good,Under-7,M
M,Egypt,Egypt,MiddleSchool,G-07,B,Science,S,Mum,33,64,32,74,Yes,Good,Under-7,H
F,Jordan,Jordan,MiddleSchool,G-07,A,Biology,S,Mum,79,89,58,27,Yes,Good,Above-7,M
F,Jordan,Jordan,MiddleSchool,G-08,A,Chemistry,S,Mum,85,88,37,48,Yes,Good,Under-7,H
M,KW,KuwaIT,MiddleSchool,G-08,B,Arabic,S,Father,69,63,52,37,Yes,Good,Under-7,M
M,Jordan,Jordan,lowerlevel,G-02,B,Arabic,F,Mum,17,60,20,65,Yes,Good,Under-7,M
M,lebanon,lebanon,MiddleSchool,G-08,A,Math,F,Father,22,22,11,16,No,Bad,Above-7,L
M,Jordan,Jordan,lowerlevel,G-04,B,Science,S,Father,58,49,46,31,No,Good,Above-7,M
M,lebanon,lebanon,MiddleSchool,G-08,C,Spanish,S,Father,50,76,37,16,Yes,Good,Under-7,M
M,KW,KuwaIT,MiddleSchool,G-07,B,IT,F,Father,8,5,8,10,No,Bad,Under-7,L
M,Palestine,Jordan,MiddleSchool,G-07,B,Biology,F,Father,69,79,64,55,Yes,Good,Under-7,M
M,Jordan,SaudiArabia,MiddleSchool,G-08,A,Geology,S,Father,35,86,54,44,No,Bad,Under-7,M
M,Jordan,Jordan,MiddleSchool,G-07,B,Science,S,Father,26,13,5,50,No,Bad,Above-7,L
M,Jordan,Jordan,lowerlevel,G-02,A,French,F,Father,9,9,26,36,No,Bad,Above-7,L
M,Iraq,Iraq,lowerlevel,G-02,B,Arabic,S,Mum,56,87,26,27,Yes,Good,Under-7,H
F,lebanon,lebanon,MiddleSchool,G-07,A,Quran,S,Mum,100,80,10,71,Yes,Good,Under-7,H
M,Iran,Iran,MiddleSchool,G-08,C,Spanish,S,Mum,39,54,53,41,Yes,Bad,Above-7,M
F,lebanon,lebanon,MiddleSchool,G-08,A,Arabic,S,Father,52,52,55,37,No,Bad,Under-7,M
M,KW,KuwaIT,HighSchool,G-10,A,IT,F,Father,60,75,25,32,Yes,Good,Under-7,M
M,KW,KuwaIT,lowerlevel,G-02,B,IT,F,Father,12,6,15,19,No,Bad,Above-7,L
F,Jordan,Jordan,MiddleSchool,G-07,B,Biology,F,Mum,82,88,20,54,No,Good,Under-7,H
F,KW,KuwaIT,MiddleSchool,G-06,A,IT,F,Father,46,72,18,49,Yes,Good,Under-7,M
M,Syria,Syria,lowerlevel,G-02,B,French,S,Mum,19,29,47,16,Yes,Good,Above-7,L
M,KW,KuwaIT,MiddleSchool,G-07,B,IT,F,Father,14,2,11,13,No,Bad,Under-7,L
M,Tunis,SaudiArabia,MiddleSchool,G-07,A,Quran,S,Father,59,76,52,12,Yes,Bad,Under-7,M
F,Jordan,Jordan,lowerlevel,G-02,B,French,F,Mum,28,86,28,41,No,Good,Under-7,H
F,lebanon,lebanon,MiddleSchool,G-06,A,English,F,Mum,81,69,72,59,Yes,Good,Under-7,H
M,Tunis,Tunis,lowerlevel,G-02,B,French,S,Mum,40,39,31,23,Yes,Bad,Under-7,H
F,Jordan,Jordan,lowerlevel,G-02,B,French,S,Father,50,62,73,43,Yes,Bad,Above-7,M
M,KW,KuwaIT,lowerlevel,G-04,A,IT,F,Father,14,31,7,18,Yes,Good,Under-7,M
M,Iran,Iran,MiddleSchool,G-08,C,Spanish,S,Mum,38,46,41,62,Yes,Bad,Above-7,M
M,KW,KuwaIT,MiddleSchool,G-08,A,Arabic,S,Mum,67,61,46,43,Yes,Good,Under-7,H
F,USA,USA,lowerlevel,G-02,B,French,S,Mum,33,58,71,16,Yes,Bad,Under-7,M
F,Jordan,KuwaIT,MiddleSchool,G-08,C,Spanish,S,Father,87,88,40,10,Yes,Good,Under-7,M
M,Lybia,Lybia,lowerlevel,G-02,B,French,S,Mum,12,13,11,10,No,Good,Above-7,L
F,KW,KuwaIT,lowerlevel,G-02,C,IT,F,Father,23,63,14,70,Yes,Good,Under-7,H
M,Jordan,Jordan,lowerlevel,G-02,A,Arabic,F,Father,22,13,39,21,No,Bad,Under-7,M
M,Egypt,Egypt,MiddleSchool,G-07,B,Science,S,Mum,87,75,69,61,Yes,Good,Under-7,H
F,KW,USA,HighSchool,G-11,A,Quran,F,Mum,52,67,44,36,No,Bad,Under-7,M
F,Jordan,Jordan,lowerlevel,G-02,A,French,S,Mum,65,66,34,17,Yes,Good,Under-7,H
M,Jordan,Jordan,MiddleSchool,G-08,A,Chemistry,F,Mum,91,82,40,30,Yes,Good,Above-7,M
M,Palestine,Palestine,MiddleSchool,G-07,A,Biology,S,Father,88,90,57,37,Yes,Good,Under-7,H
M,Jordan,Jordan,MiddleSchool,G-08,A,History,S,Mum,81,82,76,76,Yes,Good,Under-7,H
M,KW,KuwaIT,MiddleSchool,G-08,A,Arabic,S,Mum,75,19,23,52,Yes,Good,Under-7,M
F,KW,KuwaIT,MiddleSchool,G-08,A,Arabic,S,Father,79,65,47,41,Yes,Good,Under-7,M
M,venzuela,venzuela,HighSchool,G-10,A,IT,F,Mum,73,83,57,63,Yes,Good,Under-7,H
M,KW,KuwaIT,lowerlevel,G-04,A,Math,S,Father,22,22,34,50,Yes,Good,Under-7,H
F,Jordan,Jordan,lowerlevel,G-02,A,French,F,Mum,53,65,37,22,No,Good,Under-7,M
M,KW,KuwaIT,MiddleSchool,G-07,B,Science,S,Mum,53,64,68,59,Yes,Bad,Under-7,H
F,Jordan,Jordan,lowerlevel,G-04,A,Science,S,Father,22,15,6,58,No,Bad,Above-7,L
M,Jordan,Jordan,MiddleSchool,G-08,A,Geology,F,Mum,77,85,74,80,Yes,Good,Under-7,M
F,KW,KuwaIT,lowerlevel,G-02,C,IT,F,Mum,31,42,36,27,Yes,Good,Above-7,M
F,Jordan,Jordan,lowerlevel,G-02,B,French,F,Mum,15,83,35,69,No,Good,Under-7,H
M,KW,KuwaIT,HighSchool,G-09,A,IT,F,Father,9,44,6,25,Yes,Good,Above-7,L
M,Tunis,Tunis,MiddleSchool,G-08,C,Spanish,S,Father,23,23,14,20,No,Bad,Above-7,L
F,KW,KuwaIT,HighSchool,G-09,A,IT,F,Father,59,65,52,66,Yes,Good,Under-7,M
F,Jordan,Jordan,MiddleSchool,G-07,B,Biology,F,Mum,70,87,16,24,No,Good,Under-7,H
M,Tunis,Tunis,MiddleSchool,G-08,C,Spanish,S,Mum,27,41,49,14,No,Bad,Under-7,M
F,Palestine,Palestine,lowerlevel,G-04,A,Science,S,Mum,62,64,72,84,Yes,Good,Under-7,H
M,KW,KuwaIT,MiddleSchool,G-07,B,Science,S,Father,72,75,69,80,Yes,Good,Above-7,M
F,KW,KuwaIT,MiddleSchool,G-07,A,IT,F,Father,73,54,37,43,No,Bad,Above-7,M
F,Jordan,Jordan,lowerlevel,G-02,A,French,S,Mum,35,92,35,42,Yes,Good,Under-7,H
M,Jordan,Jordan,MiddleSchool,G-06,A,English,S,Father,21,73,37,37,Yes,Good,Above-7,M
M,Morocco,Morocco,MiddleSchool,G-08,A,Arabic,S,Mum,82,80,41,37,No,Bad,Under-7,M
M,Jordan,Jordan,lowerlevel,G-02,B,Arabic,F,Father,9,26,41,67,Yes,Bad,Above-7,L
M,Tunis,Tunis,MiddleSchool,G-07,A,Quran,S,Father,16,67,51,16,Yes,Good,Under-7,M
F,Jordan,Jordan,lowerlevel,G-02,B,French,S,Mum,25,89,21,13,Yes,Good,Under-7,M
M,KW,KuwaIT,lowerlevel,G-04,A,IT,S,Father,56,77,68,23,No,Good,Above-7,M
M,Jordan,Jordan,lowerlevel,G-02,A,French,S,Father,36,3,36,38,No,Good,Above-7,L
M,KW,KuwaIT,lowerlevel,G-04,A,Arabic,S,Father,37,24,11,49,No,Bad,Above-7,L
F,Jordan,Jordan,MiddleSchool,G-08,A,History,F,Father,26,16,17,54,No,Bad,Above-7,L
F,KW,KuwaIT,lowerlevel,G-04,A,History,S,Father,26,86,21,19,No,Good,Under-7,M
M,Egypt,Egypt,lowerlevel,G-02,B,French,F,Mum,10,8,9,6,No,Good,Above-7,L
F,lebanon,lebanon,lowerlevel,G-02,B,French,S,Mum,80,52,46,29,Yes,Bad,Under-7,H
M,KW,KuwaIT,MiddleSchool,G-08,B,Spanish,S,Father,93,80,85,63,Yes,Bad,Under-7,M
M,KW,KuwaIT,MiddleSchool,G-07,A,Math,F,Father,55,53,46,34,Yes,Good,Above-7,L
F,KW,KuwaIT,lowerlevel,G-02,C,IT,F,Father,13,67,13,62,Yes,Good,Under-7,H
F,Palestine,Jordan,lowerlevel,G-02,A,Arabic,S,Mum,81,83,52,30,No,Good,Under-7,H
F,KW,KuwaIT,HighSchool,G-12,A,English,F,Father,55,90,16,40,No,Bad,Under-7,M
M,Jordan,Jordan,lowerlevel,G-02,B,French,F,Father,51,57,37,18,Yes,Good,Under-7,M
M,Palestine,Jordan,MiddleSchool,G-08,A,History,S,Father,54,53,44,68,Yes,Good,Under-7,M
F,KW,KuwaIT,lowerlevel,G-02,B,IT,F,Father,64,78,55,56,Yes,Good,Under-7,H
M,KW,KuwaIT,MiddleSchool,G-07,B,IT,F,Father,15,87,37,47,No,Bad,Above-7,M
M,Iraq,Iraq,lowerlevel,G-02,B,Arabic,S,Mum,60,86,25,28,Yes,Good,Under-7,H
F,Jordan,Jordan,lowerlevel,G-02,A,French,F,Mum,26,86,42,22,No,Good,Under-7,M
M,Jordan,SaudiArabia,MiddleSchool,G-08,A,Geology,F,Father,79,68,53,54,No,Bad,Under-7,M
M,KW,KuwaIT,lowerlevel,G-04,A,IT,F,Father,65,72,59,70,No,Bad,Above-7,M
M,KW,KuwaIT,lowerlevel,G-02,C,IT,S,Father,18,25,10,10,No,Bad,Above-7,L
M,Lybia,Lybia,lowerlevel,G-02,B,French,F,Mum,10,13,10,32,No,Good,Above-7,L
F,KW,KuwaIT,MiddleSchool,G-07,A,IT,F,Father,20,22,25,57,No,Bad,Above-7,L
M,Palestine,Jordan,MiddleSchool,G-06,A,English,F,Mum,78,35,50,27,No,Good,Under-7,M
F,KW,KuwaIT,MiddleSchool,G-08,A,Arabic,F,Father,35,80,50,70,Yes,Good,Under-7,H
F,Jordan,KuwaIT,MiddleSchool,G-08,C,Spanish,S,Father,76,87,34,11,Yes,Good,Under-7,M
F,Jordan,Jordan,MiddleSchool,G-08,A,Geology,S,Mum,64,72,67,87,Yes,Good,Under-7,H
M,Jordan,Jordan,MiddleSchool,G-08,A,Geology,F,Mum,82,84,84,41,Yes,Good,Under-7,M
M,Jordan,Jordan,MiddleSchool,G-08,A,Geology,F,Mum,80,81,71,30,Yes,Good,Under-7,M
M,Jordan,Jordan,MiddleSchool,G-07,B,Biology,F,Father,55,82,12,28,No,Bad,Under-7,M
M,Jordan,Jordan,MiddleSchool,G-07,B,Biology,F,Father,63,79,34,32,No,Bad,Under-7,M
M,KW,KuwaIT,lowerlevel,G-02,B,IT,F,Father,6,6,25,33,No,Bad,Above-7,L
F,Lybia,Lybia,MiddleSchool,G-07,B,Biology,F,Mum,8,9,4,21,No,Good,Above-7,L
F,Jordan,Jordan,MiddleSchool,G-08,A,Chemistry,S,Father,3,7,7,36,No,Bad,Above-7,L
F,Jordan,Jordan,MiddleSchool,G-08,A,Chemistry,F,Father,23,93,28,15,Yes,Good,Under-7,H
M,KW,KuwaIT,MiddleSchool,G-08,C,Spanish,S,Mum,67,51,35,43,Yes,Good,Under-7,M
M,Jordan,Jordan,MiddleSchool,G-08,A,Geology,F,Mum,63,84,62,64,Yes,Good,Under-7,M
M,KW,KuwaIT,MiddleSchool,G-07,B,Science,S,Mum,25,72,34,40,Yes,Good,Above-7,M
F,Jordan,Jordan,MiddleSchool,G-07,A,Biology,F,Mum,82,80,57,13,Yes,Good,Above-7,M
F,Jordan,Jordan,MiddleSchool,G-06,A,English,F,Mum,43,79,69,80,Yes,Good,Under-7,H
M,KW,KuwaIT,HighSchool,G-12,A,English,F,Mum,5,19,6,10,No,Bad,Above-7,L
M,Jordan,Jordan,MiddleSchool,G-06,A,English,F,Father,40,82,26,27,Yes,Good,Above-7,M
M,Palestine,Jordan,lowerlevel,G-02,A,Arabic,S,Father,71,69,65,66,Yes,Good,Under-7,H
F,lebanon,lebanon,MiddleSchool,G-08,A,Arabic,S,Father,25,15,32,53,No,Bad,Under-7,M
M,KW,KuwaIT,lowerlevel,G-04,A,IT,F,Father,5,9,16,85,No,Bad,Above-7,L
M,Jordan,Jordan,MiddleSchool,G-07,B,Biology,F,Father,55,79,18,27,No,Bad,Under-7,M
F,Jordan,Jordan,lowerlevel,G-02,A,French,S,Mum,50,80,20,15,Yes,Good,Above-7,M
M,KW,KuwaIT,lowerlevel,G-04,A,IT,F,Father,7,19,16,22,No,Bad,Above-7,L
M,Jordan,Jordan,MiddleSchool,G-06,A,English,S,Father,20,74,27,28,Yes,Good,Above-7,M
F,Jordan,Jordan,MiddleSchool,G-06,A,English,F,Mum,71,94,45,44,No,Good,Under-7,H
F,Jordan,Jordan,MiddleSchool,G-08,A,Chemistry,F,Father,84,89,56,41,Yes,Good,Under-7,H
M,Jordan,Jordan,lowerlevel,G-04,B,Science,S,Mum,80,82,54,52,Yes,Good,Under-7,H
M,KW,KuwaIT,MiddleSchool,G-08,C,Spanish,S,Father,7,20,34,13,No,Good,Above-7,L
M,Jordan,Jordan,MiddleSchool,G-07,B,Science,S,Mum,76,81,71,68,No,Bad,Under-7,M
M,KW,KuwaIT,MiddleSchool,G-08,B,Arabic,S,Father,64,85,51,49,No,Bad,Under-7,M
F,KW,KuwaIT,HighSchool,G-09,A,IT,F,Father,33,33,30,90,No,Bad,Under-7,M
M,Tunis,SaudiArabia,MiddleSchool,G-07,A,Quran,S,Father,41,48,37,29,Yes,Bad,Under-7,M
F,Jordan,Palestine,lowerlevel,G-02,A,French,S,Mum,34,81,35,32,Yes,Good,Under-7,M
F,KW,KuwaIT,HighSchool,G-09,A,IT,F,Father,29,34,25,81,Yes,Good,Under-7,M
M,KW,KuwaIT,lowerlevel,G-04,A,History,S,Father,53,90,68,71,Yes,Bad,Above-7,M
M,Palestine,Jordan,MiddleSchool,G-07,B,Biology,S,Father,79,72,79,83,Yes,Good,Under-7,M
M,KW,KuwaIT,lowerlevel,G-02,B,IT,F,Father,16,54,3,52,No,Bad,Above-7,L
M,KW,KuwaIT,lowerlevel,G-02,B,IT,F,Father,10,28,2,39,No,Good,Above-7,L
M,Jordan,Jordan,lowerlevel,G-02,B,Arabic,S,Mum,44,79,57,59,Yes,Bad,Above-7,M
M,KW,KuwaIT,lowerlevel,G-02,B,IT,F,Father,28,63,69,35,Yes,Bad,Under-7,M
F,Jordan,Jordan,lowerlevel,G-04,A,Science,F,Mum,69,74,69,90,No,Good,Under-7,H
F,Iraq,Iraq,lowerlevel,G-02,B,Arabic,S,Mum,84,88,48,24,Yes,Good,Under-7,H
M,KW,KuwaIT,MiddleSchool,G-08,C,Spanish,S,Father,10,22,39,15,No,Good,Above-7,L
M,Jordan,Jordan,MiddleSchool,G-07,A,Biology,S,Father,76,73,47,74,Yes,Bad,Under-7,M
F,KW,KuwaIT,lowerlevel,G-04,A,History,S,Mum,80,87,72,60,No,Good,Under-7,H
M,KW,KuwaIT,MiddleSchool,G-08,C,Spanish,S,Mum,79,76,63,57,Yes,Bad,Under-7,H
F,Jordan,Jordan,MiddleSchool,G-08,A,Chemistry,S,Father,84,86,45,20,Yes,Good,Under-7,H
M,KW,KuwaIT,MiddleSchool,G-07,A,Math,F,Father,35,14,28,27,Yes,Good,Under-7,M
M,lebanon,lebanon,MiddleSchool,G-08,A,Math,F,Father,56,29,12,18,No,Bad,Above-7,L
F,Palestine,Jordan,lowerlevel,G-02,B,French,S,Father,81,82,12,17,No,Good,Under-7,M
M,USA,USA,lowerlevel,G-02,B,IT,F,Father,73,84,44,53,Yes,Good,Under-7,H
M,KW,KuwaIT,MiddleSchool,G-08,C,Spanish,S,Mum,32,23,37,48,Yes,Good,Under-7,M
M,KW,KuwaIT,lowerlevel,G-02,B,IT,F,Father,3,4,6,18,No,Bad,Above-7,L
M,Tunis,Tunis,lowerlevel,G-02,B,French,S,Mum,60,65,20,25,Yes,Bad,Under-7,H
M,Palestine,Palestine,MiddleSchool,G-08,A,Geology,S,Father,73,79,73,58,Yes,Good,Under-7,M
M,KW,KuwaIT,MiddleSchool,G-07,A,Math,F,Father,48,54,12,17,Yes,Good,Under-7,M
M,Iran,Iran,MiddleSchool,G-08,C,Spanish,S,Mum,22,46,38,58,Yes,Bad,Above-7,M
F,Iraq,Iraq,lowerlevel,G-02,B,French,S,Father,46,28,30,74,No,Good,Under-7,M
F,lebanon,lebanon,MiddleSchool,G-07,B,Math,F,Mum,78,87,51,47,Yes,Bad,Under-7,H
M,Tunis,Tunis,MiddleSchool,G-08,C,Spanish,S,Mum,27,30,38,21,No,Bad,Under-7,M
M,Jordan,SaudiArabia,lowerlevel,G-02,B,Arabic,S,Mum,14,4,1,12,No,Good,Above-7,L
F,SaudiArabia,USA,HighSchool,G-11,B,Science,S,Father,69,62,73,40,Yes,Bad,Under-7,H
M,Egypt,Egypt,lowerlevel,G-04,A,Math,S,Mum,49,94,42,7,No,Bad,Above-7,M
F,Jordan,Jordan,lowerlevel,G-04,A,Science,S,Father,48,35,29,41,No,Bad,Above-7,L
M,Jordan,Jordan,MiddleSchool,G-07,A,Biology,F,Father,39,76,46,33,No,Good,Above-7,M
M,Jordan,SaudiArabia,MiddleSchool,G-08,A,Chemistry,S,Father,8,38,17,27,No,Bad,Above-7,L
M,USA,USA,MiddleSchool,G-08,B,Math,F,Father,19,5,4,1,Yes,Good,Above-7,L
M,Jordan,Jordan,MiddleSchool,G-08,A,Geology,S,Mum,72,83,55,50,Yes,Good,Under-7,M
F,KW,KuwaIT,MiddleSchool,G-08,A,Arabic,F,Father,22,65,28,40,No,Bad,Under-7,M
F,Jordan,Palestine,lowerlevel,G-02,A,French,F,Mum,47,44,33,51,Yes,Good,Under-7,M
M,Jordan,SaudiArabia,MiddleSchool,G-08,A,Chemistry,S,Father,8,4,8,29,No,Bad,Above-7,L
M,Jordan,Jordan,lowerlevel,G-02,A,French,S,Father,24,2,20,24,No,Good,Above-7,L
M,Jordan,Jordan,lowerlevel,G-02,B,French,S,Mum,44,60,65,21,Yes,Good,Above-7,M
F,Jordan,Jordan,MiddleSchool,G-08,A,Chemistry,S,Mum,33,96,18,22,Yes,Good,Under-7,H
M,KW,KuwaIT,MiddleSchool,G-08,A,Spanish,S,Father,33,41,9,25,Yes,Good,Under-7,L
F,KW,KuwaIT,HighSchool,G-09,A,IT,F,Father,21,53,38,34,No,Bad,Under-7,M
M,Jordan,Jordan,lowerlevel,G-02,A,Arabic,F,Father,67,82,44,54,Yes,Good,Above-7,M
F,Jordan,Jordan,lowerlevel,G-04,A,Science,S,Mum,65,86,61,78,No,Good,Under-7,H
M,KW,KuwaIT,lowerlevel,G-02,B,IT,F,Father,24,9,19,18,Yes,Good,Above-7,L
M,Jordan,Jordan,lowerlevel,G-02,B,French,F,Mum,47,87,34,46,Yes,Good,Under-7,H
F,lebanon,lebanon,MiddleSchool,G-08,A,Arabic,S,Mum,29,75,28,33,Yes,Good,Under-7,H
F,Jordan,Jordan,MiddleSchool,G-06,A,English,F,Mum,51,79,85,89,Yes,Good,Under-7,H
F,KW,KuwaIT,MiddleSchool,G-07,B,Science,S,Father,71,75,28,46,Yes,Good,Under-7,M
F,KW,KuwaIT,lowerlevel,G-04,A,History,S,Mum,28,47,41,27,Yes,Good,Above-7,M
F,Palestine,Palestine,lowerlevel,G-04,A,Science,F,Mum,76,77,81,86,Yes,Good,Under-7,H
F,KW,KuwaIT,HighSchool,G-12,A,English,F,Father,24,53,40,84,Yes,Good,Under-7,M
M,Jordan,Jordan,lowerlevel,G-04,B,Science,S,Mum,74,72,62,86,Yes,Good,Under-7,H
M,Tunis,Tunis,MiddleSchool,G-08,C,Spanish,S,Mum,67,70,72,15,No,Bad,Under-7,M
M,KW,KuwaIT,MiddleSchool,G-07,A,Math,F,Father,9,3,3,9,No,Bad,Under-7,L
M,KW,KuwaIT,MiddleSchool,G-08,A,Arabic,S,Mum,58,34,15,35,Yes,Good,Under-7,M
M,KW,KuwaIT,MiddleSchool,G-07,A,Quran,S,Father,11,13,17,31,No,Bad,Above-7,L
F,Palestine,Jordan,lowerlevel,G-02,A,French,F,Mum,70,90,20,21,No,Good,Under-7,M
M,SaudiArabia,SaudiArabia,lowerlevel,G-02,B,IT,F,Father,12,27,11,8,No,Bad,Above-7,M
M,Jordan,Jordan,lowerlevel,G-02,B,Arabic,S,Father,25,12,31,18,No,Bad,Above-7,L
M,Jordan,Jordan,lowerlevel,G-02,B,French,F,Mum,59,93,61,48,Yes,Good,Under-7,H
M,Jordan,Jordan,lowerlevel,G-02,A,French,S,Father,23,12,17,6,No,Bad,Above-7,L
M,KW,KuwaIT,lowerlevel,G-04,A,IT,F,Father,39,33,36,50,Yes,Good,Under-7,M
F,Jordan,Jordan,MiddleSchool,G-07,A,Quran,S,Father,60,59,39,36,No,Bad,Under-7,M
M,KW,KuwaIT,lowerlevel,G-02,B,IT,F,Father,43,30,19,49,Yes,Good,Under-7,L
M,Jordan,USA,MiddleSchool,G-07,A,Quran,F,Mum,97,78,67,53,No,Bad,Under-7,M
M,Egypt,Egypt,lowerlevel,G-02,B,French,S,Mum,8,41,7,16,No,Good,Above-7,L
M,KW,KuwaIT,MiddleSchool,G-07,B,Science,F,Father,26,6,20,37,No,Bad,Above-7,L
M,Iraq,Iraq,MiddleSchool,G-07,B,Biology,F,Father,86,58,51,31,Yes,Good,Under-7,H
F,Jordan,lebanon,lowerlevel,G-04,B,Science,S,Mum,74,86,85,89,Yes,Good,Under-7,H
F,USA,USA,MiddleSchool,G-07,A,Math,F,Father,59,70,14,31,No,Good,Under-7,M
M,KW,KuwaIT,lowerlevel,G-02,B,IT,F,Father,1,2,3,31,No,Bad,Above-7,L
M,KW,KuwaIT,lowerlevel,G-02,C,IT,F,Father,34,60,73,32,No,Good,Under-7,M
F,KW,KuwaIT,lowerlevel,G-02,B,IT,F,Father,8,17,17,83,No,Bad,Under-7,L
F,Jordan,Jordan,lowerlevel,G-04,A,Science,S,Father,36,23,12,27,No,Bad,Above-7,L
F,Iraq,Iraq,lowerlevel,G-02,B,French,F,Father,11,45,52,28,No,Good,Under-7,M
F,KW,KuwaIT,lowerlevel,G-02,B,IT,F,Father,83,83,58,82,No,Bad,Under-7,H
M,Jordan,Jordan,lowerlevel,G-04,B,Science,F,Mum,67,61,74,79,Yes,Good,Under-7,H
M,Jordan,Jordan,MiddleSchool,G-08,A,Geology,S,Mum,50,69,59,26,Yes,Good,Under-7,M
M,Jordan,Jordan,lowerlevel,G-02,B,French,S,Mum,35,78,50,12,Yes,Good,Above-7,M
M,Jordan,Jordan,MiddleSchool,G-08,A,History,S,Mum,22,22,15,78,Yes,Good,Above-7,M
M,KW,KuwaIT,MiddleSchool,G-07,B,Science,F,Mum,7,3,3,16,Yes,Good,Above-7,L
M,KW,KuwaIT,MiddleSchool,G-08,A,Spanish,S,Father,3,6,25,18,Yes,Good,Under-7,L
F,Jordan,Jordan,lowerlevel,G-02,A,French,S,Mum,51,58,16,23,Yes,Good,Above-7,M
M,Lybia,Lybia,lowerlevel,G-02,A,French,F,Mum,8,9,10,22,No,Good,Above-7,L
F,Jordan,Jordan,MiddleSchool,G-08,A,Geology,F,Mum,30,32,26,49,Yes,Good,Under-7,H
M,Jordan,Jordan,lowerlevel,G-02,B,French,S,Mum,56,73,83,13,Yes,Good,Above-7,M
F,Jordan,Jordan,MiddleSchool,G-07,B,Biology,F,Mum,50,86,15,24,No,Good,Under-7,H
M,Jordan,Jordan,lowerlevel,G-04,A,Science,F,Father,9,9,12,10,No,Bad,Above-7,L
M,Jordan,Jordan,MiddleSchool,G-06,A,English,F,Father,52,37,7,18,No,Bad,Under-7,M
F,Jordan,Jordan,MiddleSchool,G-08,A,History,S,Father,57,87,57,75,Yes,Good,Under-7,M
F,Jordan,Jordan,MiddleSchool,G-06,A,English,S,Mum,43,43,19,45,No,Good,Under-7,M
M,Iraq,Iraq,MiddleSchool,G-08,A,Geology,S,Father,72,79,79,69,Yes,Good,Above-7,M
F,Syria,Syria,MiddleSchool,G-07,A,Biology,S,Mum,81,94,69,80,Yes,Good,Under-7,H
M,Jordan,Jordan,MiddleSchool,G-08,A,Chemistry,S,Mum,50,85,50,28,Yes,Good,Under-7,M
M,KW,KuwaIT,MiddleSchool,G-08,B,Arabic,S,Father,18,55,28,37,Yes,Good,Under-7,M
F,KW,KuwaIT,MiddleSchool,G-06,A,IT,S,Father,50,40,52,66,Yes,Bad,Under-7,M
F,Jordan,Jordan,lowerlevel,G-04,B,Science,S,Father,39,47,27,77,Yes,Bad,Under-7,M
M,Jordan,Jordan,MiddleSchool,G-06,A,English,F,Father,19,80,12,17,Yes,Good,Above-7,M
M,Jordan,SaudiArabia,MiddleSchool,G-08,A,Chemistry,S,Father,10,4,5,66,No,Bad,Above-7,L
F,Jordan,Jordan,MiddleSchool,G-07,A,Biology,S,Mum,62,62,39,27,Yes,Good,Above-7,M
M,KW,KuwaIT,HighSchool,G-10,A,IT,F,Father,17,13,16,12,Yes,Bad,Under-7,M
F,lebanon,lebanon,MiddleSchool,G-07,B,Math,F,Mum,80,89,49,53,Yes,Bad,Under-7,H
M,KW,KuwaIT,MiddleSchool,G-08,A,Arabic,S,Mum,73,66,43,43,No,Bad,Under-7,H
F,USA,USA,HighSchool,G-12,A,IT,F,Mum,70,84,46,54,Yes,Good,Under-7,H
M,Iraq,Iraq,MiddleSchool,G-06,A,English,F,Mum,68,82,38,24,No,Good,Under-7,H
F,KW,KuwaIT,MiddleSchool,G-06,A,Quran,S,Father,28,18,1,6,No,Bad,Above-7,L
F,Jordan,Jordan,MiddleSchool,G-06,A,English,S,Mum,92,85,46,45,No,Good,Under-7,M
F,USA,USA,HighSchool,G-12,A,English,F,Mum,75,60,32,62,Yes,Good,Under-7,H
M,KW,KuwaIT,MiddleSchool,G-07,A,Math,F,Father,44,56,20,41,Yes,Good,Under-7,M
F,Jordan,Jordan,lowerlevel,G-04,B,Science,F,Mum,64,79,46,39,Yes,Good,Under-7,H
M,KW,KuwaIT,MiddleSchool,G-08,C,Spanish,S,Father,22,46,35,15,Yes,Good,Under-7,M
M,Iran,Iran,MiddleSchool,G-08,C,Spanish,S,Mum,39,52,38,68,Yes,Bad,Above-7,M
M,KW,KuwaIT,lowerlevel,G-02,B,IT,F,Father,1,7,6,10,No,Bad,Above-7,L
M,KW,KuwaIT,MiddleSchool,G-07,A,Quran,S,Father,90,92,63,52,Yes,Good,Under-7,H
F,Jordan,Jordan,lowerlevel,G-02,B,French,S,Mum,71,81,29,77,No,Bad,Under-7,H
F,Jordan,Jordan,lowerlevel,G-04,B,Science,F,Mum,49,58,61,69,No,Bad,Under-7,M
M,KW,KuwaIT,MiddleSchool,G-08,A,Spanish,S,Mum,29,39,31,41,No,Bad,Under-7,M
M,KW,KuwaIT,lowerlevel,G-02,C,IT,F,Mum,14,38,3,11,No,Bad,Above-7,L
M,Jordan,Jordan,lowerlevel,G-02,B,French,F,Mum,38,94,41,27,Yes,Good,Under-7,H
M,KW,KuwaIT,lowerlevel,G-04,A,IT,F,Father,14,17,2,37,Yes,Good,Under-7,M
M,Jordan,Jordan,lowerlevel,G-02,B,Arabic,S,Mum,42,89,40,27,Yes,Good,Under-7,M
M,Jordan,Jordan,lowerlevel,G-02,B,Arabic,F,Mum,38,83,30,34,Yes,Bad,Above-7,M
F,KW,KuwaIT,lowerlevel,G-02,C,IT,F,Mum,49,46,10,19,Yes,Good,Above-7,M
F,Jordan,Jordan,MiddleSchool,G-07,B,Biology,S,Mum,83,72,49,49,No,Good,Under-7,H
M,SaudiArabia,SaudiArabia,lowerlevel,G-02,B,IT,F,Father,67,29,40,49,Yes,Good,Under-7,H
F,Jordan,Jordan,MiddleSchool,G-08,A,Geology,F,Mum,58,67,46,38,Yes,Good,Above-7,M
F,lebanon,lebanon,lowerlevel,G-02,B,French,F,Mum,72,98,52,15,Yes,Good,Under-7,H
M,KW,KuwaIT,MiddleSchool,G-07,A,Math,F,Father,19,10,2,14,No,Bad,Above-7,L
M,Jordan,Jordan,lowerlevel,G-04,A,Science,S,Father,32,14,32,29,No,Good,Above-7,M
M,SaudiArabia,USA,HighSchool,G-11,B,English,S,Father,11,17,8,10,No,Bad,Above-7,M
M,Iraq,Iraq,lowerlevel,G-02,B,Arabic,F,Mum,69,82,20,28,Yes,Good,Under-7,H
M,Jordan,Jordan,lowerlevel,G-02,B,Arabic,S,Mum,12,24,9,45,Yes,Good,Under-7,M
F,KW,KuwaIT,MiddleSchool,G-08,A,Arabic,F,Father,60,89,61,26,No,Bad,Under-7,M
M,SaudiArabia,SaudiArabia,lowerlevel,G-02,B,IT,F,Father,26,32,34,18,No,Bad,Above-7,M
M,Jordan,Jordan,MiddleSchool,G-08,A,Chemistry,F,Mum,74,85,84,27,Yes,Good,Above-7,M
M,Palestine,Palestine,MiddleSchool,G-07,A,Biology,S,Father,80,90,61,29,Yes,Good,Under-7,H
M,KW,KuwaIT,lowerlevel,G-04,A,History,S,Father,60,87,72,60,Yes,Bad,Above-7,M
M,Jordan,Jordan,MiddleSchool,G-07,A,Biology,F,Father,40,63,29,29,No,Good,Above-7,M
F,Jordan,Jordan,lowerlevel,G-02,A,French,F,Mum,82,88,44,36,Yes,Good,Above-7,M
F,Jordan,Jordan,lowerlevel,G-02,B,French,S,Mum,49,91,42,45,No,Good,Under-7,H
M,KW,KuwaIT,MiddleSchool,G-08,B,Spanish,S,Father,72,85,37,22,Yes,Bad,Under-7,M
M,Jordan,Jordan,lowerlevel,G-02,B,Arabic,S,Father,34,4,27,23,No,Bad,Above-7,L
M,KW,KuwaIT,lowerlevel,G-02,B,IT,F,Father,17,44,22,40,Yes,Good,Above-7,L
F,Jordan,Jordan,MiddleSchool,G-08,A,Chemistry,F,Father,12,35,2,5,No,Bad,Above-7,L
M,KW,KuwaIT,HighSchool,G-11,A,Quran,F,Father,35,19,12,20,No,Bad,Above-7,L
M,KW,KuwaIT,lowerlevel,G-02,C,IT,F,Mum,32,32,15,48,Yes,Good,Under-7,M
M,KW,KuwaIT,MiddleSchool,G-08,B,Spanish,S,Mum,83,83,21,61,Yes,Bad,Under-7,H
F,Jordan,Jordan,lowerlevel,G-02,B,Arabic,S,Father,11,17,22,76,No,Bad,Above-7,L
F,KW,KuwaIT,lowerlevel,G-02,B,IT,F,Father,56,70,39,37,Yes,Good,Under-7,H
M,KW,KuwaIT,MiddleSchool,G-08,B,Arabic,S,Mum,30,91,50,72,Yes,Bad,Under-7,H
M,SaudiArabia,SaudiArabia,lowerlevel,G-02,B,IT,F,Father,7,12,5,3,No,Bad,Above-7,M
M,KW,KuwaIT,lowerlevel,G-04,A,IT,F,Father,6,2,4,22,No,Bad,Above-7,L
M,Jordan,Jordan,MiddleSchool,G-07,A,Biology,F,Father,37,38,16,33,Yes,Bad,Under-7,M
M,KW,KuwaIT,MiddleSchool,G-07,A,Math,F,Father,28,60,19,50,Yes,Good,Under-7,M
M,Iran,Iran,HighSchool,G-09,A,IT,F,Mum,15,70,37,44,Yes,Good,Under-7,M
M,KW,KuwaIT,MiddleSchool,G-07,B,Science,S,Father,76,88,18,23,Yes,Good,Above-7,M
F,Palestine,Jordan,lowerlevel,G-02,A,Arabic,F,Mum,98,88,60,31,No,Good,Under-7,H
M,KW,KuwaIT,MiddleSchool,G-08,B,Arabic,S,Father,26,62,25,25,Yes,Good,Under-7,M
M,Jordan,Jordan,lowerlevel,G-02,B,French,S,Father,29,85,18,28,Yes,Good,Under-7,M
M,Jordan,Jordan,lowerlevel,G-02,B,Arabic,S,Father,7,14,34,92,Yes,Bad,Above-7,L
F,KW,KuwaIT,MiddleSchool,G-07,A,Math,F,Father,47,39,26,43,Yes,Good,Under-7,M
M,Jordan,Jordan,lowerlevel,G-04,A,Science,S,Father,63,27,45,26,No,Good,Above-7,M
F,Jordan,Jordan,MiddleSchool,G-08,A,Chemistry,S,Father,56,94,47,42,Yes,Good,Under-7,H
F,Jordan,Jordan,lowerlevel,G-02,B,French,F,Mum,57,83,49,48,No,Good,Under-7,H
M,Iraq,Iraq,MiddleSchool,G-08,A,History,F,Father,88,65,74,90,Yes,Good,Above-7,M
M,KW,KuwaIT,lowerlevel,G-02,C,IT,F,Mum,0,4,8,30,No,Bad,Above-7,L
M,Jordan,Jordan,MiddleSchool,G-07,A,IT,F,Father,13,16,14,27,Yes,Good,Above-7,L
M,KW,KuwaIT,lowerlevel,G-02,B,French,S,Mum,48,34,40,44,No,Bad,Under-7,M
F,lebanon,lebanon,MiddleSchool,G-06,A,English,F,Mum,82,83,68,60,Yes,Good,Under-7,H
F,lebanon,lebanon,MiddleSchool,G-08,A,Arabic,S,Father,38,29,38,46,No,Bad,Under-7,M
M,KW,KuwaIT,lowerlevel,G-02,C,IT,F,Father,0,6,4,15,Yes,Bad,Under-7,L
M,Jordan,Jordan,lowerlevel,G-02,C,IT,F,Father,52,29,18,35,Yes,Good,Under-7,M
M,lebanon,lebanon,lowerlevel,G-02,B,French,S,Mum,45,61,25,35,No,Bad,Under-7,M
M,KW,KuwaIT,lowerlevel,G-04,A,IT,F,Father,18,33,28,19,No,Bad,Above-7,L
F,Jordan,Jordan,lowerlevel,G-04,A,Science,S,Mum,92,85,65,43,No,Good,Under-7,H
F,USA,USA,HighSchool,G-12,A,IT,F,Mum,71,73,33,32,Yes,Good,Under-7,H
F,KW,KuwaIT,MiddleSchool,G-07,A,English,F,Father,35,20,18,32,Yes,Bad,Above-7,M
M,Iraq,Iraq,lowerlevel,G-02,B,Arabic,S,Mum,77,82,43,50,Yes,Good,Under-7,H
M,KW,KuwaIT,lowerlevel,G-04,A,IT,F,Father,18,10,11,63,No,Bad,Above-7,L
M,Jordan,Jordan,MiddleSchool,G-08,A,History,F,Mum,69,77,76,75,Yes,Good,Above-7,M
M,Tunis,KuwaIT,MiddleSchool,G-07,B,Science,S,Father,13,25,22,16,No,Bad,Above-7,L
M,Palestine,Jordan,lowerlevel,G-02,A,Arabic,S,Father,71,89,56,33,Yes,Good,Under-7,H
M,Tunis,Tunis,HighSchool,G-11,B,Science,S,Father,20,18,13,51,No,Good,Under-7,M
F,KW,KuwaIT,HighSchool,G-09,A,IT,F,Father,78,71,31,47,Yes,Good,Under-7,M
F,KW,KuwaIT,HighSchool,G-11,A,Science,F,Mum,70,79,36,58,Yes,Good,Under-7,H
M,Palestine,Jordan,MiddleSchool,G-06,A,English,S,Mum,72,75,72,58,Yes,Good,Under-7,M
M,KW,KuwaIT,MiddleSchool,G-07,A,Math,F,Father,11,4,10,11,No,Bad,Under-7,L
F,KW,KuwaIT,MiddleSchool,G-08,A,Arabic,S,Father,89,77,66,58,Yes,Good,Under-7,M
M,Jordan,Jordan,MiddleSchool,G-08,A,Geology,S,Mum,55,26,25,34,Yes,Good,Under-7,M
M,KW,KuwaIT,MiddleSchool,G-07,B,Science,S,Mum,70,81,70,78,Yes,Good,Above-7,M
F,Syria,Syria,MiddleSchool,G-07,A,Biology,S,Mum,52,88,62,55,Yes,Good,Under-7,H
F,Jordan,Jordan,lowerlevel,G-04,A,Science,S,Father,33,19,11,23,No,Bad,Above-7,L
M,Tunis,Tunis,MiddleSchool,G-08,C,Spanish,S,Mum,88,85,41,24,Yes,Good,Under-7,H
M,Syria,Syria,lowerlevel,G-02,A,French,F,Father,24,35,18,31,No,Bad,Under-7,M
M,KW,KuwaIT,MiddleSchool,G-08,A,Arabic,S,Mum,87,78,69,59,No,Bad,Under-7,H
M,Iraq,Iraq,lowerlevel,G-04,A,Science,F,Father,82,78,82,60,Yes,Good,Above-7,M
M,KW,KuwaIT,MiddleSchool,G-08,A,Arabic,S,Mum,65,24,26,47,Yes,Good,Under-7,M
F,lebanon,lebanon,MiddleSchool,G-07,B,Math,F,Mum,43,82,51,66,Yes,Bad,Under-7,H
M,KW,KuwaIT,MiddleSchool,G-08,A,Spanish,S,Father,16,14,17,16,No,Bad,Above-7,L
F,Jordan,Jordan,MiddleSchool,G-07,B,Science,S,Mum,31,84,59,59,Yes,Good,Above-7,M
F,lebanon,lebanon,MiddleSchool,G-07,A,Quran,S,Father,71,78,33,34,No,Bad,Under-7,M
M,KW,KuwaIT,lowerlevel,G-02,B,IT,F,Father,44,47,46,65,No,Bad,Under-7,M
M,Jordan,Jordan,lowerlevel,G-02,A,French,S,Father,14,7,10,31,No,Good,Above-7,L
F,Jordan,Jordan,lowerlevel,G-02,B,French,S,Mum,47,97,26,44,No,Good,Under-7,H
F,SaudiArabia,USA,HighSchool,G-11,B,Science,S,Father,94,87,88,61,Yes,Bad,Under-7,H
M,Palestine,Palestine,MiddleSchool,G-08,A,Geology,F,Father,80,80,69,61,Yes,Good,Under-7,M
F,KW,KuwaIT,HighSchool,G-09,A,IT,F,Father,74,61,14,34,Yes,Good,Under-7,M
M,Iraq,Iraq,MiddleSchool,G-08,A,Geology,S,Father,76,59,56,40,Yes,Good,Above-7,M
M,KW,KuwaIT,MiddleSchool,G-07,A,IT,F,Father,42,73,9,16,Yes,Good,Under-7,M
F,KW,KuwaIT,MiddleSchool,G-08,B,Arabic,S,Father,61,70,60,22,Yes,Bad,Under-7,M
M,KW,KuwaIT,MiddleSchool,G-06,A,IT,F,Father,15,6,11,31,No,Bad,Above-7,L
F,Jordan,Jordan,MiddleSchool,G-08,A,Chemistry,F,Mum,82,89,22,31,Yes,Good,Under-7,H
M,Tunis,Tunis,lowerlevel,G-02,B,French,S,Mum,74,83,79,55,Yes,Good,Under-7,H
M,KW,KuwaIT,MiddleSchool,G-07,A,Math,F,Father,35,12,0,17,No,Bad,Above-7,L
F,Jordan,Jordan,MiddleSchool,G-06,A,English,S,Mum,90,84,46,31,No,Good,Under-7,M
M,Jordan,Jordan,MiddleSchool,G-08,A,Chemistry,S,Mum,70,82,75,29,Yes,Good,Under-7,M
M,Jordan,Jordan,lowerlevel,G-04,A,Science,F,Father,21,24,25,27,No,Good,Above-7,M
M,Jordan,Jordan,MiddleSchool,G-07,A,Quran,F,Mum,27,57,38,41,Yes,Good,Under-7,M
M,KW,KuwaIT,lowerlevel,G-02,B,IT,F,Father,62,62,28,33,Yes,Bad,Under-7,H
M,Jordan,Jordan,MiddleSchool,G-08,A,Chemistry,F,Mum,63,57,58,21,Yes,Good,Under-7,M
M,KW,KuwaIT,lowerlevel,G-02,C,IT,F,Father,78,87,22,34,No,Good,Under-7,M
F,Jordan,Jordan,MiddleSchool,G-08,A,Chemistry,F,Father,15,9,10,77,No,Bad,Above-7,L
M,KW,KuwaIT,MiddleSchool,G-07,B,IT,F,Father,31,13,5,14,No,Bad,Under-7,L
M,KW,KuwaIT,MiddleSchool,G-07,B,Science,S,Father,18,9,19,20,No,Bad,Above-7,L
M,Syria,Syria,lowerlevel,G-02,B,French,S,Mum,40,42,30,40,Yes,Good,Above-7,L
F,Jordan,Jordan,lowerlevel,G-02,B,French,S,Father,33,31,23,22,Yes,Bad,Above-7,M
M,lebanon,Jordan,MiddleSchool,G-08,A,Arabic,S,Mum,93,77,84,50,Yes,Good,Under-7,H
F,Jordan,Jordan,MiddleSchool,G-08,A,History,S,Father,54,55,12,29,No,Bad,Above-7,L
M,Jordan,SaudiArabia,MiddleSchool,G-08,A,Chemistry,F,Father,7,7,1,32,No,Bad,Above-7,L
F,USA,USA,HighSchool,G-12,A,IT,F,Mum,77,84,48,38,Yes,Good,Under-7,H
M,Morocco,Morocco,MiddleSchool,G-08,A,Arabic,S,Mum,53,75,72,23,No,Bad,Under-7,M
F,Jordan,KuwaIT,MiddleSchool,G-08,C,Spanish,S,Father,68,63,48,41,Yes,Good,Under-7,M
M,KW,KuwaIT,MiddleSchool,G-07,B,Science,S,Father,19,20,19,42,No,Bad,Above-7,L
M,KW,KuwaIT,lowerlevel,G-02,B,French,S,Mum,49,63,61,47,No,Bad,Under-7,M
F,Jordan,Jordan,lowerlevel,G-02,B,French,S,Mum,24,87,21,22,Yes,Good,Under-7,M
F,KW,KuwaIT,MiddleSchool,G-07,A,IT,F,Father,13,12,5,56,No,Bad,Above-7,L
M,KW,KuwaIT,MiddleSchool,G-07,A,IT,F,Father,15,10,25,44,Yes,Good,Above-7,L
M,Jordan,Palestine,MiddleSchool,G-07,A,Biology,S,Mum,71,58,46,80,Yes,Good,Under-7,H
F,KW,KuwaIT,MiddleSchool,G-07,A,IT,F,Father,55,63,32,80,No,Bad,Above-7,M
M,Jordan,Jordan,MiddleSchool,G-08,A,Chemistry,S,Mum,61,71,61,33,Yes,Good,Above-7,L
F,Jordan,Jordan,lowerlevel,G-02,A,French,S,Mum,41,53,25,57,Yes,Good,Above-7,M
M,KW,KuwaIT,MiddleSchool,G-08,B,Arabic,S,Father,39,65,15,45,No,Bad,Under-7,M
M,Palestine,Jordan,MiddleSchool,G-06,A,English,F,Mum,72,21,22,26,Yes,Good,Under-7,H
F,Jordan,Jordan,lowerlevel,G-02,A,Arabic,S,Father,3,6,15,66,No,Bad,Above-7,L
M,Iran,Iran,lowerlevel,G-02,B,French,S,Father,10,8,14,29,No,Bad,Above-7,L
M,KW,KuwaIT,lowerlevel,G-02,C,IT,F,Mum,6,6,9,29,No,Bad,Above-7,L
M,Jordan,Jordan,MiddleSchool,G-07,A,Biology,F,Father,41,58,42,46,Yes,Bad,Under-7,M
M,Palestine,Palestine,MiddleSchool,G-07,A,Biology,S,Father,87,93,76,70,Yes,Good,Under-7,H
M,KW,KuwaIT,MiddleSchool,G-08,B,Spanish,S,Father,62,61,82,40,Yes,Bad,Under-7,M
M,KW,KuwaIT,MiddleSchool,G-08,C,Spanish,S,Father,6,15,27,16,No,Good,Above-7,L
F,KW,KuwaIT,lowerlevel,G-02,B,IT,F,Father,30,41,10,47,Yes,Good,Under-7,M
F,KW,KuwaIT,lowerlevel,G-04,A,History,S,Mum,18,35,51,36,Yes,Good,Above-7,M
M,Jordan,Jordan,lowerlevel,G-02,B,French,F,Father,36,85,44,24,Yes,Good,Under-7,M
F,Jordan,Jordan,lowerlevel,G-02,A,Arabic,F,Father,24,10,25,57,No,Bad,Above-7,L
M,Jordan,Jordan,lowerlevel,G-02,B,Arabic,S,Father,14,29,30,14,No,Bad,Above-7,L
F,Tunis,USA,HighSchool,G-11,B,French,S,Father,72,79,18,36,Yes,Good,Under-7,M
M,KW,KuwaIT,lowerlevel,G-04,A,History,S,Father,57,92,52,61,Yes,Bad,Above-7,M
M,Palestine,Jordan,MiddleSchool,G-07,B,Biology,F,Father,88,90,76,81,Yes,Good,Under-7,H
M,USA,USA,lowerlevel,G-02,B,IT,F,Father,74,92,54,51,Yes,Good,Under-7,H
M,KW,KuwaIT,HighSchool,G-10,A,IT,F,Father,43,43,19,62,Yes,Good,Under-7,M
F,KW,KuwaIT,lowerlevel,G-04,A,History,S,Father,70,99,66,65,No,Good,Under-7,M
M,Iraq,Iraq,lowerlevel,G-04,A,Science,S,Father,62,64,72,84,Yes,Good,Above-7,M
F,KW,KuwaIT,lowerlevel,G-07,A,IT,F,Father,15,40,19,39,Yes,Good,Above-7,L
M,Jordan,Jordan,lowerlevel,G-02,A,French,F,Mum,82,98,45,80,Yes,Good,Under-7,H
M,KW,KuwaIT,MiddleSchool,G-08,A,Arabic,S,Father,69,70,56,50,Yes,Good,Under-7,M
F,Jordan,Jordan,MiddleSchool,G-08,A,Chemistry,F,Mum,91,94,63,80,Yes,Good,Under-7,H
F,Jordan,Jordan,lowerlevel,G-02,B,Arabic,F,Father,12,12,19,52,No,Bad,Above-7,L
M,KW,KuwaIT,MiddleSchool,G-08,C,Spanish,S,Father,36,71,32,21,No,Bad,Under-7,M
M,KW,KuwaIT,lowerlevel,G-02,B,French,S,Mum,35,30,29,24,No,Good,Under-7,M
M,KW,KuwaIT,lowerlevel,G-05,A,English,F,Father,10,23,16,37,No,Bad,Above-7,L
F,KW,KuwaIT,MiddleSchool,G-08,A,Arabic,F,Father,27,19,16,34,No,Bad,Under-7,M
M,Jordan,SaudiArabia,MiddleSchool,G-08,A,Chemistry,S,Father,11,4,4,40,No,Bad,Above-7,L
F,Jordan,Jordan,MiddleSchool,G-08,A,Chemistry,F,Father,5,13,3,26,No,Bad,Above-7,L
M,Jordan,Jordan,lowerlevel,G-02,A,Arabic,F,Father,43,49,64,54,Yes,Good,Above-7,M
M,Jordan,Jordan,lowerlevel,G-02,B,French,S,Mum,79,89,70,67,Yes,Good,Under-7,H
M,Jordan,Jordan,MiddleSchool,G-06,A,English,S,Father,49,45,24,26,No,Bad,Under-7,H
F,KW,KuwaIT,MiddleSchool,G-07,A,IT,F,Father,60,59,33,76,No,Bad,Above-7,M
M,Tunis,Tunis,MiddleSchool,G-07,A,Quran,S,Father,17,38,25,42,No,Bad,Above-7,L
M,Jordan,Jordan,MiddleSchool,G-08,A,Chemistry,S,Mum,60,71,56,18,Yes,Good,Above-7,M
M,Jordan,Jordan,MiddleSchool,G-08,A,History,S,Mum,81,84,77,85,Yes,Good,Under-7,H
M,KW,KuwaIT,HighSchool,G-12,A,English,F,Father,13,5,14,17,No,Bad,Above-7,L
F,lebanon,lebanon,MiddleSchool,G-06,A,English,F,Mum,98,84,71,52,Yes,Good,Under-7,H
F,KW,KuwaIT,lowerlevel,G-04,A,History,S,Father,52,72,62,55,No,Good,Under-7,M
M,KW,KuwaIT,lowerlevel,G-02,B,IT,F,Father,13,26,7,34,No,Bad,Under-7,L
M,Egypt,Egypt,lowerlevel,G-04,A,Math,S,Mum,44,83,43,16,No,Bad,Above-7,M
F,Jordan,Jordan,MiddleSchool,G-08,A,Geology,S,Mum,88,93,71,68,Yes,Good,Under-7,H
F,KW,KuwaIT,lowerlevel,G-02,B,IT,F,Father,25,35,12,36,Yes,Good,Under-7,M
M,KW,KuwaIT,lowerlevel,G-04,A,IT,F,Father,26,31,5,34,Yes,Good,Under-7,M
M,KW,KuwaIT,MiddleSchool,G-08,A,Spanish,S,Father,17,13,26,20,No,Bad,Above-7,L
F,Jordan,Jordan,MiddleSchool,G-08,A,History,F,Father,56,70,52,62,Yes,Good,Under-7,M
F,Jordan,Jordan,MiddleSchool,G-07,B,Biology,S,Mum,59,90,19,43,No,Good,Under-7,H
M,KW,KuwaIT,lowerlevel,G-02,C,IT,F,Father,6,7,5,21,Yes,Bad,Under-7,L
M,Jordan,Jordan,MiddleSchool,G-08,A,Chemistry,S,Mum,78,86,53,14,Yes,Good,Above-7,M
M,KW,KuwaIT,MiddleSchool,G-07,A,Math,F,Father,12,20,23,27,Yes,Bad,Under-7,L
M,KW,KuwaIT,MiddleSchool,G-08,C,Spanish,S,Father,3,17,34,15,No,Good,Above-7,L
F,KW,KuwaIT,lowerlevel,G-02,B,IT,F,Father,86,88,18,69,No,Bad,Under-7,H
M,KW,KuwaIT,lowerlevel,G-02,B,French,S,Mum,63,67,30,31,Yes,Good,Under-7,H
F,Jordan,Jordan,lowerlevel,G-02,B,French,F,Mum,59,73,44,44,No,Good,Under-7,H
M,Palestine,Palestine,MiddleSchool,G-07,A,Biology,S,Father,60,65,67,53,Yes,Good,Under-7,H
M,Jordan,SaudiArabia,MiddleSchool,G-08,A,Geology,F,Father,85,89,22,61,No,Bad,Under-7,H
F,KW,KuwaIT,lowerlevel,G-02,B,IT,F,Mum,90,67,59,48,Yes,Good,Under-7,H
M,Jordan,Jordan,lowerlevel,G-04,A,Science,S,Father,24,18,39,19,No,Good,Above-7,M
F,Jordan,Jordan,MiddleSchool,G-08,A,Chemistry,S,Father,11,9,14,80,No,Bad,Above-7,L
F,KW,KuwaIT,MiddleSchool,G-08,A,Arabic,F,Father,60,73,53,61,Yes,Good,Under-7,H
F,Jordan,Jordan,lowerlevel,G-04,B,Science,S,Father,27,57,37,81,Yes,Bad,Under-7,M
M,Jordan,Jordan,MiddleSchool,G-07,A,Biology,S,Father,73,77,43,50,No,Good,Under-7,H
M,Jordan,Jordan,MiddleSchool,G-08,A,Chemistry,F,Mum,71,47,52,12,Yes,Good,Above-7,M
M,SaudiArabia,USA,HighSchool,G-11,B,Math,S,Father,78,66,75,86,Yes,Bad,Under-7,H
M,Jordan,SaudiArabia,MiddleSchool,G-08,A,Geology,S,Father,80,90,22,62,No,Bad,Under-7,H
F,KW,KuwaIT,lowerlevel,G-02,B,IT,F,Father,2,6,2,8,No,Bad,Above-7,L
M,Tunis,Tunis,MiddleSchool,G-08,C,Spanish,S,Father,7,60,13,35,No,Bad,Above-7,L
M,Jordan,Jordan,lowerlevel,G-02,A,French,S,Mum,63,87,63,35,Yes,Good,Under-7,H
F,Jordan,Jordan,MiddleSchool,G-08,A,History,S,Father,23,32,11,35,Yes,Good,Under-7,M
M,KW,KuwaIT,MiddleSchool,G-08,A,Arabic,S,Mum,91,75,55,63,No,Bad,Under-7,H
F,lebanon,lebanon,MiddleSchool,G-06,A,English,F,Mum,73,81,93,69,Yes,Good,Under-7,H
F,Jordan,Jordan,lowerlevel,G-04,A,Science,F,Mum,74,67,75,84,No,Good,Under-7,H
M,Jordan,Palestine,MiddleSchool,G-07,A,Biology,S,Mum,71,98,54,71,Yes,Good,Under-7,H
F,Jordan,Jordan,MiddleSchool,G-06,A,English,F,Mum,84,86,76,85,No,Good,Under-7,H
F,Jordan,Jordan,MiddleSchool,G-08,A,Chemistry,S,Mum,85,99,40,80,Yes,Good,Under-7,H
F,Jordan,Jordan,MiddleSchool,G-06,A,English,F,Mum,88,81,56,42,No,Good,Under-7,H
M,KW,KuwaIT,MiddleSchool,G-08,B,Arabic,S,Mum,15,94,30,34,Yes,Bad,Under-7,H
F,Jordan,Jordan,MiddleSchool,G-08,A,Geology,S,Father,27,70,34,23,Yes,Good,Above-7,M
M,KW,KuwaIT,MiddleSchool,G-07,A,Math,F,Father,8,11,3,34,Yes,Bad,Under-7,L
M,KW,KuwaIT,lowerlevel,G-02,B,IT,F,Father,79,76,18,16,No,Bad,Under-7,M
M,Tunis,Tunis,HighSchool,G-11,B,Science,S,Father,62,44,30,37,No,Good,Under-7,M
M,Lybia,Lybia,lowerlevel,G-02,B,French,F,Mum,12,5,10,3,No,Good,Above-7,L
M,KW,KuwaIT,MiddleSchool,G-07,B,Science,F,Father,18,13,8,37,No,Bad,Above-7,L
F,Jordan,Jordan,MiddleSchool,G-07,A,Quran,S,Father,41,41,38,32,No,Bad,Under-7,M
M,SaudiArabia,SaudiArabia,lowerlevel,G-02,B,IT,F,Father,62,24,46,48,Yes,Good,Under-7,H
M,Jordan,Jordan,lowerlevel,G-02,B,Arabic,S,Mum,55,81,58,64,Yes,Bad,Above-7,M
F,lebanon,lebanon,MiddleSchool,G-08,A,Arabic,S,Father,37,12,21,50,No,Bad,Under-7,M
M,Jordan,Jordan,MiddleSchool,G-07,A,Biology,F,Father,80,80,46,61,Yes,Bad,Under-7,M
F,Jordan,Jordan,lowerlevel,G-02,A,French,S,Mum,58,97,30,12,Yes,Good,Under-7,H
F,KW,KuwaIT,lowerlevel,G-04,A,History,S,Father,79,94,50,56,Yes,Good,Under-7,M
M,KW,KuwaIT,MiddleSchool,G-07,A,IT,F,Father,19,15,8,16,Yes,Good,Under-7,M
M,KW,KuwaIT,HighSchool,G-09,A,IT,F,Father,6,10,9,54,Yes,Good,Above-7,L
M,Jordan,Jordan,lowerlevel,G-02,B,French,F,Mum,43,86,55,67,No,Bad,Under-7,M
M,KW,KuwaIT,MiddleSchool,G-07,B,Science,S,Father,11,13,16,22,No,Bad,Above-7,L
M,Jordan,Jordan,lowerlevel,G-02,A,Arabic,S,Father,35,36,42,71,Yes,Good,Above-7,M
F,Jordan,Jordan,lowerlevel,G-02,B,French,F,Mum,52,73,54,81,No,Good,Under-7,H
M,Iraq,Iraq,MiddleSchool,G-08,A,Geology,S,Father,31,82,30,30,Yes,Good,Above-7,M
F,KW,KuwaIT,MiddleSchool,G-06,A,IT,S,Father,65,67,68,81,Yes,Bad,Under-7,M
M,KW,KuwaIT,MiddleSchool,G-08,A,Arabic,F,Father,17,14,11,22,No,Bad,Above-7,L
M,USA,USA,MiddleSchool,G-08,B,Math,F,Father,13,12,3,20,Yes,Good,Above-7,L
F,Jordan,Jordan,lowerlevel,G-02,B,Arabic,S,Father,10,12,29,93,No,Bad,Above-7,L
F,Jordan,Jordan,MiddleSchool,G-07,B,Biology,S,Mum,39,52,25,43,No,Good,Under-7,H
M,Palestine,Jordan,MiddleSchool,G-06,A,English,S,Mum,84,27,37,27,Yes,Good,Under-7,H
M,KW,KuwaIT,MiddleSchool,G-07,B,IT,F,Mum,71,56,52,96,Yes,Good,Under-7,H
M,KW,KuwaIT,lowerlevel,G-05,A,English,F,Father,32,11,41,42,No,Bad,Above-7,L
M,KW,KuwaIT,lowerlevel,G-02,B,IT,F,Father,12,34,2,66,No,Bad,Under-7,L
F,Jordan,Jordan,MiddleSchool,G-07,A,Biology,S,Mum,79,66,43,18,Yes,Good,Above-7,M
M,Jordan,Jordan,lowerlevel,G-04,B,Science,F,Father,19,25,10,76,No,Good,Above-7,M
F,Jordan,Jordan,lowerlevel,G-02,B,French,S,Mum,39,83,37,30,No,Good,Under-7,H
M,Egypt,Egypt,lowerlevel,G-02,B,French,S,Mum,9,9,7,7,No,Good,Above-7,L
M,Jordan,Jordan,lowerlevel,G-02,C,IT,F,Father,59,44,24,66,Yes,Good,Under-7,M
F,USA,USA,lowerlevel,G-02,B,French,S,Mum,31,30,49,16,Yes,Bad,Under-7,M
M,Palestine,Jordan,MiddleSchool,G-06,A,English,F,Mum,47,71,55,59,Yes,Good,Under-7,M
M,KW,KuwaIT,MiddleSchool,G-07,A,Math,F,Father,61,50,43,82,No,Bad,Above-7,M
F,Lybia,Lybia,MiddleSchool,G-07,B,Biology,S,Mum,10,12,14,36,No,Good,Above-7,L
F,KW,KuwaIT,HighSchool,G-12,A,English,F,Mum,13,80,40,88,Yes,Good,Under-7,H
F,KW,KuwaIT,MiddleSchool,G-06,A,Quran,S,Father,54,45,2,17,No,Bad,Above-7,L
F,KW,KuwaIT,HighSchool,G-12,A,English,F,Mum,36,83,54,72,Yes,Good,Under-7,H
F,Jordan,Jordan,lowerlevel,G-02,B,French,S,Mum,17,59,12,26,Yes,Good,Under-7,M
F,lebanon,lebanon,lowerlevel,G-02,B,IT,F,Father,69,83,47,50,Yes,Good,Under-7,M
M,KW,KuwaIT,lowerlevel,G-02,C,IT,F,Father,27,66,21,40,No,Bad,Under-7,M
M,KW,KuwaIT,lowerlevel,G-02,B,IT,F,Father,13,42,2,28,No,Bad,Under-7,L
M,KW,KuwaIT,lowerlevel,G-02,C,IT,S,Father,2,11,23,6,No,Bad,Above-7,L
F,Jordan,Jordan,lowerlevel,G-02,A,Arabic,S,Father,8,11,16,72,No,Bad,Above-7,L
F,Jordan,Jordan,MiddleSchool,G-06,A,English,F,Mum,72,63,46,42,No,Bad,Under-7,M
M,Jordan,Jordan,lowerlevel,G-02,B,Arabic,F,Mum,25,76,45,67,Yes,Bad,Above-7,M
M,KW,KuwaIT,MiddleSchool,G-08,A,Arabic,S,Father,40,59,49,47,Yes,Good,Under-7,M
F,KW,KuwaIT,lowerlevel,G-02,B,IT,F,Father,50,70,19,15,Yes,Good,Under-7,H
F,KW,USA,HighSchool,G-11,A,Quran,S,Mum,70,81,72,58,Yes,Good,Under-7,H
M,KW,KuwaIT,lowerlevel,G-04,A,IT,F,Father,8,7,2,53,No,Bad,Above-7,L
F,Jordan,Jordan,MiddleSchool,G-08,A,Chemistry,S,Mum,69,78,37,42,Yes,Good,Under-7,H
F,SaudiArabia,SaudiArabia,MiddleSchool,G-08,B,Arabic,S,Mum,71,56,39,25,Yes,Bad,Above-7,H
M,Jordan,Jordan,lowerlevel,G-02,B,French,S,Mum,35,91,33,34,No,Bad,Under-7,M
M,KW,KuwaIT,MiddleSchool,G-08,A,Spanish,S,Mum,79,82,21,85,Yes,Good,Under-7,H
F,KW,KuwaIT,lowerlevel,G-02,B,IT,F,Father,39,74,21,21,Yes,Good,Under-7,H
M,Jordan,Jordan,lowerlevel,G-02,B,French,F,Mum,29,92,45,40,No,Bad,Under-7,M
M,KW,KuwaIT,lowerlevel,G-04,A,Math,S,Father,32,30,36,36,Yes,Good,Under-7,H
F,KW,KuwaIT,lowerlevel,G-02,B,IT,F,Father,6,13,18,36,No,Bad,Above-7,L
F,KW,KuwaIT,HighSchool,G-09,A,IT,F,Father,25,31,27,55,No,Bad,Under-7,M
F,KW,KuwaIT,MiddleSchool,G-07,A,IT,F,Father,30,61,63,89,No,Bad,Above-7,M
M,KW,KuwaIT,MiddleSchool,G-07,A,Math,F,Father,10,14,14,63,Yes,Good,Above-7,L
F,KW,KuwaIT,MiddleSchool,G-08,A,Math,F,Mum,79,75,73,68,No,Bad,Above-7,H
F,Palestine,Jordan,lowerlevel,G-02,B,French,S,Father,75,86,63,68,No,Good,Under-7,M
F,lebanon,lebanon,MiddleSchool,G-07,B,Math,F,Mum,86,90,66,68,Yes,Bad,Under-7,H
M,KW,KuwaIT,HighSchool,G-11,A,Quran,F,Father,16,10,8,24,No,Bad,Above-7,L
M,KW,KuwaIT,lowerlevel,G-02,B,IT,F,Father,8,5,3,81,Yes,Good,Above-7,L
F,Jordan,Jordan,lowerlevel,G-02,B,French,S,Mum,24,97,15,14,No,Good,Under-7,H
F,Jordan,Jordan,MiddleSchool,G-07,A,Quran,S,Father,64,82,14,18,No,Bad,Under-7,M
M,KW,KuwaIT,MiddleSchool,G-07,A,IT,F,Father,26,9,23,27,Yes,Good,Above-7,L
F,Jordan,Jordan,MiddleSchool,G-08,A,Geology,F,Father,36,61,51,42,Yes,Good,Above-7,M
F,KW,KuwaIT,lowerlevel,G-02,B,IT,F,Father,4,15,5,35,No,Bad,Under-7,L
F,KW,KuwaIT,lowerlevel,G-04,A,Science,S,Father,60,75,71,81,No,Bad,Under-7,M
M,Jordan,Jordan,MiddleSchool,G-07,A,Quran,F,Mum,50,90,29,60,Yes,Good,Under-7,M
F,KW,KuwaIT,MiddleSchool,G-08,A,Arabic,S,Father,32,79,19,17,Yes,Good,Under-7,M
M,Morocco,Morocco,MiddleSchool,G-08,B,Arabic,S,Father,28,20,24,43,No,Bad,Above-7,L
M,KW,KuwaIT,lowerlevel,G-02,B,IT,F,Father,6,11,9,32,No,Bad,Above-7,L
F,Jordan,Jordan,lowerlevel,G-02,B,IT,F,Mum,78,89,53,33,Yes,Good,Under-7,H
M,Morocco,Morocco,MiddleSchool,G-08,B,Arabic,S,Father,17,12,27,71,No,Bad,Above-7,L
M,KW,KuwaIT,MiddleSchool,G-07,A,IT,F,Father,12,3,3,22,No,Bad,Above-7,L
F,lebanon,lebanon,lowerlevel,G-02,B,French,S,Mum,80,42,33,13,Yes,Bad,Under-7,H
M,Jordan,Jordan,MiddleSchool,G-08,A,History,S,Mum,65,68,66,64,Yes,Good,Under-7,H
M,KW,KuwaIT,lowerlevel,G-02,B,IT,F,Father,24,37,10,54,No,Bad,Under-7,L
M,Jordan,Jordan,MiddleSchool,G-08,A,Chemistry,S,Mum,47,51,45,41,Yes,Good,Above-7,L
M,Palestine,Palestine,MiddleSchool,G-07,A,Biology,S,Father,90,82,87,76,Yes,Good,Under-7,H
F,KW,KuwaIT,lowerlevel,G-02,B,IT,F,Father,13,34,15,25,No,Bad,Above-7,L
F,Jordan,Jordan,lowerlevel,G-02,A,French,S,Mum,60,90,50,13,No,Good,Under-7,M
M,KW,KuwaIT,MiddleSchool,G-07,A,Math,F,Father,67,67,65,64,Yes,Good,Under-7,M
F,Jordan,Jordan,lowerlevel,G-04,B,Science,S,Father,68,73,65,76,Yes,Bad,Under-7,M
M,KW,KuwaIT,MiddleSchool,G-07,A,IT,F,Father,8,7,30,40,Yes,Good,Above-7,L
F,KW,KuwaIT,MiddleSchool,G-07,B,Science,S,Father,61,75,48,64,Yes,Good,Under-7,M
M,Jordan,SaudiArabia,lowerlevel,G-02,B,Arabic,F,Mum,5,10,13,12,No,Good,Above-7,L
F,Lybia,Lybia,MiddleSchool,G-07,B,Biology,S,Mum,9,7,10,9,No,Good,Above-7,L
M,Syria,Syria,lowerlevel,G-02,B,French,S,Mum,20,52,23,33,Yes,Good,Above-7,L
M,KW,KuwaIT,MiddleSchool,G-08,C,Spanish,S,Mum,40,47,36,37,Yes,Good,Under-7,M
M,Jordan,Jordan,MiddleSchool,G-08,A,Geology,S,Mum,70,83,70,23,Yes,Good,Under-7,M
M,Jordan,Jordan,lowerlevel,G-02,A,French,S,Father,35,2,29,33,No,Good,Above-7,L
M,KW,KuwaIT,lowerlevel,G-02,B,IT,F,Father,24,44,13,51,No,Bad,Above-7,L
M,Palestine,Jordan,lowerlevel,G-04,B,Science,F,Mum,88,80,73,27,Yes,Good,Above-7,M
M,Jordan,Jordan,lowerlevel,G-02,B,French,F,Mum,40,87,50,41,No,Bad,Under-7,M
M,lebanon,Jordan,MiddleSchool,G-08,A,Arabic,S,Mum,77,73,74,32,Yes,Good,Under-7,H
M,Jordan,Palestine,MiddleSchool,G-07,A,Biology,S,Mum,63,98,45,70,Yes,Good,Under-7,H
M,Egypt,Egypt,lowerlevel,G-04,A,Math,S,Mum,57,69,35,68,No,Bad,Above-7,M
F,Jordan,Jordan,MiddleSchool,G-08,A,History,S,Father,35,14,23,62,No,Bad,Above-7,L
M,KW,KuwaIT,MiddleSchool,G-08,A,Arabic,S,Father,6,30,26,23,Yes,Good,Under-7,M
M,KW,KuwaIT,lowerlevel,G-02,B,IT,F,Father,81,92,42,34,Yes,Good,Above-7,H
F,KW,KuwaIT,HighSchool,G-12,A,English,F,Father,37,28,22,37,Yes,Good,Under-7,M
F,KW,KuwaIT,MiddleSchool,G-07,A,English,F,Father,20,18,24,25,Yes,Bad,Above-7,M
M,KW,KuwaIT,lowerlevel,G-02,B,French,S,Father,65,82,59,65,Yes,Good,Under-7,H
M,KW,KuwaIT,HighSchool,G-09,A,IT,F,Father,15,52,26,39,Yes,Good,Under-7,M
M,Jordan,Jordan,lowerlevel,G-04,A,Science,F,Father,22,21,31,34,No,Good,Above-7,M
M,KW,KuwaIT,lowerlevel,G-04,A,IT,F,Father,20,29,12,14,No,Bad,Above-7,L
M,KW,KuwaIT,MiddleSchool,G-07,A,IT,F,Father,42,44,50,41,Yes,Good,Above-7,L
F,USA,USA,lowerlevel,G-02,B,French,S,Mum,35,54,70,22,Yes,Bad,Under-7,M
M,Tunis,Tunis,MiddleSchool,G-08,C,Spanish,S,Mum,89,81,28,58,Yes,Good,Under-7,H
M,KW,KuwaIT,lowerlevel,G-02,B,IT,F,Father,33,64,7,20,Yes,Good,Under-7,L
F,Palestine,Jordan,lowerlevel,G-02,A,French,F,Mum,24,32,42,21,No,Good,Under-7,M
M,KW,KuwaIT,MiddleSchool,G-08,B,Arabic,S,Father,57,43,34,43,Yes,Good,Under-7,M
F,lebanon,lebanon,lowerlevel,G-02,B,French,F,Mum,82,98,44,75,Yes,Good,Under-7,H
M,Jordan,Palestine,MiddleSchool,G-07,A,Biology,S,Mum,73,96,59,75,Yes,Good,Under-7,H
F,Iraq,Iraq,lowerlevel,G-02,B,Arabic,F,Mum,64,91,22,40,Yes,Good,Under-7,H
M,lebanon,lebanon,MiddleSchool,G-08,C,Spanish,S,Father,77,64,30,18,No,Good,Under-7,M
M,KW,KuwaIT,MiddleSchool,G-07,A,Math,F,Father,8,15,9,38,Yes,Bad,Under-7,L
M,Jordan,Jordan,MiddleSchool,G-06,A,English,S,Father,11,70,32,29,Yes,Good,Above-7,M
F,Iraq,Iraq,MiddleSchool,G-07,A,Biology,F,Mum,86,84,44,19,Yes,Good,Under-7,H
F,Jordan,Jordan,lowerlevel,G-02,B,French,S,Mum,70,80,7,66,No,Bad,Under-7,H
F,Jordan,Jordan,lowerlevel,G-04,B,Science,F,Mum,15,44,33,19,No,Bad,Under-7,M
M,KW,KuwaIT,MiddleSchool,G-08,A,Arabic,S,Mum,62,77,57,60,Yes,Bad,Under-7,H
F,Jordan,Jordan,lowerlevel,G-04,A,Science,F,Mum,85,86,53,57,No,Good,Under-7,H
M,Jordan,Jordan,MiddleSchool,G-07,A,Biology,S,Mum,7,5,15,21,No,Bad,Above-7,L
M,Jordan,Jordan,MiddleSchool,G-07,A,Biology,S,Mum,6,7,17,3,No,Bad,Above-7,L
M,Jordan,Jordan,MiddleSchool,G-08,A,Chemistry,F,Mum,63,83,33,11,Yes,Good,Above-7,M
M,KW,KuwaIT,MiddleSchool,G-07,A,IT,F,Father,28,15,4,28,No,Bad,Above-7,L
M,Iraq,Iraq,lowerlevel,G-02,B,Arabic,F,Mum,83,82,51,47,Yes,Good,Under-7,H
M,Jordan,Jordan,MiddleSchool,G-07,B,Biology,S,Father,66,86,36,30,No,Bad,Under-7,M
M,KW,KuwaIT,MiddleSchool,G-07,B,IT,F,Father,1,6,5,67,Yes,Good,Above-7,L
F,lebanon,lebanon,MiddleSchool,G-08,A,Arabic,S,Mum,71,76,68,71,Yes,Good,Under-7,H
M,KW,KuwaIT,MiddleSchool,G-08,A,Arabic,S,Mum,74,86,45,36,No,Bad,Under-7,H
F,Palestine,Palestine,lowerlevel,G-04,A,Science,F,Mum,75,92,59,23,Yes,Good,Under-7,H
F,USA,USA,HighSchool,G-12,A,English,F,Mum,65,75,23,80,Yes,Good,Under-7,H
F,KW,KuwaIT,MiddleSchool,G-08,A,Arabic,F,Father,76,89,51,37,Yes,Good,Under-7,H
F,KW,KuwaIT,lowerlevel,G-02,B,IT,F,Father,3,5,13,65,Yes,Good,Above-7,L
M,lebanon,lebanon,MiddleSchool,G-08,C,Spanish,S,Father,80,51,40,24,No,Good,Under-7,M
M,Jordan,Jordan,lowerlevel,G-02,A,French,S,Father,18,9,15,31,No,Bad,Above-7,L
F,Jordan,Jordan,MiddleSchool,G-08,A,Chemistry,S,Mum,84,91,42,37,Yes,Good,Under-7,H
M,KW,KuwaIT,MiddleSchool,G-07,A,Math,F,Father,67,82,82,93,Yes,Good,Under-7,H
F,KW,KuwaIT,lowerlevel,G-02,B,IT,F,Father,5,4,14,85,Yes,Good,Above-7,L
F,KW,KuwaIT,lowerlevel,G-04,A,History,S,Father,78,92,81,80,Yes,Good,Under-7,M
M,KW,KuwaIT,MiddleSchool,G-07,B,Math,F,Father,27,29,27,16,Yes,Good,Under-7,M
F,KW,KuwaIT,lowerlevel,G-02,B,IT,F,Father,3,12,4,33,No,Bad,Under-7,L
M,KW,KuwaIT,lowerlevel,G-02,B,IT,F,Father,10,17,21,74,No,Good,Above-7,L
F,Palestine,Palestine,lowerlevel,G-04,A,Science,F,Mum,93,84,82,71,Yes,Good,Under-7,H
F,Jordan,Jordan,MiddleSchool,G-08,A,Chemistry,F,Mum,80,92,81,74,Yes,Good,Under-7,H
M,KW,KuwaIT,MiddleSchool,G-07,A,Quran,F,Father,15,11,12,51,No,Good,Above-7,L
M,Jordan,Jordan,MiddleSchool,G-08,A,Geology,F,Mum,43,52,58,60,Yes,Good,Under-7,M
M,KW,KuwaIT,HighSchool,G-12,A,English,F,Father,12,10,15,25,No,Bad,Above-7,L
M,Jordan,Jordan,lowerlevel,G-02,A,French,F,Mum,70,83,82,33,Yes,Good,Under-7,H
M,KW,KuwaIT,MiddleSchool,G-07,B,Science,F,Father,13,15,7,36,No,Bad,Above-7,L
M,KW,KuwaIT,MiddleSchool,G-08,C,Spanish,S,Father,8,26,46,53,No,Good,Above-7,L
M,SaudiArabia,USA,HighSchool,G-11,B,Spanish,S,Father,11,39,29,33,No,Bad,Above-7,L
M,KW,KuwaIT,lowerlevel,G-04,A,Arabic,S,Father,23,23,45,19,No,Bad,Above-7,L
F,KW,KuwaIT,lowerlevel,G-04,A,History,S,Mum,35,40,55,38,Yes,Good,Above-7,M
M,Jordan,Jordan,MiddleSchool,G-07,A,Biology,S,Father,85,82,59,63,Yes,Bad,Under-7,M
M,Palestine,Palestine,MiddleSchool,G-08,A,Geology,F,Father,55,93,29,31,Yes,Good,Under-7,M
M,Iraq,Iraq,lowerlevel,G-02,B,Arabic,F,Mum,69,88,30,24,Yes,Good,Under-7,H
M,Jordan,Jordan,lowerlevel,G-02,A,French,S,Father,19,24,25,9,No,Bad,Above-7,L
M,KW,KuwaIT,MiddleSchool,G-07,A,Quran,S,Father,25,16,13,21,No,Bad,Above-7,L
F,Jordan,lebanon,lowerlevel,G-04,B,Science,F,Mum,67,77,66,68,Yes,Good,Under-7,H
M,KW,KuwaIT,MiddleSchool,G-07,A,IT,F,Father,44,36,17,70,No,Bad,Under-7,M
M,lebanon,lebanon,MiddleSchool,G-08,C,Spanish,S,Father,70,65,44,32,No,Good,Under-7,M
F,Jordan,Jordan,MiddleSchool,G-08,A,Chemistry,S,Father,35,90,30,14,Yes,Good,Under-7,H
M,Jordan,Jordan,lowerlevel,G-02,A,Arabic,F,Father,32,77,48,32,Yes,Good,Above-7,M
F,KW,KuwaIT,lowerlevel,G-02,C,IT,F,Father,16,10,20,40,No,Bad,Above-7,L
M,Jordan,Jordan,MiddleSchool,G-06,A,English,S,Father,28,38,46,36,Yes,Bad,Above-7,M
M,Jordan,Jordan,MiddleSchool,G-07,B,Biology,F,Father,48,83,22,49,No,Bad,Under-7,M
M,Lybia,Lybia,lowerlevel,G-02,B,French,S,Mum,32,2,27,22,No,Good,Above-7,L
M,KW,KuwaIT,lowerlevel,G-02,C,IT,F,Mum,39,33,23,58,Yes,Good,Under-7,M
F,Jordan,Jordan,MiddleSchool,G-06,A,English,S,Mum,97,87,82,86,No,Good,Under-7,H
F,Jordan,Jordan,MiddleSchool,G-07,B,Science,S,Mum,20,40,27,66,Yes,Good,Above-7,M
F,KW,KuwaIT,lowerlevel,G-02,B,IT,F,Father,31,36,16,37,Yes,Good,Under-7,M
M,KW,KuwaIT,MiddleSchool,G-07,B,Science,S,Mum,76,85,87,77,Yes,Bad,Under-7,H
M,lebanon,lebanon,MiddleSchool,G-08,C,Spanish,S,Father,32,30,24,36,Yes,Good,Under-7,M
M,Lybia,Lybia,lowerlevel,G-02,B,French,S,Mum,30,17,21,21,No,Good,Above-7,L
M,Egypt,Egypt,lowerlevel,G-04,A,English,S,Mum,44,46,14,12,No,Good,Above-7,L
M,KW,KuwaIT,lowerlevel,G-02,B,IT,F,Father,7,5,2,80,Yes,Good,Above-7,L
M,Jordan,Jordan,MiddleSchool,G-08,A,Geology,F,Mum,94,88,70,66,Yes,Good,Under-7,M
M,KW,KuwaIT,lowerlevel,G-02,B,IT,F,Father,9,8,8,84,Yes,Good,Above-7,L
M,Iran,Iran,HighSchool,G-09,A,IT,F,Mum,12,36,27,31,Yes,Good,Under-7,M
M,Palestine,Jordan,MiddleSchool,G-06,A,English,F,Mum,74,42,30,24,Yes,Good,Under-7,H
M,KW,KuwaIT,lowerlevel,G-02,A,IT,S,Father,10,33,1,32,Yes,Good,Above-7,L
M,KW,KuwaIT,lowerlevel,G-02,B,IT,F,Father,80,86,79,67,Yes,Good,Above-7,H
F,Jordan,Jordan,MiddleSchool,G-08,A,Geology,S,Mum,74,62,49,43,Yes,Good,Above-7,M
F,Jordan,Jordan,MiddleSchool,G-08,A,Chemistry,S,Father,10,10,17,51,No,Bad,Above-7,L
M,Tunis,Tunis,MiddleSchool,G-07,A,Quran,S,Father,16,42,38,12,No,Bad,Above-7,L
M,Iran,Iran,lowerlevel,G-02,B,French,S,Mum,12,3,12,36,No,Good,Above-7,L
M,KW,KuwaIT,MiddleSchool,G-08,C,Spanish,S,Father,40,52,46,26,Yes,Good,Under-7,M
M,Jordan,Jordan,lowerlevel,G-02,A,French,F,Mum,78,91,80,60,Yes,Good,Under-7,H
M,Jordan,SaudiArabia,lowerlevel,G-02,B,Arabic,F,Mum,27,4,25,19,No,Good,Above-7,L
F,Morocco,Morocco,lowerlevel,G-02,B,French,S,Mum,84,86,53,50,Yes,Good,Under-7,H
F,KW,KuwaIT,MiddleSchool,G-07,B,Science,S,Father,47,51,38,50,Yes,Good,Under-7,M
F,Jordan,Jordan,lowerlevel,G-04,B,Science,S,Mum,22,71,30,37,No,Bad,Under-7,M
M,Syria,Syria,lowerlevel,G-02,A,French,F,Father,25,66,26,25,No,Bad,Under-7,M
M,Tunis,Tunis,MiddleSchool,G-07,A,Quran,S,Father,19,65,50,10,No,Bad,Above-7,L
M,SaudiArabia,USA,HighSchool,G-11,A,Science,S,Father,62,68,51,54,Yes,Good,Under-7,M
M,Jordan,Jordan,lowerlevel,G-02,B,Arabic,F,Mum,37,79,57,68,Yes,Bad,Above-7,M
M,Morocco,Morocco,MiddleSchool,G-08,A,Arabic,S,Mum,62,84,51,73,No,Bad,Under-7,M
F,Jordan,Jordan,lowerlevel,G-04,B,Science,F,Father,27,42,45,70,Yes,Bad,Under-7,M
F,Jordan,Jordan,lowerlevel,G-04,B,Science,S,Mum,22,50,35,48,No,Bad,Under-7,M
F,KW,KuwaIT,lowerlevel,G-02,B,IT,F,Mum,45,98,44,17,Yes,Good,Under-7,H
M,Jordan,Jordan,lowerlevel,G-02,A,French,S,Mum,33,89,68,46,Yes,Good,Under-7,H
M,KW,KuwaIT,MiddleSchool,G-08,C,Spanish,S,Mum,96,61,42,94,Yes,Bad,Under-7,H
F,Jordan,Jordan,MiddleSchool,G-07,B,Biology,S,Mum,67,74,33,33,No,Good,Under-7,H
F,KW,KuwaIT,lowerlevel,G-02,C,IT,F,Mum,47,51,24,29,Yes,Good,Above-7,M
M,KW,KuwaIT,MiddleSchool,G-07,A,Math,F,Father,51,32,41,56,Yes,Good,Under-7,M
M,Jordan,Jordan,lowerlevel,G-02,B,Arabic,S,Mum,19,43,28,37,Yes,Good,Under-7,M
M,KW,KuwaIT,MiddleSchool,G-08,C,Spanish,S,Father,70,81,39,84,No,Bad,Under-7,M
F,Jordan,Jordan,MiddleSchool,G-08,A,Chemistry,S,Mum,67,75,21,39,Yes,Good,Under-7,H
F,KW,KuwaIT,lowerlevel,G-02,C,IT,F,Father,33,61,30,64,Yes,Good,Under-7,H
M,KW,KuwaIT,MiddleSchool,G-07,B,Math,F,Father,30,22,23,33,Yes,Good,Under-7,M
M,lebanon,Jordan,MiddleSchool,G-08,A,Arabic,S,Mum,74,80,72,63,Yes,Good,Under-7,H
M,Jordan,Jordan,MiddleSchool,G-07,A,Biology,S,Father,58,88,18,37,Yes,Bad,Under-7,M
M,KW,KuwaIT,lowerlevel,G-04,A,IT,F,Father,16,14,1,22,Yes,Good,Under-7,M
M,KW,KuwaIT,lowerlevel,G-02,B,IT,F,Father,2,8,15,66,Yes,Good,Above-7,L
M,Jordan,Jordan,lowerlevel,G-04,B,Science,F,Mum,67,74,76,82,Yes,Good,Under-7,H
F,USA,USA,HighSchool,G-12,A,English,F,Mum,68,69,51,74,Yes,Good,Under-7,H
F,lebanon,lebanon,MiddleSchool,G-07,A,Quran,S,Father,33,81,32,24,No,Bad,Under-7,M
M,Tunis,Tunis,MiddleSchool,G-07,A,Quran,S,Father,62,87,23,15,Yes,Good,Under-7,M
F,Jordan,Jordan,MiddleSchool,G-06,A,English,S,Mum,64,62,20,45,No,Good,Under-7,M
M,KW,KuwaIT,MiddleSchool,G-07,B,IT,F,Father,1,7,3,62,Yes,Good,Above-7,L
M,Iran,Iran,MiddleSchool,G-08,A,Spanish,S,Mum,44,39,22,30,No,Bad,Above-7,M
F,Jordan,Jordan,lowerlevel,G-02,B,Arabic,F,Father,36,46,16,56,No,Bad,Above-7,L
F,lebanon,lebanon,MiddleSchool,G-06,A,English,S,Mum,78,54,72,58,Yes,Good,Under-7,H
M,Syria,Syria,lowerlevel,G-02,A,French,F,Father,37,41,21,32,No,Bad,Under-7,M
M,KW,KuwaIT,lowerlevel,G-02,B,IT,F,Father,65,80,68,52,Yes,Good,Above-7,H
F,Jordan,Jordan,lowerlevel,G-04,A,Science,S,Mum,76,82,71,71,No,Good,Under-7,H
M,Palestine,Jordan,MiddleSchool,G-07,B,Biology,S,Father,97,91,87,73,Yes,Good,Under-7,H
M,Tunis,Tunis,MiddleSchool,G-07,A,Quran,S,Father,20,57,45,32,Yes,Good,Under-7,M
M,lebanon,lebanon,MiddleSchool,G-08,A,Arabic,S,Mum,17,11,14,5,No,Bad,Above-7,L
M,Iraq,Iraq,MiddleSchool,G-08,A,History,S,Father,47,61,64,63,Yes,Good,Above-7,M
M,Lybia,Lybia,lowerlevel,G-02,B,French,F,Mum,12,42,33,34,No,Good,Above-7,L
F,Jordan,Jordan,MiddleSchool,G-08,A,Geology,S,Father,42,67,43,15,Yes,Good,Above-7,M
M,Jordan,Jordan,MiddleSchool,G-07,A,Quran,F,Mum,73,47,46,36,Yes,Good,Under-7,M
M,KW,KuwaIT,lowerlevel,G-04,A,IT,F,Father,15,16,2,20,Yes,Good,Under-7,M
M,SaudiArabia,SaudiArabia,lowerlevel,G-02,B,IT,F,Father,84,67,73,71,Yes,Good,Under-7,H
M,KW,KuwaIT,MiddleSchool,G-07,A,Quran,F,Father,21,25,25,51,No,Good,Above-7,L
M,Jordan,Jordan,lowerlevel,G-02,B,Arabic,S,Father,38,12,30,29,No,Bad,Above-7,L
F,KW,KuwaIT,MiddleSchool,G-08,A,Math,F,Mum,75,84,31,64,No,Bad,Above-7,H
F,Jordan,Jordan,MiddleSchool,G-08,A,History,F,Father,61,82,44,84,Yes,Good,Under-7,M
M,Jordan,Jordan,MiddleSchool,G-07,B,Science,S,Father,40,8,19,9,No,Bad,Above-7,L
F,KW,KuwaIT,MiddleSchool,G-06,A,Math,S,Father,87,48,82,96,No,Bad,Above-7,M
M,KW,KuwaIT,HighSchool,G-12,A,English,F,Father,26,12,14,33,No,Good,Above-7,L
M,Iraq,Iraq,lowerlevel,G-02,B,Arabic,S,Mum,73,77,44,34,Yes,Good,Under-7,H
F,Iraq,Iraq,lowerlevel,G-02,B,French,F,Father,43,89,29,35,No,Good,Under-7,M
F,KW,KuwaIT,HighSchool,G-11,A,Science,F,Mum,66,74,63,85,Yes,Good,Under-7,H
F,USA,USA,HighSchool,G-12,A,English,F,Mum,74,72,27,47,Yes,Good,Under-7,H
M,KW,KuwaIT,MiddleSchool,G-08,B,Spanish,S,Father,40,47,64,34,No,Bad,Under-7,L
M,Palestine,Jordan,MiddleSchool,G-06,A,English,F,Mum,71,70,65,69,Yes,Good,Under-7,M
F,KW,KuwaIT,lowerlevel,G-04,A,History,S,Mum,18,19,37,39,Yes,Good,Above-7,M
F,KW,KuwaIT,MiddleSchool,G-07,A,English,F,Father,43,46,29,58,Yes,Bad,Above-7,M
F,Jordan,Jordan,lowerlevel,G-02,B,IT,F,Mum,66,78,30,73,Yes,Good,Under-7,H
F,Jordan,Jordan,MiddleSchool,G-08,A,Geology,S,Mum,81,81,67,60,Yes,Good,Under-7,H
M,Jordan,Jordan,lowerlevel,G-02,B,Arabic,S,Father,30,11,28,21,No,Bad,Above-7,L
M,Iraq,Iraq,MiddleSchool,G-06,A,English,F,Mum,76,76,48,35,No,Good,Under-7,H
M,KW,KuwaIT,lowerlevel,G-02,B,IT,F,Father,20,52,5,39,No,Bad,Under-7,L
M,Jordan,Jordan,MiddleSchool,G-06,A,English,F,Father,42,21,2,16,No,Bad,Under-7,M
M,Egypt,Egypt,lowerlevel,G-04,A,English,S,Mum,23,37,38,40,No,Good,Above-7,L
M,Syria,Syria,lowerlevel,G-02,A,French,F,Father,27,44,19,38,No,Bad,Under-7,M
M,KW,KuwaIT,lowerlevel,G-02,B,IT,F,Father,44,31,13,10,No,Bad,Above-7,L
M,Palestine,Jordan,MiddleSchool,G-06,A,English,F,Mum,82,31,52,25,No,Good,Under-7,M
M,KW,KuwaIT,MiddleSchool,G-07,A,Math,F,Father,51,69,39,26,Yes,Good,Under-7,M
F,Jordan,Jordan,lowerlevel,G-05,A,English,F,Mum,13,10,6,5,No,Good,Above-7,L
F,Jordan,Jordan,MiddleSchool,G-08,A,Geology,S,Mum,66,61,23,52,Yes,Good,Above-7,M
M,Iraq,Iraq,MiddleSchool,G-06,A,English,F,Mum,77,83,78,37,No,Good,Under-7,H
F,Iraq,Iraq,lowerlevel,G-02,B,French,F,Father,17,87,18,14,No,Good,Under-7,M
M,KW,KuwaIT,MiddleSchool,G-07,B,Science,F,Mum,4,13,7,38,Yes,Good,Above-7,L
F,Jordan,Jordan,MiddleSchool,G-07,B,Biology,S,Mum,89,92,76,38,No,Good,Under-7,H
F,Jordan,Jordan,MiddleSchool,G-08,A,Chemistry,F,Mum,42,95,19,20,Yes,Good,Under-7,H
F,Jordan,Jordan,lowerlevel,G-02,B,Arabic,F,Father,8,10,8,41,No,Bad,Above-7,L
M,KW,KuwaIT,MiddleSchool,G-08,A,Arabic,S,Mum,65,91,24,40,Yes,Good,Under-7,M
M,Egypt,Egypt,lowerlevel,G-02,B,French,S,Mum,5,8,11,8,No,Good,Above-7,L
F,lebanon,lebanon,lowerlevel,G-02,B,French,S,Mum,72,91,49,20,Yes,Good,Under-7,H
M,Iraq,Iraq,lowerlevel,G-02,B,Arabic,F,Mum,89,84,66,66,Yes,Good,Under-7,H
F,lebanon,lebanon,MiddleSchool,G-08,A,Arabic,S,Mum,56,82,73,28,Yes,Good,Under-7,H
M,SaudiArabia,SaudiArabia,HighSchool,G-11,A,Quran,S,Father,59,87,42,43,Yes,Good,Under-7,H
M,SaudiArabia,USA,HighSchool,G-11,B,Math,S,Father,70,58,73,91,Yes,Bad,Under-7,H
M,KW,KuwaIT,MiddleSchool,G-07,A,Math,F,Father,22,9,15,22,Yes,Good,Above-7,L
M,Jordan,Jordan,lowerlevel,G-02,A,Arabic,F,Father,13,57,53,14,No,Bad,Under-7,M
M,SaudiArabia,USA,HighSchool,G-11,B,Math,S,Father,70,60,72,86,Yes,Bad,Under-7,H
M,KW,KuwaIT,lowerlevel,G-04,A,English,S,Mum,39,31,4,50,No,Bad,Above-7,L
F,KW,KuwaIT,lowerlevel,G-02,B,IT,F,Father,68,89,60,24,Yes,Good,Above-7,M
M,Jordan,Jordan,lowerlevel,G-04,A,Science,S,Father,21,27,19,14,No,Bad,Above-7,L
M,Jordan,Jordan,MiddleSchool,G-08,A,Chemistry,S,Mum,52,58,56,28,Yes,Good,Above-7,M
M,Jordan,Jordan,lowerlevel,G-02,C,IT,F,Father,81,35,42,34,Yes,Good,Under-7,M
M,KW,KuwaIT,lowerlevel,G-04,A,IT,F,Father,49,44,37,32,Yes,Good,Under-7,M
M,Jordan,Jordan,lowerlevel,G-02,A,French,F,Father,38,27,7,17,No,Bad,Above-7,L
M,KW,KuwaIT,lowerlevel,G-05,A,English,F,Father,22,25,6,37,No,Bad,Above-7,L
F,KW,KuwaIT,HighSchool,G-09,A,IT,F,Father,34,45,26,74,Yes,Good,Under-7,M
F,Jordan,Jordan,MiddleSchool,G-08,A,Chemistry,S,Father,51,93,39,9,Yes,Good,Under-7,H
M,KW,KuwaIT,MiddleSchool,G-07,B,Science,S,Mum,19,25,27,30,Yes,Good,Above-7,M
M,KW,KuwaIT,MiddleSchool,G-08,A,Arabic,S,Mum,72,81,74,34,Yes,Good,Under-7,H
F,Jordan,Jordan,MiddleSchool,G-08,A,Chemistry,S,Mum,89,96,48,73,Yes,Good,Under-7,H
F,KW,KuwaIT,MiddleSchool,G-06,A,IT,S,Father,42,49,54,66,Yes,Bad,Under-7,M
M,KW,KuwaIT,MiddleSchool,G-07,B,IT,F,Father,45,51,19,28,Yes,Bad,Under-7,M
M,Jordan,SaudiArabia,MiddleSchool,G-08,C,Spanish,S,Mum,27,90,82,14,Yes,Good,Under-7,H
M,Iraq,Iraq,MiddleSchool,G-07,B,Biology,F,Father,87,91,84,75,Yes,Good,Under-7,H
M,Egypt,Egypt,lowerlevel,G-04,A,Math,S,Mum,50,86,30,13,No,Bad,Above-7,M
F,Iraq,Iraq,lowerlevel,G-02,B,French,S,Father,27,74,31,17,No,Good,Under-7,M
F,Jordan,Jordan,MiddleSchool,G-06,A,English,S,Mum,87,85,61,17,No,Good,Under-7,M
F,Jordan,Jordan,MiddleSchool,G-06,A,English,F,Mum,70,64,42,32,No,Bad,Under-7,M
M,Jordan,SaudiArabia,lowerlevel,G-02,B,Arabic,F,Mum,4,11,6,27,No,Good,Above-7,L
M,SaudiArabia,USA,HighSchool,G-11,A,Science,S,Father,25,49,47,62,Yes,Good,Under-7,M
F,USA,USA,MiddleSchool,G-07,A,Math,F,Father,61,66,35,74,No,Good,Under-7,M
F,KW,KuwaIT,MiddleSchool,G-08,A,Arabic,F,Father,71,87,29,39,Yes,Good,Under-7,H
M,Palestine,Jordan,lowerlevel,G-04,B,Science,S,Mum,74,79,79,57,Yes,Good,Above-7,M
M,Egypt,Egypt,lowerlevel,G-04,A,English,S,Mum,10,32,17,44,No,Good,Above-7,L
M,Palestine,Jordan,lowerlevel,G-04,B,Science,F,Mum,76,63,57,83,Yes,Good,Above-7,M
F,Jordan,Jordan,lowerlevel,G-05,A,English,F,Mum,18,9,24,21,No,Good,Above-7,L
M,Jordan,Jordan,lowerlevel,G-02,B,Arabic,S,Mum,17,42,14,61,Yes,Good,Under-7,M
M,KW,KuwaIT,lowerlevel,G-02,B,IT,F,Father,70,91,53,48,Yes,Bad,Under-7,H
F,KW,KuwaIT,MiddleSchool,G-06,A,Quran,S,Father,68,39,6,17,No,Bad,Above-7,L
M,KW,KuwaIT,MiddleSchool,G-08,A,Arabic,S,Father,15,43,42,33,Yes,Good,Under-7,M
M,KW,KuwaIT,MiddleSchool,G-08,A,Spanish,S,Father,5,12,15,8,No,Bad,Above-7,L
F,Jordan,Jordan,MiddleSchool,G-07,B,Biology,F,Mum,75,91,28,35,No,Good,Under-7,H
M,KW,KuwaIT,MiddleSchool,G-07,A,Math,F,Father,29,15,3,23,No,Bad,Above-7,L
M,Jordan,SaudiArabia,MiddleSchool,G-08,A,Geology,F,Father,91,87,64,78,No,Bad,Under-7,M
F,Jordan,USA,lowerlevel,G-02,B,French,S,Mum,54,82,68,42,No,Bad,Above-7,M
M,KW,KuwaIT,lowerlevel,G-02,B,IT,F,Father,2,1,3,41,No,Bad,Above-7,L
F,KW,KuwaIT,MiddleSchool,G-06,A,Science,S,Father,80,94,62,77,Yes,Good,Under-7,H
M,Tunis,Tunis,lowerlevel,G-02,B,French,S,Mum,39,75,59,21,Yes,Bad,Under-7,H
M,KW,KuwaIT,lowerlevel,G-04,A,History,S,Father,66,97,58,47,Yes,Bad,Above-7,M
M,Jordan,Jordan,MiddleSchool,G-07,B,Science,S,Father,21,14,11,30,No,Bad,Above-7,L
F,lebanon,lebanon,lowerlevel,G-02,B,French,F,Mum,71,88,29,24,Yes,Good,Under-7,H
F,Jordan,Jordan,MiddleSchool,G-08,A,Geology,F,Mum,41,78,37,35,Yes,Good,Above-7,M
M,KW,KuwaIT,lowerlevel,G-02,B,IT,F,Father,8,0,8,17,No,Bad,Above-7,L
F,KW,KuwaIT,lowerlevel,G-04,A,History,S,Father,80,90,59,34,No,Good,Under-7,M
M,Jordan,Jordan,MiddleSchool,G-06,A,English,F,Father,10,8,10,10,Yes,Bad,Above-7,M
F,Jordan,Jordan,MiddleSchool,G-08,A,Geology,F,Mum,20,28,49,25,Yes,Good,Above-7,M
F,Palestine,Jordan,lowerlevel,G-02,A,French,F,Mum,65,78,19,23,No,Good,Under-7,M
M,KW,KuwaIT,MiddleSchool,G-07,A,Math,F,Father,8,18,8,47,Yes,Bad,Under-7,L
M,Tunis,SaudiArabia,MiddleSchool,G-07,A,Quran,S,Father,60,86,31,11,Yes,Bad,Under-7,M
M,KW,KuwaIT,lowerlevel,G-02,B,IT,F,Father,8,6,6,19,No,Bad,Above-7,L
M,KW,KuwaIT,lowerlevel,G-02,B,IT,F,Father,11,51,1,66,Yes,Good,Above-7,L
M,KW,KuwaIT,MiddleSchool,G-08,C,Spanish,S,Mum,61,58,51,40,Yes,Good,Under-7,M
F,Jordan,Jordan,lowerlevel,G-05,A,English,F,Mum,14,34,35,31,No,Good,Above-7,L
M,Egypt,KuwaIT,MiddleSchool,G-07,B,Science,S,Father,61,51,33,27,No,Bad,Above-7,M
F,Jordan,Jordan,MiddleSchool,G-08,A,Chemistry,S,Father,49,87,10,46,Yes,Good,Under-7,H
M,KW,KuwaIT,MiddleSchool,G-07,B,IT,F,Father,7,15,2,41,No,Bad,Under-7,L
F,Palestine,Palestine,lowerlevel,G-04,A,Science,F,Mum,81,82,61,77,Yes,Good,Under-7,H
F,Iraq,Iraq,lowerlevel,G-02,B,French,S,Father,57,83,53,13,No,Good,Under-7,M
M,KW,KuwaIT,MiddleSchool,G-07,A,Math,F,Father,28,60,20,48,Yes,Good,Under-7,M
F,KW,KuwaIT,MiddleSchool,G-07,A,IT,F,Father,12,7,3,55,No,Bad,Above-7,L
M,KW,KuwaIT,HighSchool,G-12,A,English,F,Father,11,8,3,28,No,Bad,Above-7,L
F,KW,KuwaIT,lowerlevel,G-04,A,History,S,Father,83,41,57,36,Yes,Good,Under-7,M
M,KW,KuwaIT,MiddleSchool,G-08,A,Spanish,S,Father,10,13,14,7,No,Bad,Above-7,L
F,Jordan,Jordan,MiddleSchool,G-07,B,Biology,F,Mum,78,90,31,39,No,Good,Under-7,H
M,KW,KuwaIT,lowerlevel,G-04,A,English,S,Mum,69,34,12,17,No,Bad,Above-7,L
F,Jordan,Jordan,lowerlevel,G-02,B,French,F,Mum,10,86,35,21,Yes,Good,Under-7,M
F,Jordan,Jordan,lowerlevel,G-02,A,French,S,Mum,28,80,41,32,No,Good,Under-7,M
M,Egypt,Egypt,MiddleSchool,G-07,B,Science,S,Mum,76,84,70,63,Yes,Good,Under-7,H
M,Jordan,Jordan,MiddleSchool,G-06,A,English,S,Father,61,58,49,47,Yes,Bad,Above-7,M
M,Iran,Iran,MiddleSchool,G-08,C,Spanish,S,Mum,24,54,32,51,Yes,Bad,Above-7,M
M,Jordan,Jordan,MiddleSchool,G-06,A,English,S,Father,28,73,24,28,Yes,Good,Above-7,M
F,KW,KuwaIT,MiddleSchool,G-07,B,Science,S,Mum,29,36,26,60,Yes,Good,Above-7,M
M,KW,KuwaIT,lowerlevel,G-04,A,History,S,Father,44,91,52,45,Yes,Bad,Above-7,M
M,KW,KuwaIT,lowerlevel,G-02,B,IT,F,Father,6,6,4,29,No,Bad,Above-7,L
M,KW,KuwaIT,MiddleSchool,G-08,C,Spanish,S,Mum,53,21,22,47,Yes,Good,Under-7,M
M,KW,KuwaIT,MiddleSchool,G-08,C,Spanish,S,Mum,57,51,46,34,Yes,Good,Under-7,M
M,KW,KuwaIT,MiddleSchool,G-08,A,Arabic,S,Father,15,31,30,14,Yes,Good,Above-7,L
M,Jordan,Jordan,MiddleSchool,G-08,A,History,S,Mum,63,77,60,63,Yes,Good,Above-7,M
F,Iraq,Iraq,lowerlevel,G-02,B,Arabic,F,Mum,85,84,45,30,Yes,Good,Under-7,H
M,KW,KuwaIT,lowerlevel,G-02,C,IT,F,Mum,43,48,32,46,Yes,Good,Under-7,M
M,Jordan,Jordan,lowerlevel,G-02,A,Arabic,F,Father,21,48,47,41,Yes,Good,Above-7,M
M,Jordan,Jordan,MiddleSchool,G-08,A,Geology,S,Mum,79,88,55,15,Yes,Good,Under-7,M
F,KW,KuwaIT,lowerlevel,G-04,A,History,S,Father,80,97,86,95,Yes,Good,Under-7,M
M,KW,KuwaIT,HighSchool,G-12,A,English,F,Mum,10,23,14,32,No,Bad,Above-7,L
M,Jordan,Jordan,lowerlevel,G-02,B,Arabic,F,Mum,15,90,21,97,Yes,Good,Under-7,M
F,Jordan,Jordan,MiddleSchool,G-08,A,Geology,F,Mum,62,72,67,26,Yes,Good,Above-7,M
M,Iraq,Iraq,lowerlevel,G-02,B,Arabic,F,Mum,67,88,51,63,Yes,Good,Under-7,H
F,Jordan,Jordan,MiddleSchool,G-07,B,Biology,F,Mum,76,89,18,29,No,Good,Under-7,H
F,Jordan,Jordan,MiddleSchool,G-08,A,Chemistry,S,Father,21,98,20,2,Yes,Good,Under-7,H
M,Jordan,Jordan,lowerlevel,G-02,B,Arabic,F,Mum,21,55,23,49,Yes,Good,Under-7,M
M,USA,USA,MiddleSchool,G-08,B,Math,F,Father,16,7,8,10,Yes,Good,Above-7,L
M,KW,KuwaIT,lowerlevel,G-02,B,IT,F,Father,8,12,2,15,Yes,Good,Above-7,L
M,KW,KuwaIT,MiddleSchool,G-08,C,Spanish,S,Father,9,6,16,43,Yes,Good,Under-7,M
M,KW,KuwaIT,MiddleSchool,G-08,C,Spanish,S,Father,46,70,61,11,No,Bad,Under-7,M
M,KW,KuwaIT,MiddleSchool,G-08,A,Arabic,S,Mum,37,16,24,44,Yes,Good,Under-7,M
M,Tunis,Tunis,MiddleSchool,G-08,C,Spanish,S,Mum,89,91,41,34,Yes,Good,Under-7,H
F,Jordan,Jordan,MiddleSchool,G-07,B,Science,S,Mum,69,83,71,58,Yes,Good,Above-7,M
M,KW,KuwaIT,lowerlevel,G-02,C,IT,S,Father,14,4,24,16,No,Bad,Above-7,L
M,Tunis,Tunis,MiddleSchool,G-08,C,Spanish,S,Father,7,49,21,39,No,Bad,Above-7,L
M,KW,KuwaIT,HighSchool,G-12,A,English,F,Mum,7,31,7,21,No,Bad,Above-7,L
F,Jordan,Palestine,lowerlevel,G-02,A,French,F,Mum,48,24,39,41,Yes,Good,Under-7,M
M,Jordan,Jordan,MiddleSchool,G-07,A,Biology,F,Father,23,29,66,42,Yes,Bad,Under-7,M
M,Jordan,Jordan,MiddleSchool,G-06,A,English,F,Father,22,29,22,58,Yes,Bad,Above-7,M
M,KW,KuwaIT,MiddleSchool,G-07,A,Math,F,Father,50,10,15,22,Yes,Good,Under-7,M
M,KW,KuwaIT,MiddleSchool,G-08,A,Arabic,S,Father,18,19,34,14,Yes,Good,Above-7,L
M,Palestine,Jordan,MiddleSchool,G-07,B,Biology,S,Father,36,99,34,21,Yes,Good,Under-7,H
M,Jordan,Jordan,MiddleSchool,G-07,A,Biology,F,Father,34,73,35,32,No,Good,Above-7,M
M,Jordan,Jordan,lowerlevel,G-04,A,Science,F,Father,13,13,19,16,No,Bad,Above-7,L
F,Jordan,Jordan,lowerlevel,G-02,B,French,S,Mum,23,86,33,16,Yes,Good,Under-7,M
M,Jordan,Jordan,MiddleSchool,G-08,A,Chemistry,F,Mum,81,87,65,20,Yes,Good,Above-7,M
F,lebanon,lebanon,lowerlevel,G-02,B,IT,F,Father,42,45,22,34,Yes,Good,Under-7,M
F,lebanon,lebanon,MiddleSchool,G-07,A,Quran,S,Mum,73,90,24,22,Yes,Good,Under-7,H
F,KW,KuwaIT,lowerlevel,G-02,B,IT,F,Father,35,34,45,60,No,Good,Above-7,L
F,KW,KuwaIT,HighSchool,G-12,A,English,F,Father,62,68,24,41,No,Bad,Under-7,M
M,KW,KuwaIT,MiddleSchool,G-07,A,Math,F,Father,6,5,14,13,Yes,Good,Above-7,L
M,KW,KuwaIT,lowerlevel,G-02,C,IT,F,Father,44,78,37,41,No,Good,Under-7,M
M,Jordan,Jordan,MiddleSchool,G-08,A,Geology,F,Mum,77,82,74,79,Yes,Good,Under-7,M
M,KW,KuwaIT,lowerlevel,G-02,B,IT,F,Father,64,88,58,80,Yes,Bad,Under-7,M
M,Palestine,Jordan,lowerlevel,G-04,B,Science,S,Mum,82,85,67,57,Yes,Good,Above-7,M
F,Jordan,Jordan,MiddleSchool,G-08,A,History,S,Father,43,92,19,26,Yes,Good,Under-7,M
M,KW,KuwaIT,HighSchool,G-11,A,Quran,F,Father,28,9,17,42,No,Bad,Above-7,L
M,SaudiArabia,USA,HighSchool,G-11,A,Science,S,Father,27,70,64,79,Yes,Good,Under-7,M
M,Jordan,Jordan,lowerlevel,G-02,B,Arabic,F,Mum,47,90,63,64,Yes,Bad,Above-7,M
M,Syria,Syria,lowerlevel,G-02,A,French,S,Father,52,47,39,39,No,Bad,Under-7,M
F,Iraq,Iraq,lowerlevel,G-02,B,Arabic,F,Mum,81,87,23,62,Yes,Good,Under-7,H
M,KW,KuwaIT,HighSchool,G-11,A,Quran,F,Father,14,5,12,35,No,Bad,Above-7,L
F,KW,KuwaIT,HighSchool,G-12,A,English,F,Father,46,11,13,18,No,Bad,Above-7,L
M,Jordan,Jordan,lowerlevel,G-04,A,Science,S,Father,25,22,13,26,No,Bad,Above-7,L
M,Jordan,Jordan,MiddleSchool,G-08,A,History,S,Mum,58,75,59,57,Yes,Good,Above-7,M
M,Tunis,Tunis,HighSchool,G-11,B,Science,S,Father,33,79,37,22,No,Good,Under-7,M
F,Jordan,Jordan,lowerlevel,G-04,B,Science,F,Father,18,27,6,47,Yes,Bad,Under-7,M
M,Jordan,Jordan,lowerlevel,G-02,B,French,F,Mum,62,92,45,22,Yes,Good,Under-7,H
M,KW,KuwaIT,MiddleSchool,G-07,B,IT,S,Mum,71,77,82,88,Yes,Bad,Under-7,H
M,Jordan,Jordan,lowerlevel,G-02,B,French,S,Mum,35,92,29,33,No,Bad,Under-7,M
M,KW,KuwaIT,lowerlevel,G-02,B,IT,F,Father,3,3,7,47,Yes,Good,Above-7,L
F,Iraq,Iraq,lowerlevel,G-02,B,Arabic,S,Mum,55,88,38,26,Yes,Good,Under-7,H
M,Jordan,Jordan,MiddleSchool,G-08,A,Chemistry,F,Mum,85,87,72,10,Yes,Good,Above-7,M
M,Jordan,Jordan,lowerlevel,G-02,B,French,S,Mum,66,73,64,12,Yes,Good,Above-7,M
M,KW,KuwaIT,MiddleSchool,G-07,A,Quran,S,Father,88,69,50,57,Yes,Good,Under-7,H
F,Jordan,Jordan,lowerlevel,G-04,A,Science,S,Father,39,22,12,34,No,Bad,Above-7,L
F,Jordan,Jordan,MiddleSchool,G-08,A,Geology,S,Mum,66,66,44,37,Yes,Good,Above-7,M
F,Palestine,Jordan,lowerlevel,G-02,A,French,F,Mum,76,88,37,17,No,Good,Under-7,M
M,SaudiArabia,USA,HighSchool,G-11,B,English,S,Father,36,44,46,21,No,Bad,Above-7,M
F,Syria,Syria,MiddleSchool,G-07,A,Biology,F,Mum,95,95,72,74,Yes,Good,Under-7,H
M,Jordan,Jordan,MiddleSchool,G-08,A,Geology,F,Mum,58,62,56,27,Yes,Good,Under-7,M
M,Jordan,Jordan,lowerlevel,G-02,B,Arabic,F,Mum,49,95,48,77,Yes,Good,Under-7,M
M,KW,KuwaIT,lowerlevel,G-04,A,Arabic,S,Father,29,22,21,45,No,Bad,Above-7,L
F,Jordan,Jordan,lowerlevel,G-04,B,Science,S,Mum,37,48,40,56,No,Bad,Under-7,M
M,Tunis,Tunis,lowerlevel,G-02,B,French,S,Mum,60,52,23,33,Yes,Bad,Under-7,H
M,KW,KuwaIT,MiddleSchool,G-07,B,Science,S,Mum,76,83,96,89,Yes,Bad,Under-7,H
F,Jordan,Jordan,lowerlevel,G-02,A,French,F,Mum,66,91,26,9,Yes,Good,Under-7,H
F,KW,KuwaIT,lowerlevel,G-02,B,IT,F,Father,6,5,3,60,No,Bad,Above-7,L
M,Jordan,Jordan,lowerlevel,G-04,A,Science,F,Father,44,43,31,68,No,Good,Above-7,M
M,Morocco,Morocco,MiddleSchool,G-08,A,Arabic,S,Mum,46,41,26,76,No,Bad,Under-7,M
M,KW,KuwaIT,MiddleSchool,G-08,A,Spanish,S,Mum,86,85,38,57,Yes,Good,Under-7,H
F,SaudiArabia,SaudiArabia,MiddleSchool,G-07,B,Science,F,Father,32,68,40,53,Yes,Good,Under-7,M
F,Jordan,Jordan,MiddleSchool,G-06,A,English,S,Mum,90,85,87,88,No,Good,Under-7,H
M,Jordan,SaudiArabia,MiddleSchool,G-08,C,Spanish,S,Mum,40,82,67,34,Yes,Good,Under-7,H
M,KW,KuwaIT,lowerlevel,G-02,B,IT,F,Father,13,48,7,32,No,Bad,Under-7,L
F,Jordan,Jordan,lowerlevel,G-04,A,Science,F,Mum,79,73,79,84,No,Good,Under-7,H
M,Iraq,Iraq,lowerlevel,G-02,B,Arabic,S,Mum,70,83,29,33,Yes,Good,Under-7,H
F,KW,KuwaIT,MiddleSchool,G-07,B,IT,F,Father,67,82,37,60,Yes,Good,Under-7,M
M,KW,KuwaIT,MiddleSchool,G-07,B,Science,S,Mum,33,33,42,42,Yes,Good,Above-7,M
M,Jordan,Jordan,lowerlevel,G-02,A,Arabic,F,Father,10,17,50,21,No,Bad,Under-7,M
M,KW,KuwaIT,MiddleSchool,G-08,B,Arabic,S,Father,41,7,9,43,Yes,Good,Under-7,M
M,Lybia,Lybia,lowerlevel,G-02,B,French,F,Mum,19,25,23,5,No,Good,Above-7,L
M,KW,KuwaIT,MiddleSchool,G-08,B,Spanish,S,Father,58,70,57,30,Yes,Bad,Under-7,M
F,Morocco,Morocco,lowerlevel,G-02,B,French,S,Mum,74,71,73,54,Yes,Good,Under-7,H
M,KW,KuwaIT,MiddleSchool,G-08,A,Spanish,S,Father,7,18,21,34,No,Bad,Above-7,L
M,Palestine,Jordan,MiddleSchool,G-06,A,English,F,Mum,81,42,46,27,No,Good,Under-7,M
F,Jordan,Jordan,MiddleSchool,G-08,A,Chemistry,S,Father,9,11,8,47,No,Bad,Above-7,L
F,KW,KuwaIT,MiddleSchool,G-08,B,Arabic,S,Father,40,56,56,63,Yes,Bad,Under-7,M
M,Jordan,SaudiArabia,lowerlevel,G-02,B,Arabic,S,Mum,6,9,4,7,No,Good,Above-7,L
M,Jordan,Jordan,MiddleSchool,G-07,A,IT,F,Father,20,19,11,18,Yes,Good,Above-7,L
M,Jordan,Jordan,lowerlevel,G-02,B,French,F,Father,24,67,24,30,Yes,Good,Under-7,M
F,Jordan,Jordan,MiddleSchool,G-06,A,English,F,Mum,58,61,65,69,Yes,Good,Under-7,H
F,Palestine,Jordan,lowerlevel,G-02,A,Arabic,S,Mum,76,84,46,40,No,Good,Under-7,H
M,Jordan,Jordan,lowerlevel,G-02,B,French,S,Father,25,77,22,25,Yes,Good,Under-7,M
F,Jordan,Jordan,lowerlevel,G-04,B,Science,S,Mum,36,50,27,40,No,Bad,Under-7,M
F,Lybia,Lybia,MiddleSchool,G-07,B,Biology,F,Mum,10,10,5,9,No,Good,Above-7,L
M,KW,KuwaIT,HighSchool,G-12,A,English,F,Father,17,52,3,65,No,Good,Above-7,L
M,KW,KuwaIT,MiddleSchool,G-08,B,Arabic,S,Father,31,57,11,10,No,Bad,Under-7,M
F,Palestine,Jordan,lowerlevel,G-02,B,French,S,Father,36,34,3,39,No,Good,Under-7,M
F,Jordan,Jordan,MiddleSchool,G-08,A,Chemistry,F,Father,3,7,11,6,No,Bad,Above-7,L
M,Jordan,Jordan,lowerlevel,G-02,A,Arabic,F,Father,13,39,80,22,Yes,Good,Above-7,M
M,Jordan,Jordan,MiddleSchool,G-08,A,Chemistry,F,Mum,47,50,38,57,Yes,Good,Under-7,M
F,KW,USA,HighSchool,G-11,A,Quran,F,Mum,61,71,43,62,No,Bad,Under-7,M
F,SaudiArabia,SaudiArabia,lowerlevel,G-02,B,French,S,Father,89,85,89,54,Yes,Bad,Under-7,H
M,Iraq,Iraq,MiddleSchool,G-08,A,History,F,Father,72,84,70,88,Yes,Good,Above-7,M
M,Jordan,Jordan,MiddleSchool,G-08,B,Arabic,S,Father,29,10,12,24,No,Bad,Above-7,L
M,Jordan,Jordan,lowerlevel,G-04,A,Science,F,Father,38,40,35,55,No,Good,Above-7,M
M,KW,KuwaIT,MiddleSchool,G-07,B,IT,F,Father,16,21,21,31,No,Bad,Above-7,M
F,Egypt,Egypt,MiddleSchool,G-07,A,IT,F,Father,38,53,32,73,Yes,Good,Under-7,M
M,Morocco,Morocco,MiddleSchool,G-08,A,Arabic,S,Mum,68,61,52,47,No,Bad,Under-7,M
M,Palestine,Jordan,MiddleSchool,G-07,B,Biology,F,Father,60,75,58,26,Yes,Good,Under-7,H
F,KW,KuwaIT,MiddleSchool,G-07,A,Math,F,Father,39,63,52,59,Yes,Good,Under-7,M
F,Jordan,Jordan,lowerlevel,G-02,B,French,S,Mum,70,82,3,73,No,Bad,Under-7,H
M,KW,KuwaIT,MiddleSchool,G-08,A,Arabic,S,Father,10,12,15,12,Yes,Good,Above-7,L
F,KW,KuwaIT,lowerlevel,G-02,B,IT,F,Mum,72,86,63,45,Yes,Good,Under-7,H
M,Jordan,Jordan,lowerlevel,G-02,A,French,F,Father,40,7,50,40,No,Good,Above-7,L
M,KW,KuwaIT,MiddleSchool,G-08,A,Arabic,S,Mum,76,63,46,60,Yes,Good,Under-7,M
M,Jordan,Jordan,MiddleSchool,G-07,A,Biology,S,Mum,16,20,8,46,No,Bad,Above-7,L
M,Jordan,Jordan,lowerlevel,G-02,A,Arabic,S,Father,20,86,40,34,Yes,Good,Above-7,M
F,lebanon,lebanon,lowerlevel,G-02,B,IT,F,Father,67,93,43,11,Yes,Good,Under-7,M
M,Jordan,Jordan,MiddleSchool,G-08,A,History,F,Mum,84,89,64,78,Yes,Good,Under-7,H
M,KW,KuwaIT,MiddleSchool,G-08,A,Arabic,F,Father,19,14,11,27,No,Bad,Above-7,L
M,KW,KuwaIT,MiddleSchool,G-07,A,IT,F,Father,18,6,9,9,Yes,Good,Above-7,L
M,KW,KuwaIT,lowerlevel,G-04,A,IT,F,Father,14,18,42,33,Yes,Good,Under-7,M
M,Lybia,Lybia,lowerlevel,G-02,B,French,S,Mum,18,5,11,10,No,Good,Above-7,L
F,KW,KuwaIT,lowerlevel,G-04,A,History,S,Father,84,96,78,79,Yes,Good,Under-7,M
M,KW,KuwaIT,lowerlevel,G-04,A,IT,F,Father,34,15,1,20,No,Bad,Above-7,L
F,Jordan,Palestine,lowerlevel,G-02,A,French,S,Mum,74,83,71,79,Yes,Good,Under-7,M
M,KW,KuwaIT,MiddleSchool,G-08,A,Arabic,S,Mum,39,76,26,52,Yes,Good,Under-7,M
M,Jordan,Jordan,MiddleSchool,G-07,B,Science,S,Father,42,10,13,8,No,Bad,Above-7,L
F,Egypt,Egypt,MiddleSchool,G-07,A,IT,F,Father,50,59,31,86,Yes,Good,Under-7,M
M,Jordan,Palestine,MiddleSchool,G-07,A,Biology,F,Mum,73,86,34,33,Yes,Good,Under-7,H
F,Jordan,Jordan,MiddleSchool,G-08,A,Chemistry,S,Mum,88,78,51,53,Yes,Good,Under-7,H
M,Tunis,SaudiArabia,MiddleSchool,G-07,A,Quran,S,Father,33,87,33,70,Yes,Bad,Under-7,M
M,Jordan,Jordan,MiddleSchool,G-06,A,English,F,Father,28,11,18,33,Yes,Bad,Above-7,M
M,Jordan,Jordan,MiddleSchool,G-07,A,IT,F,Father,35,18,15,42,Yes,Good,Above-7,L
M,Jordan,Jordan,MiddleSchool,G-07,A,Biology,F,Mum,0,5,10,3,No,Bad,Above-7,L
F,Jordan,lebanon,MiddleSchool,G-07,A,Quran,S,Mum,95,91,44,48,Yes,Bad,Under-7,H
M,KW,KuwaIT,MiddleSchool,G-08,A,Arabic,S,Mum,78,44,34,37,Yes,Good,Under-7,M
F,Jordan,Jordan,lowerlevel,G-02,A,French,S,Mum,52,79,22,21,Yes,Good,Above-7,M
F,Palestine,Jordan,lowerlevel,G-02,A,Arabic,F,Mum,89,90,36,50,No,Good,Under-7,H
M,KW,KuwaIT,MiddleSchool,G-08,A,Spanish,S,Father,10,6,8,20,Yes,Good,Under-7,L
F,Jordan,Jordan,MiddleSchool,G-07,A,Biology,F,Mum,66,73,47,20,Yes,Good,Above-7,M
M,KW,KuwaIT,MiddleSchool,G-08,A,Arabic,S,Mum,66,19,25,48,Yes,Good,Under-7,M
F,KW,KuwaIT,MiddleSchool,G-08,B,Arabic,S,Father,28,57,38,39,Yes,Bad,Under-7,M
M,Jordan,SaudiArabia,MiddleSchool,G-08,A,Geology,S,Father,78,81,27,75,No,Bad,Under-7,H
M,Jordan,Jordan,MiddleSchool,G-07,B,Science,S,Father,38,9,13,23,No,Bad,Above-7,L
M,Palestine,Jordan,MiddleSchool,G-06,A,English,S,Mum,46,63,40,32,No,Good,Under-7,M
M,KW,KuwaIT,MiddleSchool,G-07,A,IT,F,Father,10,15,45,62,Yes,Good,Above-7,L
M,KW,KuwaIT,MiddleSchool,G-08,B,Arabic,S,Mum,52,83,82,91,Yes,Bad,Under-7,H
M,KW,KuwaIT,MiddleSchool,G-08,C,Spanish,S,Father,8,18,24,14,No,Good,Above-7,L
F,KW,KuwaIT,MiddleSchool,G-06,A,Quran,S,Father,59,38,5,17,No,Bad,Above-7,L
F,Jordan,Jordan,lowerlevel,G-02,B,French,S,Mum,60,66,55,62,Yes,Good,Under-7,M
F,KW,KuwaIT,MiddleSchool,G-07,B,IT,F,Father,64,64,24,51,Yes,Good,Under-7,M
M,Palestine,Jordan,lowerlevel,G-04,B,Science,F,Mum,34,18,10,57,Yes,Good,Above-7,M
M,KW,KuwaIT,MiddleSchool,G-07,B,Science,S,Mum,73,70,76,92,Yes,Bad,Under-7,H
M,Jordan,Jordan,MiddleSchool,G-07,B,Science,S,Father,33,21,7,13,No,Bad,Above-7,L
M,Jordan,SaudiArabia,MiddleSchool,G-08,A,Chemistry,S,Father,31,31,7,33,No,Bad,Above-7,L
M,KW,KuwaIT,MiddleSchool,G-08,A,Science,F,Father,52,67,40,43,Yes,Good,Under-7,M
M,KW,KuwaIT,lowerlevel,G-02,B,IT,F,Father,28,44,7,30,Yes,Good,Under-7,L
M,KW,KuwaIT,HighSchool,G-11,A,Quran,F,Father,9,6,6,17,No,Bad,Above-7,L
M,KW,KuwaIT,lowerlevel,G-05,A,English,F,Father,9,5,3,16,No,Bad,Above-7,L
F,Jordan,Jordan,MiddleSchool,G-06,A,English,S,Mum,93,82,39,46,No,Good,Under-7,M
M,KW,KuwaIT,MiddleSchool,G-08,B,Spanish,S,Father,68,74,48,58,Yes,Bad,Under-7,M
F,Jordan,Jordan,lowerlevel,G-04,A,Science,F,Father,17,17,13,36,No,Bad,Above-7,L
F,Jordan,Palestine,lowerlevel,G-02,A,French,F,Mum,50,78,46,52,Yes,Good,Under-7,M
F,KW,KuwaIT,MiddleSchool,G-08,A,Math,F,Mum,67,75,45,50,No,Bad,Above-7,H
M,KW,KuwaIT,lowerlevel,G-02,B,IT,F,Father,3,8,9,9,No,Bad,Above-7,L
M,KW,KuwaIT,MiddleSchool,G-07,B,Math,F,Father,48,10,30,62,Yes,Good,Under-7,M
F,Jordan,Jordan,lowerlevel,G-04,A,Science,F,Father,24,17,15,23,No,Bad,Above-7,L
F,KW,KuwaIT,MiddleSchool,G-07,B,IT,F,Father,37,61,25,51,Yes,Good,Under-7,M
M,Palestine,Palestine,MiddleSchool,G-07,A,Biology,F,Father,71,91,73,65,Yes,Good,Under-7,H
F,KW,KuwaIT,HighSchool,G-09,A,IT,F,Father,14,14,8,81,Yes,Good,Under-7,M
F,Jordan,Jordan,MiddleSchool,G-08,A,Chemistry,S,Father,5,4,5,8,No,Bad,Above-7,L
F,Iraq,Iraq,lowerlevel,G-02,B,Arabic,F,Mum,88,92,37,31,Yes,Good,Under-7,H
F,Jordan,Jordan,MiddleSchool,G-08,A,Geology,F,Father,40,75,41,29,Yes,Good,Above-7,M
M,Jordan,Jordan,lowerlevel,G-02,B,French,S,Father,35,42,9,29,No,Bad,Above-7,L
M,Jordan,Jordan,lowerlevel,G-02,A,French,F,Father,8,13,9,31,No,Bad,Above-7,L
M,KW,KuwaIT,MiddleSchool,G-08,A,Spanish,S,Mum,72,71,53,75,Yes,Good,Under-7,H
M,KW,KuwaIT,MiddleSchool,G-08,A,Arabic,S,Mum,75,78,29,35,Yes,Good,Under-7,H
F,Jordan,Jordan,MiddleSchool,G-08,A,Geology,S,Mum,77,94,44,39,Yes,Good,Under-7,H
M,KW,KuwaIT,MiddleSchool,G-07,B,Science,S,Mum,27,51,49,55,Yes,Good,Above-7,M
M,Jordan,Jordan,lowerlevel,G-02,B,French,S,Father,18,80,35,21,Yes,Good,Under-7,M
M,KW,KuwaIT,MiddleSchool,G-07,A,IT,F,Father,6,5,4,31,No,Bad,Above-7,L
M,Palestine,Jordan,MiddleSchool,G-06,A,English,F,Mum,69,32,44,35,No,Good,Under-7,M
F,KW,KuwaIT,MiddleSchool,G-07,A,Math,F,Father,18,25,22,54,Yes,Good,Under-7,M
M,KW,KuwaIT,lowerlevel,G-02,B,French,S,Mum,27,79,26,20,No,Bad,Under-7,M
M,KW,KuwaIT,MiddleSchool,G-08,B,Arabic,S,Father,41,6,10,44,Yes,Good,Under-7,M
F,USA,USA,lowerlevel,G-02,B,French,S,Mum,16,35,50,18,Yes,Bad,Under-7,M
F,USA,USA,MiddleSchool,G-07,A,Math,F,Father,32,52,36,40,No,Good,Under-7,M
M,Jordan,Jordan,lowerlevel,G-04,B,Science,S,Father,40,40,31,37,No,Good,Above-7,M
M,Jordan,Jordan,MiddleSchool,G-06,A,English,F,Father,42,31,8,23,No,Bad,Under-7,M
M,USA,USA,MiddleSchool,G-08,B,Math,F,Father,12,6,2,24,Yes,Good,Above-7,L
M,KW,KuwaIT,lowerlevel,G-04,A,History,S,Father,5,12,7,11,No,Bad,Above-7,L
M,KW,KuwaIT,MiddleSchool,G-08,B,Spanish,S,Father,4,16,28,42,No,Bad,Under-7,L
F,USA,USA,MiddleSchool,G-07,A,Math,F,Father,27,22,22,40,No,Good,Under-7,M
M,lebanon,Jordan,MiddleSchool,G-08,A,Arabic,S,Mum,61,63,82,32,Yes,Good,Under-7,H
M,Jordan,Jordan,lowerlevel,G-02,A,Arabic,F,Father,12,32,57,33,Yes,Good,Above-7,M
F,Jordan,Jordan,lowerlevel,G-02,B,Arabic,S,Father,13,13,23,69,No,Bad,Above-7,L
M,Jordan,Jordan,MiddleSchool,G-07,A,Biology,S,Mum,42,47,45,25,No,Bad,Above-7,L
M,KW,KuwaIT,MiddleSchool,G-08,C,Spanish,S,Mum,55,39,44,54,Yes,Good,Under-7,M
F,Iraq,Iraq,lowerlevel,G-02,B,Arabic,S,Mum,84,94,60,47,Yes,Good,Under-7,H
F,Jordan,Jordan,MiddleSchool,G-08,A,Geology,S,Mum,57,82,80,85,Yes,Good,Under-7,H
M,Iraq,Iraq,lowerlevel,G-04,A,Science,S,Father,60,60,56,88,Yes,Good,Above-7,M
F,KW,KuwaIT,MiddleSchool,G-06,A,IT,S,Father,50,67,37,63,Yes,Bad,Under-7,M
F,KW,KuwaIT,MiddleSchool,G-08,A,Arabic,S,Father,80,71,52,51,Yes,Good,Under-7,M
M,Jordan,Jordan,MiddleSchool,G-08,A,History,F,Mum,80,94,34,42,Yes,Good,Under-7,H
M,KW,KuwaIT,MiddleSchool,G-07,A,Math,F,Father,23,64,31,14,Yes,Good,Under-7,M
F,KW,KuwaIT,lowerlevel,G-02,B,IT,F,Father,27,11,18,43,No,Good,Above-7,L
M,KW,KuwaIT,MiddleSchool,G-07,B,Math,F,Father,26,32,40,39,Yes,Good,Under-7,M
F,Jordan,Jordan,lowerlevel,G-04,A,Science,F,Mum,73,88,85,58,No,Good,Under-7,H
F,Jordan,Jordan,lowerlevel,G-04,A,Science,F,Father,55,50,24,33,No,Bad,Above-7,L
M,Jordan,Jordan,MiddleSchool,G-08,A,Chemistry,F,Mum,59,43,58,40,Yes,Good,Above-7,L
M,KW,KuwaIT,MiddleSchool,G-08,B,Spanish,S,Father,2,11,62,30,No,Bad,Under-7,L
M,KW,KuwaIT,lowerlevel,G-02,B,French,S,Father,43,65,77,26,Yes,Good,Under-7,H
F,KW,KuwaIT,lowerlevel,G-04,A,History,S,Father,80,92,81,70,Yes,Good,Under-7,M
M,SaudiArabia,USA,HighSchool,G-11,B,Math,S,Father,59,77,78,42,Yes,Bad,Under-7,H
M,Jordan,SaudiArabia,lowerlevel,G-02,B,Arabic,F,Mum,25,10,12,6,No,Good,Above-7,L
M,Iran,Iran,HighSchool,G-09,A,IT,F,Mum,17,26,28,35,Yes,Good,Under-7,M
F,KW,KuwaIT,MiddleSchool,G-06,A,IT,F,Father,44,52,35,64,Yes,Good,Under-7,M
M,Syria,Syria,lowerlevel,G-02,A,French,F,Father,30,52,22,38,No,Bad,Under-7,M
M,KW,KuwaIT,lowerlevel,G-02,B,IT,F,Father,13,15,12,47,No,Good,Above-7,M
M,KW,KuwaIT,MiddleSchool,G-08,C,Spanish,S,Mum,92,67,49,85,Yes,Bad,Under-7,H
M,KW,KuwaIT,MiddleSchool,G-07,B,Science,F,Mum,9,8,5,20,Yes,Good,Above-7,L
M,Jordan,Jordan,MiddleSchool,G-08,A,Chemistry,F,Mum,70,74,53,52,Yes,Good,Above-7,M
M,Jordan,Jordan,lowerlevel,G-02,A,French,F,Father,14,11,13,62,No,Bad,Above-7,L
F,Jordan,Jordan,MiddleSchool,G-08,A,Geology,F,Mum,30,31,31,42,Yes,Good,Above-7,M
M,KW,KuwaIT,lowerlevel,G-04,A,History,S,Father,9,17,12,13,No,Bad,Above-7,L
F,Iraq,Iraq,lowerlevel,G-02,B,French,S,Father,35,70,18,20,No,Good,Under-7,M
F,Jordan,Jordan,lowerlevel,G-04,B,Science,S,Mum,62,64,69,49,Yes,Good,Under-7,H
F,Jordan,Jordan,lowerlevel,G-02,A,French,S,Mum,70,67,42,38,Yes,Good,Above-7,M
M,Jordan,Jordan,MiddleSchool,G-08,A,Chemistry,F,Mum,64,59,52,18,Yes,Good,Above-7,M
F,KW,KuwaIT,lowerlevel,G-02,B,IT,F,Father,36,38,28,17,No,Bad,Under-7,M
M,KW,KuwaIT,MiddleSchool,G-07,A,Math,F,Father,8,9,4,15,Yes,Good,Above-7,L
M,KW,KuwaIT,MiddleSchool,G-07,B,IT,F,Father,77,71,71,30,No,Bad,Above-7,M
F,USA,USA,HighSchool,G-12,A,English,F,Mum,64,68,24,68,Yes,Good,Under-7,H
F,Jordan,Jordan,MiddleSchool,G-08,A,Chemistry,S,Father,51,95,39,23,Yes,Good,Under-7,H
M,Jordan,Jordan,lowerlevel,G-02,A,French,S,Father,51,19,17,25,No,Good,Above-7,L
M,KW,KuwaIT,lowerlevel,G-04,A,IT,F,Father,8,4,0,12,No,Bad,Above-7,L
M,Jordan,Jordan,lowerlevel,G-02,C,IT,F,Father,71,49,25,44,Yes,Good,Under-7,M
F,Tunis,USA,HighSchool,G-11,B,French,S,Father,69,65,57,66,Yes,Good,Under-7,M
M,Jordan,Jordan,MiddleSchool,G-08,A,History,F,Mum,87,92,74,89,Yes,Good,Under-7,H
F,Jordan,Jordan,MiddleSchool,G-08,A,Geology,F,Mum,73,77,61,65,Yes,Good,Above-7,M
F,Jordan,Jordan,MiddleSchool,G-08,A,Geology,F,Father,83,84,47,64,No,Bad,Under-7,M
M,KW,KuwaIT,lowerlevel,G-02,C,IT,F,Father,7,13,11,8,No,Bad,Under-7,L
F,KW,KuwaIT,lowerlevel,G-02,B,IT,F,Father,8,21,1,36,Yes,Good,Above-7,L
M,Jordan,Jordan,lowerlevel,G-02,A,Arabic,S,Father,10,98,41,38,Yes,Good,Above-7,M
M,KW,KuwaIT,lowerlevel,G-04,A,History,S,Father,70,89,62,51,Yes,Bad,Above-7,M
M,KW,KuwaIT,lowerlevel,G-02,B,IT,F,Father,48,37,11,34,No,Bad,Under-7,M
F,lebanon,lebanon,MiddleSchool,G-08,A,Arabic,S,Mum,50,61,49,48,Yes,Good,Under-7,H
F,KW,KuwaIT,HighSchool,G-12,A,English,F,Father,36,75,45,73,Yes,Good,Under-7,M
M,Jordan,Jordan,MiddleSchool,G-07,B,Biology,F,Father,57,70,51,68,No,Bad,Under-7,M
F,KW,KuwaIT,MiddleSchool,G-08,A,Arabic,S,Father,74,67,18,29,No,Bad,Under-7,M
M,KW,KuwaIT,MiddleSchool,G-07,A,IT,F,Father,15,21,2,90,No,Bad,Under-7,M
F,KW,KuwaIT,MiddleSchool,G-07,B,IT,F,Father,54,51,43,67,Yes,Good,Under-7,M
M,Jordan,Jordan,lowerlevel,G-02,B,Arabic,F,Mum,35,83,31,78,Yes,Good,Under-7,M
M,KW,KuwaIT,MiddleSchool,G-07,B,Science,S,Father,10,7,9,9,No,Bad,Above-7,L
M,KW,KuwaIT,HighSchool,G-11,B,Math,S,Mum,31,68,32,76,Yes,Good,Above-7,H
F,Jordan,Jordan,lowerlevel,G-04,A,Science,S,Father,24,14,16,26,No,Bad,Above-7,L
M,KW,KuwaIT,lowerlevel,G-04,A,IT,F,Father,25,21,12,49,No,Bad,Above-7,L
M,Iraq,Iraq,MiddleSchool,G-08,A,Geology,F,Father,80,83,82,71,Yes,Good,Above-7,M
M,Jordan,Jordan,lowerlevel,G-02,B,French,F,Mum,33,88,35,30,No,Bad,Under-7,M
M,KW,KuwaIT,lowerlevel,G-02,B,IT,F,Father,19,70,3,50,No,Bad,Under-7,L
M,KW,KuwaIT,MiddleSchool,G-08,A,Arabic,F,Father,23,18,18,12,No,Bad,Above-7,L
M,KW,KuwaIT,lowerlevel,G-02,B,French,S,Mum,65,77,38,23,Yes,Good,Under-7,H
F,Jordan,Jordan,MiddleSchool,G-06,A,English,F,Mum,95,94,72,80,No,Good,Under-7,H
M,Iraq,Iraq,MiddleSchool,G-08,A,History,F,Father,72,87,72,89,Yes,Good,Above-7,M
M,Tunis,Tunis,MiddleSchool,G-08,C,Spanish,S,Mum,87,81,42,19,Yes,Good,Under-7,H
F,Jordan,Jordan,MiddleSchool,G-06,A,English,S,Mum,45,30,24,21,No,Good,Under-7,M
M,Jordan,Jordan,MiddleSchool,G-07,A,Quran,F,Mum,27,77,35,48,Yes,Good,Under-7,M
M,KW,KuwaIT,MiddleSchool,G-07,B,Science,S,Mum,32,60,58,66,Yes,Good,Above-7,M
F,KW,KuwaIT,HighSchool,G-12,A,English,F,Mum,71,22,43,87,Yes,Good,Under-7,H
F,KW,KuwaIT,HighSchool,G-12,A,English,F,Father,23,8,17,26,No,Bad,Above-7,M
M,SaudiArabia,USA,HighSchool,G-11,B,Spanish,S,Father,6,16,12,19,No,Bad,Above-7,L
F,KW,KuwaIT,lowerlevel,G-02,C,IT,F,Father,12,27,19,22,No,Bad,Under-7,M
M,KW,KuwaIT,MiddleSchool,G-07,B,Science,S,Father,19,9,25,31,No,Bad,Above-7,L
F,Palestine,Jordan,lowerlevel,G-02,B,French,F,Father,67,71,59,31,No,Good,Under-7,M
M,Jordan,Jordan,MiddleSchool,G-06,A,English,S,Father,35,67,50,53,Yes,Bad,Above-7,M
M,Jordan,Jordan,lowerlevel,G-04,A,Science,S,Father,24,22,14,27,No,Bad,Above-7,L
F,KW,KuwaIT,MiddleSchool,G-08,B,Arabic,S,Father,48,63,57,30,Yes,Bad,Under-7,M
M,Jordan,Jordan,lowerlevel,G-02,B,Arabic,F,Father,14,15,37,50,No,Bad,Above-7,L
M,Jordan,Jordan,lowerlevel,G-04,B,Science,S,Mum,76,74,58,61,Yes,Good,Under-7,H
M,Jordan,Jordan,lowerlevel,G-02,B,Arabic,F,Mum,25,74,44,69,Yes,Bad,Above-7,M
M,Jordan,Jordan,lowerlevel,G-04,B,Science,F,Mum,72,70,66,68,Yes,Good,Under-7,H
M,KW,KuwaIT,MiddleSchool,G-07,A,Math,F,Father,21,39,23,46,Yes,Good,Under-7,M
F,Jordan,Jordan,MiddleSchool,G-08,A,Chemistry,F,Mum,82,94,45,59,Yes,Good,Under-7,H
M,KW,KuwaIT,MiddleSchool,G-07,A,Math,F,Father,65,85,66,85,Yes,Good,Under-7,H
F,KW,KuwaIT,HighSchool,G-11,A,Science,F,Mum,60,70,37,57,Yes,Good,Under-7,H
F,Jordan,Jordan,lowerlevel,G-02,B,Arabic,S,Father,10,25,44,89,No,Bad,Above-7,L
M,Lybia,Lybia,lowerlevel,G-02,A,French,S,Mum,9,8,11,36,No,Good,Above-7,L
F,KW,KuwaIT,lowerlevel,G-02,B,IT,F,Father,32,40,20,41,Yes,Good,Under-7,M
F,Iraq,Iraq,MiddleSchool,G-07,A,Biology,S,Mum,64,96,23,7,Yes,Good,Under-7,H
F,Jordan,lebanon,lowerlevel,G-04,B,Science,F,Mum,72,84,29,75,Yes,Good,Under-7,H
M,SaudiArabia,USA,HighSchool,G-11,A,Science,S,Father,45,45,56,70,Yes,Good,Under-7,M
F,Iraq,Iraq,lowerlevel,G-02,B,Arabic,F,Mum,57,61,40,24,Yes,Good,Under-7,H
M,KW,KuwaIT,MiddleSchool,G-08,A,Arabic,S,Mum,59,62,56,67,Yes,Good,Under-7,M
M,Jordan,Jordan,lowerlevel,G-02,A,Arabic,S,Father,22,64,40,43,Yes,Good,Above-7,M
M,Jordan,Jordan,MiddleSchool,G-08,A,Geology,S,Mum,51,69,60,26,Yes,Good,Under-7,M
F,KW,KuwaIT,lowerlevel,G-04,A,Science,S,Father,42,78,46,49,No,Bad,Under-7,M
M,Iraq,Iraq,MiddleSchool,G-07,B,Biology,S,Father,69,94,56,74,Yes,Good,Under-7,H
F,Jordan,Jordan,MiddleSchool,G-08,A,Geology,F,Mum,54,78,27,23,Yes,Good,Above-7,M
F,KW,KuwaIT,HighSchool,G-09,A,IT,F,Father,30,66,37,32,No,Bad,Under-7,M
M,Tunis,Tunis,MiddleSchool,G-07,A,Quran,S,Father,16,58,36,23,Yes,Good,Under-7,M
M,KW,KuwaIT,MiddleSchool,G-08,A,Arabic,S,Mum,71,22,20,48,Yes,Good,Under-7,M
F,Jordan,Jordan,MiddleSchool,G-08,A,Chemistry,F,Father,86,87,61,38,Yes,Good,Under-7,H
F,Jordan,Jordan,lowerlevel,G-02,B,Arabic,S,Father,8,11,29,92,No,Bad,Above-7,L
M,Tunis,Tunis,MiddleSchool,G-08,C,Spanish,S,Mum,21,77,49,50,No,Bad,Under-7,M
F,Jordan,Jordan,lowerlevel,G-02,B,French,F,Mum,22,84,24,32,No,Good,Under-7,H
M,Palestine,Jordan,lowerlevel,G-02,A,Arabic,S,Father,79,79,40,32,Yes,Good,Under-7,H
F,KW,KuwaIT,lowerlevel,G-02,C,IT,F,Father,24,60,23,71,Yes,Good,Under-7,H
F,Jordan,Jordan,lowerlevel,G-02,A,French,F,Mum,73,80,26,12,Yes,Good,Above-7,M
M,Palestine,Jordan,MiddleSchool,G-08,A,History,F,Father,80,88,81,55,Yes,Good,Under-7,M
M,KW,KuwaIT,lowerlevel,G-02,B,IT,F,Father,35,48,25,44,No,Good,Above-7,M
M,Iraq,Iraq,MiddleSchool,G-08,A,Chemistry,S,Father,79,90,68,70,Yes,Good,Under-7,H
F,Jordan,Jordan,lowerlevel,G-02,B,French,F,Mum,84,91,82,35,No,Good,Under-7,H
F,Palestine,Jordan,lowerlevel,G-02,A,Arabic,S,Mum,75,81,51,34,No,Good,Under-7,H
M,Jordan,Jordan,MiddleSchool,G-07,A,Biology,F,Father,81,82,77,87,No,Good,Under-7,H
F,KW,KuwaIT,lowerlevel,G-02,C,IT,F,Mum,24,35,23,22,Yes,Good,Above-7,M
M,Palestine,Jordan,MiddleSchool,G-07,B,Biology,S,Father,86,92,64,46,Yes,Good,Under-7,H
F,Jordan,Jordan,MiddleSchool,G-08,A,Chemistry,F,Father,18,12,14,72,No,Bad,Above-7,L
M,Palestine,Jordan,MiddleSchool,G-07,B,Biology,F,Father,60,58,52,50,Yes,Good,Under-7,M
M,Iraq,Iraq,MiddleSchool,G-06,A,English,S,Mum,81,73,47,25,No,Good,Under-7,H
M,Jordan,Jordan,lowerlevel,G-02,A,Arabic,S,Father,43,37,49,40,No,Bad,Under-7,M
F,lebanon,lebanon,lowerlevel,G-02,B,French,F,Mum,73,89,67,55,Yes,Good,Under-7,H
F,Jordan,Jordan,lowerlevel,G-02,B,French,F,Mum,44,77,72,12,Yes,Good,Under-7,M
F,Jordan,Jordan,lowerlevel,G-02,B,French,S,Mum,52,70,56,62,No,Good,Under-7,H
F,Jordan,Jordan,lowerlevel,G-02,A,Arabic,F,Father,8,12,15,32,No,Bad,Above-7,L
M,Jordan,Jordan,lowerlevel,G-02,B,French,S,Mum,60,29,39,71,Yes,Good,Under-7,H
M,Jordan,Jordan,lowerlevel,G-02,A,French,S,Father,9,12,9,5,No,Bad,Above-7,L
F,KW,KuwaIT,lowerlevel,G-02,B,IT,F,Father,16,37,32,20,No,Bad,Under-7,L
F,Jordan,Jordan,lowerlevel,G-02,B,French,S,Mum,70,84,29,29,Yes,Good,Under-7,M
M,Iraq,Iraq,MiddleSchool,G-06,A,English,S,Mum,67,63,46,31,No,Good,Under-7,H
M,Palestine,Jordan,MiddleSchool,G-06,A,English,F,Mum,37,35,24,29,No,Good,Under-7,M
M,KW,KuwaIT,MiddleSchool,G-08,C,Spanish,S,Father,19,39,32,17,No,Bad,Under-7,M
F,Palestine,Jordan,lowerlevel,G-02,B,French,S,Father,61,57,36,46,No,Good,Under-7,M
F,KW,KuwaIT,HighSchool,G-12,A,English,F,Father,16,14,10,47,No,Bad,Above-7,L
M,Jordan,Jordan,MiddleSchool,G-07,B,Biology,F,Father,43,40,13,63,No,Bad,Under-7,M
M,KW,KuwaIT,MiddleSchool,G-07,B,Math,F,Father,16,19,10,31,Yes,Good,Under-7,M
F,Jordan,Jordan,MiddleSchool,G-08,A,Chemistry,F,Father,80,90,54,21,Yes,Good,Under-7,H
M,Jordan,Jordan,MiddleSchool,G-08,A,Chemistry,S,Mum,79,88,79,20,Yes,Good,Above-7,M
M,Jordan,Jordan,MiddleSchool,G-06,A,English,S,Father,66,69,69,69,Yes,Bad,Above-7,M
M,Iraq,Iraq,lowerlevel,G-02,A,Arabic,S,Father,78,70,31,29,Yes,Good,Under-7,H
M,KW,KuwaIT,MiddleSchool,G-08,A,Spanish,S,Father,18,22,8,13,Yes,Good,Under-7,L
M,Syria,Jordan,MiddleSchool,G-08,A,Spanish,S,Father,9,7,21,20,Yes,Good,Above-7,L
F,KW,KuwaIT,lowerlevel,G-07,A,IT,F,Father,1,13,11,55,Yes,Good,Above-7,L
M,KW,KuwaIT,lowerlevel,G-02,B,IT,F,Father,3,29,12,12,No,Bad,Above-7,L
M,Jordan,Jordan,MiddleSchool,G-08,A,Chemistry,S,Mum,18,17,35,40,Yes,Good,Above-7,L
M,Jordan,Jordan,MiddleSchool,G-07,A,Biology,S,Mum,3,8,19,3,No,Bad,Above-7,L
M,SaudiArabia,USA,HighSchool,G-11,B,English,S,Father,29,12,21,17,No,Bad,Above-7,M
M,SaudiArabia,SaudiArabia,lowerlevel,G-02,B,IT,F,Father,70,12,40,50,Yes,Good,Under-7,H
F,USA,USA,lowerlevel,G-02,B,French,S,Mum,41,70,88,31,Yes,Bad,Under-7,M
M,Jordan,Jordan,MiddleSchool,G-08,A,Chemistry,F,Mum,66,74,76,12,Yes,Good,Above-7,M
F,SaudiArabia,USA,HighSchool,G-11,B,Science,S,Father,83,47,65,46,Yes,Bad,Under-7,H
F,Jordan,Jordan,MiddleSchool,G-08,A,Chemistry,F,Mum,85,90,50,78,Yes,Good,Under-7,H
M,Jordan,Palestine,MiddleSchool,G-07,A,Biology,F,Mum,79,91,74,59,Yes,Good,Under-7,H
F,Jordan,Jordan,lowerlevel,G-02,A,French,F,Mum,19,89,31,33,No,Good,Under-7,M
M,KW,KuwaIT,HighSchool,G-11,A,Quran,F,Father,13,3,11,9,No,Bad,Above-7,L
M,Palestine,Jordan,MiddleSchool,G-07,B,Biology,F,Father,81,83,72,66,Yes,Good,Under-7,M
M,KW,KuwaIT,MiddleSchool,G-07,A,Math,F,Father,52,63,1,4,No,Bad,Under-7,L
M,Iraq,Iraq,MiddleSchool,G-08,A,Chemistry,F,Father,78,86,64,66,Yes,Good,Under-7,H
F,Jordan,Jordan,MiddleSchool,G-06,A,English,S,Mum,88,83,63,45,Yes,Good,Under-7,H
F,Jordan,Jordan,MiddleSchool,G-08,A,Geology,F,Mum,87,85,75,85,Yes,Good,Under-7,H
F,Jordan,Jordan,lowerlevel,G-02,A,French,F,Mum,33,86,36,30,No,Good,Under-7,M
M,Palestine,Palestine,MiddleSchool,G-07,A,Biology,F,Father,75,81,96,95,Yes,Good,Under-7,H
M,KW,KuwaIT,lowerlevel,G-02,C,IT,F,Father,10,7,14,13,No,Bad,Under-7,L
M,Jordan,SaudiArabia,lowerlevel,G-02,B,Arabic,S,Mum,23,8,15,40,No,Good,Above-7,L
M,KW,KuwaIT,lowerlevel,G-02,B,French,S,Mum,84,81,57,66,Yes,Good,Under-7,H
M,Jordan,Jordan,MiddleSchool,G-08,A,Chemistry,F,Mum,84,83,67,16,Yes,Good,Under-7,M
F,Jordan,Jordan,MiddleSchool,G-08,A,Geology,F,Mum,90,79,76,79,Yes,Good,Under-7,H
F,Iraq,Iraq,MiddleSchool,G-07,A,Biology,F,Mum,86,98,50,20,Yes,Good,Under-7,H
M,KW,KuwaIT,MiddleSchool,G-07,A,IT,F,Father,8,7,15,3,Yes,Good,Above-7,L
M,venzuela,venzuela,HighSchool,G-10,A,IT,F,Mum,79,86,52,77,Yes,Good,Under-7,H
M,KW,KuwaIT,lowerlevel,G-02,B,IT,F,Father,0,12,3,3,Yes,Good,Above-7,M
M,KW,KuwaIT,MiddleSchool,G-07,B,IT,F,Mum,72,58,54,98,Yes,Good,Under-7,H
M,Jordan,Jordan,MiddleSchool,G-07,B,Biology,S,Father,59,64,26,38,No,Bad,Under-7,M
F,Jordan,USA,lowerlevel,G-02,B,French,S,Mum,70,78,64,63,No,Bad,Above-7,M
F,KW,KuwaIT,lowerlevel,G-04,A,History,S,Mum,85,90,73,72,No,Good,Under-7,H
F,SaudiArabia,SaudiArabia,lowerlevel,G-02,B,French,S,Father,66,76,84,78,Yes,Bad,Under-7,H
M,KW,KuwaIT,MiddleSchool,G-08,C,Spanish,S,Mum,95,61,52,88,Yes,Bad,Under-7,H
M,Lybia,Lybia,lowerlevel,G-02,B,French,F,Mum,11,2,13,45,No,Good,Above-7,L
M,Jordan,Jordan,lowerlevel,G-02,A,Arabic,F,Father,16,18,18,26,Yes,Good,Above-7,M
F,Jordan,Jordan,MiddleSchool,G-08,A,Chemistry,S,Mum,79,91,35,38,Yes,Good,Under-7,H
F,Jordan,Jordan,lowerlevel,G-02,B,French,S,Father,59,58,57,40,Yes,Bad,Above-7,M
F,Jordan,Jordan,MiddleSchool,G-08,A,Chemistry,F,Mum,82,95,48,71,Yes,Good,Under-7,H
F,Jordan,Jordan,MiddleSchool,G-07,B,Science,S,Mum,88,89,57,45,Yes,Good,Under-7,H
M,KW,KuwaIT,lowerlevel,G-04,A,IT,S,Father,67,85,66,46,No,Good,Above-7,M
F,KW,KuwaIT,lowerlevel,G-02,C,IT,F,Father,8,4,1,26,No,Bad,Under-7,M
M,KW,KuwaIT,MiddleSchool,G-07,A,Math,F,Father,21,40,16,50,Yes,Good,Under-7,M
F,Jordan,Jordan,lowerlevel,G-04,B,Science,S,Mum,17,39,22,35,No,Bad,Under-7,M
F,Jordan,Jordan,MiddleSchool,G-08,A,Chemistry,F,Father,27,96,27,13,Yes,Good,Under-7,H
F,USA,USA,lowerlevel,G-02,B,French,S,Mum,22,58,71,17,Yes,Bad,Under-7,M
F,Jordan,Jordan,MiddleSchool,G-08,A,Chemistry,F,Mum,85,99,42,90,Yes,Good,Under-7,H
M,KW,KuwaIT,MiddleSchool,G-07,A,Math,F,Father,4,9,6,22,Yes,Bad,Under-7,L
F,Jordan,Jordan,lowerlevel,G-02,A,Arabic,S,Father,3,1,4,30,No,Bad,Above-7,L
M,Iran,Iran,lowerlevel,G-02,B,French,S,Mum,20,22,53,13,No,Good,Above-7,L
M,KW,KuwaIT,MiddleSchool,G-07,A,Math,F,Father,11,18,3,35,Yes,Good,Above-7,L
M,KW,KuwaIT,lowerlevel,G-04,A,IT,F,Father,9,7,5,26,No,Bad,Above-7,L
M,KW,KuwaIT,MiddleSchool,G-08,A,Arabic,S,Mum,73,51,54,40,Yes,Good,Under-7,H
M,KW,KuwaIT,lowerlevel,G-02,B,IT,F,Father,58,70,45,45,Yes,Good,Above-7,H
F,Jordan,Jordan,MiddleSchool,G-08,A,History,F,Father,34,74,66,56,Yes,Good,Under-7,M
M,Iran,Iran,MiddleSchool,G-08,A,Spanish,S,Mum,62,79,52,38,No,Bad,Above-7,M
M,Jordan,SaudiArabia,MiddleSchool,G-08,A,Geology,S,Father,81,81,53,87,No,Bad,Under-7,M
M,SaudiArabia,SaudiArabia,lowerlevel,G-02,B,IT,F,Father,53,57,40,46,No,Bad,Above-7,M
M,KW,KuwaIT,MiddleSchool,G-07,A,Math,F,Father,4,15,9,41,No,Bad,Under-7,L
M,KW,KuwaIT,lowerlevel,G-04,A,IT,F,Father,62,61,46,65,Yes,Good,Under-7,M
M,KW,KuwaIT,MiddleSchool,G-08,C,Spanish,S,Mum,65,67,31,30,Yes,Good,Under-7,M
M,Egypt,Egypt,MiddleSchool,G-07,B,Science,S,Mum,94,85,80,73,Yes,Good,Under-7,H
M,KW,KuwaIT,lowerlevel,G-02,B,IT,F,Father,34,35,9,14,Yes,Good,Under-7,L
F,lebanon,lebanon,MiddleSchool,G-08,A,Arabic,S,Father,33,29,33,44,No,Bad,Under-7,M
M,Iraq,Iraq,MiddleSchool,G-08,A,History,S,Father,66,77,67,78,Yes,Good,Above-7,M
M,Jordan,Jordan,lowerlevel,G-02,B,French,S,Father,42,55,12,34,No,Bad,Above-7,L
F,Jordan,Jordan,MiddleSchool,G-08,A,Chemistry,S,Mum,84,85,51,52,Yes,Good,Under-7,H
M,SaudiArabia,SaudiArabia,lowerlevel,G-02,B,IT,F,Father,21,17,9,12,No,Bad,Above-7,M
F,KW,KuwaIT,lowerlevel,G-02,B,IT,F,Father,6,9,8,50,No,Bad,Under-7,L
M,Jordan,USA,MiddleSchool,G-07,A,Quran,F,Mum,86,64,70,76,No,Bad,Under-7,M
M,KW,KuwaIT,HighSchool,G-10,A,IT,F,Father,12,13,13,23,Yes,Bad,Under-7,M
M,Jordan,Jordan,MiddleSchool,G-07,B,Biology,S,Father,70,83,30,50,No,Bad,Under-7,M
M,Jordan,Jordan,lowerlevel,G-04,A,Science,S,Father,15,11,5,37,No,Bad,Above-7,L
M,Iraq,Iraq,lowerlevel,G-02,A,Arabic,S,Father,78,79,42,22,Yes,Good,Under-7,H
F,Jordan,Jordan,MiddleSchool,G-08,A,Chemistry,S,Mum,84,92,29,43,Yes,Good,Under-7,H
F,lebanon,lebanon,lowerlevel,G-02,B,IT,F,Father,70,98,7,5,Yes,Good,Under-7,M
M,KW,KuwaIT,MiddleSchool,G-08,B,Spanish,S,Father,4,10,28,9,No,Bad,Under-7,L
F,SaudiArabia,SaudiArabia,MiddleSchool,G-08,B,Arabic,S,Mum,75,57,46,31,Yes,Bad,Above-7,H
M,Jordan,Jordan,lowerlevel,G-02,B,French,S,Mum,44,84,37,42,No,Bad,Under-7,M
F,KW,KuwaIT,MiddleSchool,G-08,A,Arabic,F,Father,39,88,22,34,No,Bad,Under-7,M
M,Jordan,Jordan,MiddleSchool,G-08,A,History,F,Mum,62,86,40,33,Yes,Good,Above-7,M
M,Tunis,Tunis,MiddleSchool,G-08,C,Spanish,S,Mum,25,41,49,16,No,Bad,Under-7,M
F,lebanon,lebanon,lowerlevel,G-02,B,IT,F,Father,64,85,45,9,Yes,Good,Under-7,M
F,KW,KuwaIT,MiddleSchool,G-06,A,IT,F,Father,26,29,23,50,Yes,Good,Under-7,M
F,KW,KuwaIT,MiddleSchool,G-06,A,IT,F,Father,63,68,56,34,Yes,Good,Under-7,M
M,KW,KuwaIT,lowerlevel,G-02,C,IT,F,Mum,3,4,7,15,No,Bad,Above-7,L
M,Palestine,Palestine,MiddleSchool,G-07,A,Biology,S,Father,89,92,89,83,Yes,Good,Under-7,H
F,KW,KuwaIT,HighSchool,G-09,A,IT,F,Father,44,40,29,71,Yes,Good,Under-7,M
M,KW,KuwaIT,MiddleSchool,G-07,B,Science,S,Father,70,58,52,43,Yes,Good,Above-7,M
M,Lybia,Lybia,lowerlevel,G-02,A,French,F,Mum,15,14,6,17,No,Good,Above-7,L
F,lebanon,lebanon,lowerlevel,G-02,B,French,S,Mum,75,91,51,17,Yes,Good,Under-7,H
F,Jordan,Jordan,MiddleSchool,G-08,A,Geology,F,Father,21,35,10,45,No,Bad,Under-7,M
M,KW,KuwaIT,lowerlevel,G-02,B,French,S,Mum,70,66,32,55,Yes,Good,Under-7,H
M,KW,KuwaIT,lowerlevel,G-02,C,IT,F,Mum,0,3,7,50,No,Bad,Above-7,L
F,Palestine,Jordan,lowerlevel,G-02,A,French,S,Mum,78,86,48,54,No,Good,Under-7,M
F,Jordan,Jordan,MiddleSchool,G-07,A,Biology,F,Mum,80,76,43,11,Yes,Good,Above-7,M
F,Jordan,Jordan,MiddleSchool,G-08,A,Chemistry,F,Father,85,90,52,30,Yes,Good,Under-7,H
M,SaudiArabia,SaudiArabia,HighSchool,G-11,A,Quran,S,Father,71,81,27,34,Yes,Good,Under-7,H
M,Jordan,Jordan,lowerlevel,G-02,A,Arabic,S,Father,53,65,34,47,Yes,Good,Above-7,M
M,Jordan,SaudiArabia,MiddleSchool,G-08,A,Geology,S,Father,64,85,64,85,No,Bad,Under-7,M
F,KW,KuwaIT,HighSchool,G-12,A,English,F,Father,11,8,19,31,No,Bad,Above-7,L
F,KW,KuwaIT,lowerlevel,G-02,B,IT,F,Father,44,23,21,7,No,Good,Above-7,L
F,Palestine,Jordan,lowerlevel,G-02,A,Arabic,S,Mum,62,81,46,38,No,Good,Under-7,H
F,KW,KuwaIT,MiddleSchool,G-07,A,IT,F,Father,41,73,30,93,No,Bad,Above-7,M
F,Jordan,lebanon,MiddleSchool,G-07,A,Quran,S,Mum,95,78,45,67,Yes,Bad,Under-7,H
M,Tunis,SaudiArabia,MiddleSchool,G-07,A,Quran,S,Father,75,85,34,12,Yes,Bad,Under-7,M
F,Jordan,Jordan,MiddleSchool,G-08,A,Chemistry,F,Father,15,88,20,25,Yes,Good,Under-7,H
F,Jordan,Jordan,MiddleSchool,G-08,A,Geology,F,Mum,88,82,69,64,Yes,Good,Under-7,H
M,Egypt,Egypt,MiddleSchool,G-07,B,Science,S,Mum,86,81,64,59,Yes,Good,Under-7,H
F,Jordan,Jordan,lowerlevel,G-02,B,Arabic,F,Father,40,28,17,58,No,Bad,Above-7,L
M,KW,KuwaIT,lowerlevel,G-02,B,IT,F,Father,5,26,10,38,Yes,Good,Above-7,L
M,KW,KuwaIT,lowerlevel,G-04,A,History,S,Father,69,79,83,73,Yes,Bad,Above-7,M
M,Jordan,SaudiArabia,lowerlevel,G-02,B,Arabic,S,Mum,5,0,1,8,No,Good,Above-7,L
M,Iraq,Iraq,lowerlevel,G-02,B,Arabic,F,Mum,66,88,54,71,Yes,Good,Under-7,H
M,Jordan,Jordan,lowerlevel,G-02,B,French,F,Mum,46,92,45,32,Yes,Good,Under-7,H
M,Jordan,Jordan,MiddleSchool,G-08,A,Chemistry,F,Mum,81,67,47,27,Yes,Good,Above-7,M
M,Jordan,Jordan,lowerlevel,G-04,B,Science,F,Father,47,50,52,46,No,Good,Above-7,M
M,KW,KuwaIT,lowerlevel,G-02,B,IT,F,Father,80,90,55,19,Yes,Good,Under-7,H
M,KW,KuwaIT,MiddleSchool,G-07,A,Math,F,Father,54,89,24,59,Yes,Good,Under-7,H
M,Jordan,Jordan,MiddleSchool,G-07,A,Biology,S,Father,79,75,52,56,Yes,Bad,Under-7,M
M,KW,KuwaIT,MiddleSchool,G-07,B,Science,F,Mum,8,5,20,19,Yes,Good,Above-7,L
M,Jordan,SaudiArabia,MiddleSchool,G-08,A,Chemistry,F,Father,10,7,9,36,No,Bad,Above-7,L
M,KW,KuwaIT,lowerlevel,G-02,B,French,S,Father,65,91,59,20,Yes,Good,Under-7,H
M,Jordan,Jordan,lowerlevel,G-02,A,Arabic,S,Father,12,50,45,40,Yes,Good,Above-7,M
M,lebanon,lebanon,lowerlevel,G-02,B,French,S,Mum,27,30,7,27,No,Bad,Under-7,M
F,Jordan,Jordan,lowerlevel,G-02,A,French,F,Mum,47,64,16,16,Yes,Good,Above-7,M
F,Palestine,Palestine,lowerlevel,G-04,A,Science,S,Mum,81,76,65,56,Yes,Good,Under-7,H
M,KW,KuwaIT,MiddleSchool,G-07,B,Science,S,Father,72,80,58,66,Yes,Good,Above-7,M
F,Jordan,Jordan,lowerlevel,G-04,A,Science,F,Mum,88,82,79,79,No,Good,Under-7,H
M,Jordan,Jordan,lowerlevel,G-02,A,French,F,Mum,52,91,72,25,Yes,Good,Under-7,H
M,Jordan,Jordan,lowerlevel,G-04,B,Science,F,Father,25,19,26,30,No,Good,Above-7,M
F,KW,KuwaIT,MiddleSchool,G-07,A,English,F,Father,20,23,14,34,Yes,Bad,Above-7,M
M,Syria,Syria,lowerlevel,G-02,B,French,S,Mum,16,30,22,23,Yes,Good,Above-7,L
F,Jordan,USA,lowerlevel,G-02,B,French,S,Mum,60,82,93,43,No,Bad,Above-7,M
M,Jordan,Jordan,lowerlevel,G-02,B,French,S,Mum,71,84,47,51,Yes,Good,Under-7,H
M,Jordan,Jordan,lowerlevel,G-02,B,Arabic,S,Father,28,13,21,12,No,Bad,Above-7,L
M,KW,KuwaIT,MiddleSchool,G-07,B,Science,S,Father,20,17,7,53,No,Bad,Above-7,L
M,Jordan,Jordan,lowerlevel,G-02,A,French,S,Mum,58,93,41,7,Yes,Good,Under-7,H
F,lebanon,lebanon,lowerlevel,G-02,B,French,S,Mum,94,66,48,55,Yes,Bad,Under-7,H
M,Iraq,Iraq,lowerlevel,G-02,A,Arabic,S,Father,72,78,26,34,Yes,Good,Under-7,H
M,Tunis,Tunis,MiddleSchool,G-07,A,Quran,F,Father,8,47,6,15,Yes,Bad,Above-7,L
M,Jordan,Jordan,MiddleSchool,G-07,B,Biology,F,Father,57,89,47,47,No,Bad,Under-7,M
M,KW,KuwaIT,lowerlevel,G-04,A,History,S,Father,29,53,46,27,Yes,Good,Under-7,H
M,Palestine,Jordan,MiddleSchool,G-07,B,Biology,F,Father,75,89,38,28,Yes,Good,Under-7,M
F,Syria,Syria,MiddleSchool,G-07,A,Biology,F,Mum,100,90,85,72,Yes,Good,Under-7,H
F,Egypt,Egypt,MiddleSchool,G-07,A,Quran,S,Mum,81,86,90,77,Yes,Good,Under-7,H
F,KW,USA,HighSchool,G-11,A,Quran,S,Mum,72,82,26,84,Yes,Good,Under-7,H
M,KW,KuwaIT,MiddleSchool,G-07,B,Science,S,Father,18,13,14,21,No,Bad,Above-7,L
M,KW,KuwaIT,lowerlevel,G-02,B,IT,F,Father,60,54,5,6,Yes,Good,Under-7,L
F,lebanon,lebanon,MiddleSchool,G-08,A,Arabic,S,Mum,78,83,80,75,Yes,Good,Under-7,H
M,Palestine,Jordan,lowerlevel,G-04,B,Science,S,Mum,61,81,64,82,Yes,Good,Above-7,M
F,KW,KuwaIT,MiddleSchool,G-07,B,Science,S,Father,63,78,59,73,Yes,Good,Under-7,M
M,KW,KuwaIT,MiddleSchool,G-07,A,IT,F,Father,19,20,16,50,No,Good,Under-7,M
F,USA,USA,lowerlevel,G-02,B,French,S,Mum,17,70,44,16,Yes,Bad,Under-7,M
F,Jordan,lebanon,lowerlevel,G-04,B,Science,F,Mum,74,70,62,89,Yes,Good,Under-7,H
F,KW,KuwaIT,MiddleSchool,G-07,A,IT,F,Father,12,8,3,59,No,Bad,Above-7,L
M,Egypt,KuwaIT,MiddleSchool,G-07,B,Science,S,Father,12,20,38,46,No,Bad,Above-7,M
M,KW,KuwaIT,lowerlevel,G-02,B,French,S,Mum,43,20,35,20,No,Bad,Under-7,M
M,KW,KuwaIT,MiddleSchool,G-08,C,Spanish,S,Father,4,6,9,13,No,Good,Above-7,L
M,KW,KuwaIT,lowerlevel,G-04,A,History,S,Father,50,69,12,24,Yes,Good,Under-7,H
F,Jordan,Jordan,MiddleSchool,G-08,A,Chemistry,S,Mum,76,81,29,40,Yes,Good,Under-7,H
M,Palestine,Jordan,MiddleSchool,G-07,B,Biology,F,Father,76,61,59,39,Yes,Good,Under-7,M
M,KW,KuwaIT,lowerlevel,G-04,A,History,S,Father,61,97,82,64,Yes,Bad,Above-7,M
F,Palestine,Palestine,lowerlevel,G-04,A,Science,F,Mum,37,93,34,32,Yes,Good,Under-7,H
F,Iraq,Iraq,lowerlevel,G-02,B,French,S,Father,16,74,22,17,No,Good,Under-7,M
F,KW,KuwaIT,HighSchool,G-12,A,English,F,Father,35,29,26,33,No,Bad,Above-7,M
M,Iran,Iran,lowerlevel,G-02,B,French,S,Mum,47,27,30,16,No,Good,Above-7,L
M,Jordan,Jordan,lowerlevel,G-02,B,French,S,Father,17,84,26,29,Yes,Good,Under-7,M
F,Jordan,Jordan,MiddleSchool,G-08,A,Geology,S,Mum,54,48,56,42,Yes,Good,Above-7,M
F,SaudiArabia,SaudiArabia,MiddleSchool,G-08,B,Arabic,S,Mum,52,69,34,15,Yes,Bad,Above-7,H
M,Jordan,Jordan,MiddleSchool,G-06,A,English,F,Father,30,78,26,30,Yes,Good,Above-7,M
F,Iraq,Iraq,lowerlevel,G-02,B,French,F,Father,16,90,15,11,No,Good,Under-7,M
M,Jordan,SaudiArabia,MiddleSchool,G-08,A,Chemistry,S,Father,6,7,9,18,No,Bad,Above-7,L
M,Jordan,Jordan,lowerlevel,G-02,B,French,F,Mum,40,60,44,36,No,Bad,Under-7,M
F,lebanon,lebanon,MiddleSchool,G-08,A,Arabic,S,Mum,68,74,73,74,Yes,Good,Under-7,H
M,Jordan,Jordan,lowerlevel,G-04,A,Science,S,Father,19,26,19,11,No,Bad,Above-7,L
F,Egypt,Egypt,MiddleSchool,G-07,A,IT,F,Father,27,35,37,51,Yes,Good,Under-7,M
F,Jordan,Jordan,MiddleSchool,G-08,A,Chemistry,S,Mum,86,94,47,75,Yes,Good,Under-7,H
M,lebanon,Jordan,MiddleSchool,G-08,A,Arabic,S,Mum,86,72,80,57,Yes,Good,Under-7,H
F,Jordan,Jordan,MiddleSchool,G-08,A,Chemistry,S,Father,19,18,17,20,No,Bad,Above-7,L
M,Jordan,Jordan,lowerlevel,G-02,B,French,S,Mum,59,87,26,25,Yes,Good,Under-7,H
M,Jordan,Jordan,MiddleSchool,G-08,A,Chemistry,S,Mum,44,41,38,56,Yes,Good,Above-7,L
M,KW,KuwaIT,MiddleSchool,G-08,C,Spanish,S,Mum,53,46,35,34,Yes,Good,Under-7,M
M,KW,KuwaIT,lowerlevel,G-02,B,IT,F,Father,10,23,4,13,No,Good,Above-7,L
M,KW,KuwaIT,MiddleSchool,G-08,A,Arabic,S,Mum,85,80,62,56,No,Bad,Under-7,H
F,lebanon,lebanon,MiddleSchool,G-06,A,English,S,Mum,91,79,78,71,Yes,Good,Under-7,H
F,Jordan,Jordan,MiddleSchool,G-07,B,Science,S,Mum,74,77,46,37,Yes,Good,Under-7,H
M,Jordan,Jordan,MiddleSchool,G-07,A,Biology,S,Mum,9,13,20,11,No,Bad,Above-7,L
M,Jordan,Jordan,lowerlevel,G-02,A,French,F,Father,10,14,11,33,No,Bad,Above-7,L
M,SaudiArabia,SaudiArabia,lowerlevel,G-02,B,IT,F,Father,68,21,41,43,Yes,Good,Under-7,H
F,Jordan,Jordan,MiddleSchool,G-07,B,Science,S,Mum,39,80,44,36,Yes,Good,Above-7,M
M,KW,KuwaIT,MiddleSchool,G-08,A,Spanish,S,Mum,35,94,14,28,Yes,Good,Under-7,H
M,Egypt,Egypt,lowerlevel,G-04,A,English,S,Mum,16,55,25,24,No,Good,Above-7,L
F,Palestine,Palestine,lowerlevel,G-04,A,Science,S,Mum,37,73,45,58,Yes,Good,Under-7,H
F,Jordan,Jordan,lowerlevel,G-02,B,French,S,Mum,23,82,20,30,No,Good,Under-7,H
F,KW,KuwaIT,HighSchool,G-12,A,English,F,Mum,39,82,49,76,Yes,Good,Under-7,H
M,Jordan,SaudiArabia,lowerlevel,G-02,B,Arabic,F,Mum,56,74,4,3,No,Good,Above-7,L
F,KW,KuwaIT,HighSchool,G-12,A,English,F,Mum,37,56,27,48,Yes,Good,Under-7,H
M,KW,KuwaIT,HighSchool,G-12,A,English,F,Mum,11,30,11,55,No,Bad,Above-7,L
F,KW,KuwaIT,lowerlevel,G-02,B,IT,F,Father,46,90,39,13,Yes,Good,Above-7,M
F,KW,KuwaIT,MiddleSchool,G-08,B,Arabic,S,Father,35,59,50,34,Yes,Bad,Under-7,M
M,Palestine,Jordan,MiddleSchool,G-06,A,English,F,Mum,61,27,38,22,No,Good,Under-7,M
F,KW,KuwaIT,MiddleSchool,G-07,B,IT,F,Father,27,67,43,53,Yes,Good,Under-7,M
M,Jordan,Palestine,MiddleSchool,G-07,A,Biology,S,Mum,78,86,55,67,Yes,Good,Under-7,H
M,KW,KuwaIT,lowerlevel,G-02,B,IT,F,Father,5,9,7,21,No,Bad,Above-7,L
M,Iraq,Iraq,lowerlevel,G-02,A,Arabic,S,Father,80,77,40,34,Yes,Good,Under-7,H
M,KW,KuwaIT,lowerlevel,G-02,B,French,S,Father,64,79,54,41,Yes,Good,Under-7,H
F,Jordan,Jordan,lowerlevel,G-02,A,Arabic,S,Father,11,10,18,78,No,Bad,Above-7,L
F,Jordan,Jordan,MiddleSchool,G-06,A,English,S,Mum,71,86,84,49,Yes,Good,Under-7,H
F,Jordan,Jordan,lowerlevel,G-02,A,French,F,Mum,66,94,22,10,Yes,Good,Under-7,H
F,SaudiArabia,SaudiArabia,MiddleSchool,G-07,B,Science,F,Father,65,85,49,61,Yes,Good,Under-7,M
F,Jordan,Jordan,lowerlevel,G-02,B,French,F,Mum,65,88,48,20,No,Good,Under-7,H
M,KW,KuwaIT,lowerlevel,G-02,B,IT,F,Father,0,8,11,70,Yes,Good,Above-7,L
F,Jordan,Jordan,lowerlevel,G-04,B,Science,F,Father,56,70,43,67,Yes,Bad,Under-7,M
M,Jordan,Jordan,MiddleSchool,G-06,A,English,S,Father,34,62,25,18,Yes,Bad,Above-7,M
F,Jordan,lebanon,lowerlevel,G-04,B,Science,S,Mum,51,71,85,54,Yes,Good,Under-7,H
F,Jordan,Jordan,lowerlevel,G-02,A,French,F,Mum,54,86,32,24,Yes,Good,Above-7,M
F,KW,KuwaIT,lowerlevel,G-02,B,IT,F,Father,56,85,65,19,Yes,Good,Under-7,H
F,KW,KuwaIT,lowerlevel,G-04,A,Science,S,Father,70,79,79,53,No,Bad,Under-7,M
M,KW,KuwaIT,HighSchool,G-11,B,Math,S,Mum,75,85,80,70,Yes,Good,Above-7,H
M,KW,KuwaIT,MiddleSchool,G-07,A,Math,F,Father,5,2,6,5,Yes,Good,Above-7,L
F,KW,KuwaIT,lowerlevel,G-02,B,IT,F,Father,55,69,29,32,Yes,Good,Under-7,H
F,Jordan,Jordan,MiddleSchool,G-08,A,History,S,Father,28,14,22,50,No,Bad,Above-7,L
M,KW,KuwaIT,lowerlevel,G-02,A,IT,F,Father,11,9,7,26,No,Bad,Above-7,L
F,Egypt,Egypt,MiddleSchool,G-07,A,IT,F,Father,52,59,25,86,Yes,Good,Under-7,M
F,Jordan,Jordan,lowerlevel,G-02,A,French,S,Mum,25,60,26,22,No,Good,Under-7,M
M,KW,KuwaIT,lowerlevel,G-02,B,IT,F,Father,9,17,42,59,No,Bad,Above-7,L
F,Jordan,lebanon,MiddleSchool,G-07,A,Quran,S,Mum,91,84,76,75,Yes,Bad,Under-7,H
M,Iraq,Iraq,lowerlevel,G-02,B,Arabic,S,Mum,35,91,21,21,Yes,Good,Under-7,H
M,Palestine,Palestine,MiddleSchool,G-07,A,Biology,F,Father,47,51,56,40,Yes,Good,Under-7,H
M,Palestine,Jordan,lowerlevel,G-02,A,Arabic,F,Father,85,99,45,44,Yes,Good,Under-7,H
M,Jordan,Jordan,MiddleSchool,G-07,B,Science,S,Mum,60,83,57,53,No,Bad,Under-7,M
F,Jordan,Jordan,MiddleSchool,G-08,A,History,F,Father,26,14,13,48,No,Bad,Above-7,L
M,Jordan,Jordan,MiddleSchool,G-08,A,Chemistry,S,Mum,62,83,68,31,Yes,Good,Under-7,M
M,Palestine,Jordan,lowerlevel,G-02,A,Arabic,F,Father,91,94,43,44,Yes,Good,Under-7,H
M,Jordan,Jordan,lowerlevel,G-04,A,Science,F,Father,50,75,68,57,No,Good,Above-7,M
M,KW,KuwaIT,MiddleSchool,G-07,A,Math,F,Father,11,2,2,8,No,Bad,Under-7,L
F,KW,KuwaIT,MiddleSchool,G-08,A,Arabic,F,Father,27,40,31,34,No,Bad,Under-7,M
M,USA,USA,MiddleSchool,G-08,B,Math,F,Father,24,15,3,16,Yes,Good,Above-7,L
M,Jordan,Jordan,MiddleSchool,G-06,A,English,F,Father,35,77,43,15,Yes,Good,Above-7,M
M,Jordan,Jordan,MiddleSchool,G-06,A,English,S,Father,61,59,64,48,Yes,Bad,Above-7,M
M,Jordan,Jordan,lowerlevel,G-02,B,French,F,Mum,21,91,48,61,Yes,Good,Under-7,H
M,Jordan,Jordan,MiddleSchool,G-07,A,Biology,F,Father,76,78,58,66,Yes,Bad,Under-7,M
M,Jordan,Jordan,MiddleSchool,G-07,A,Biology,S,Father,52,58,34,53,Yes,Bad,Under-7,M
M,Jordan,Jordan,MiddleSchool,G-07,A,Biology,S,Mum,7,19,34,45,No,Bad,Above-7,L
M,KW,KuwaIT,lowerlevel,G-05,A,English,F,Father,29,13,18,55,No,Bad,Above-7,L
M,KW,KuwaIT,MiddleSchool,G-07,A,IT,F,Father,20,16,17,46,No,Good,Under-7,M
F,KW,KuwaIT,MiddleSchool,G-07,B,IT,F,Father,12,67,23,37,No,Bad,Under-7,M
M,Palestine,Jordan,MiddleSchool,G-07,B,Biology,F,Father,67,92,47,41,Yes,Good,Under-7,H
M,Jordan,Jordan,lowerlevel,G-04,A,Science,F,Father,18,13,17,17,No,Bad,Above-7,L
F,Jordan,lebanon,lowerlevel,G-04,B,Science,S,Mum,73,83,41,91,Yes,Good,Under-7,H
M,Jordan,Jordan,lowerlevel,G-02,A,Arabic,F,Father,22,30,55,29,No,Bad,Under-7,M
M,KW,KuwaIT,MiddleSchool,G-08,A,Arabic,S,Mum,91,90,72,75,Yes,Good,Under-7,H
F,KW,KuwaIT,MiddleSchool,G-06,A,IT,F,Father,35,62,35,39,Yes,Good,Under-7,M
M,Jordan,Jordan,lowerlevel,G-02,A,French,F,Father,9,11,16,22,No,Bad,Above-7,L
M,Egypt,KuwaIT,MiddleSchool,G-07,B,Science,S,Father,11,22,32,40,No,Bad,Above-7,M
M,KW,KuwaIT,lowerlevel,G-02,B,IT,F,Father,16,16,2,33,No,Bad,Above-7,L
M,Tunis,Tunis,MiddleSchool,G-07,A,Quran,F,Father,9,32,2,17,Yes,Bad,Above-7,L
F,Jordan,Jordan,lowerlevel,G-05,A,English,F,Mum,15,10,37,24,No,Good,Above-7,L
M,Jordan,Jordan,MiddleSchool,G-08,A,Geology,F,Mum,89,87,86,15,Yes,Good,Under-7,M
M,KW,KuwaIT,MiddleSchool,G-08,B,Spanish,S,Father,4,7,35,16,No,Bad,Under-7,L
F,KW,KuwaIT,MiddleSchool,G-06,A,IT,S,Father,70,70,21,31,Yes,Bad,Under-7,M
M,KW,KuwaIT,HighSchool,G-12,A,English,F,Father,26,19,8,31,No,Bad,Above-7,L
F,Jordan,Jordan,MiddleSchool,G-06,A,English,F,Mum,62,87,69,83,Yes,Good,Under-7,H
F,KW,USA,HighSchool,G-11,A,Quran,F,Mum,35,34,29,40,No,Bad,Under-7,M
M,Jordan,Jordan,lowerlevel,G-04,B,Science,S,Father,58,50,36,24,No,Good,Above-7,M
F,lebanon,lebanon,MiddleSchool,G-06,A,English,F,Mum,92,87,74,62,Yes,Good,Under-7,H
F,Jordan,Jordan,lowerlevel,G-04,B,Science,S,Mum,66,70,81,59,Yes,Good,Under-7,H
M,USA,USA,lowerlevel,G-02,B,IT,F,Father,68,79,69,74,Yes,Good,Under-7,H
F,Jordan,Jordan,lowerlevel,G-02,B,French,S,Mum,28,54,26,22,Yes,Good,Under-7,M
M,Jordan,Jordan,MiddleSchool,G-07,B,Science,S,Mum,80,70,27,37,No,Bad,Under-7,M
M,KW,KuwaIT,lowerlevel,G-04,A,IT,F,Father,28,62,40,40,Yes,Good,Under-7,M
M,Jordan,Jordan,lowerlevel,G-02,A,Arabic,S,Father,52,16,42,40,No,Bad,Under-7,M
F,KW,KuwaIT,MiddleSchool,G-07,B,IT,F,Father,49,92,13,23,Yes,Good,Under-7,M
M,Jordan,Jordan,MiddleSchool,G-07,A,IT,F,Father,18,15,12,8,Yes,Good,Above-7,L
F,Jordan,Jordan,lowerlevel,G-02,A,French,F,Mum,61,93,20,16,Yes,Good,Under-7,H
F,KW,KuwaIT,MiddleSchool,G-08,A,Arabic,S,Father,32,57,75,23,Yes,Good,Under-7,M
F,Jordan,Jordan,lowerlevel,G-02,B,French,S,Mum,69,75,48,42,No,Good,Under-7,H
M,KW,KuwaIT,lowerlevel,G-02,B,IT,F,Father,80,90,63,41,Yes,Good,Under-7,H
M,Tunis,Tunis,lowerlevel,G-02,B,French,S,Mum,74,47,60,66,Yes,Good,Under-7,H
F,KW,KuwaIT,HighSchool,G-12,A,English,F,Father,29,39,50,77,Yes,Good,Under-7,M
F,KW,KuwaIT,MiddleSchool,G-07,A,IT,F,Father,13,13,5,42,No,Bad,Above-7,L
M,Palestine,Palestine,MiddleSchool,G-07,A,Biology,S,Father,85,92,88,84,Yes,Good,Under-7,H
F,KW,KuwaIT,lowerlevel,G-02,B,IT,F,Father,68,85,57,43,Yes,Good,Above-7,M
M,Jordan,Jordan,lowerlevel,G-04,A,Science,F,Father,6,12,9,12,No,Good,Above-7,M
M,Jordan,Jordan,lowerlevel,G-04,A,Science,S,Father,40,38,53,24,No,Good,Above-7,M
F,Jordan,Jordan,lowerlevel,G-04,A,Science,S,Mum,74,72,63,52,No,Good,Under-7,H
M,KW,KuwaIT,lowerlevel,G-02,B,IT,F,Father,67,79,28,68,Yes,Bad,Under-7,H
F,Jordan,Jordan,MiddleSchool,G-08,A,Geology,S,Father,57,77,40,36,No,Bad,Under-7,M
M,KW,KuwaIT,lowerlevel,G-02,B,IT,F,Father,18,8,7,40,No,Good,Above-7,M
F,Iraq,Iraq,MiddleSchool,G-07,A,Biology,S,Mum,86,82,54,37,Yes,Good,Under-7,H
M,Tunis,Tunis,MiddleSchool,G-07,A,Quran,F,Father,7,43,7,35,Yes,Bad,Above-7,L
M,KW,KuwaIT,MiddleSchool,G-07,A,IT,F,Father,4,1,0,25,No,Bad,Above-7,L
M,KW,KuwaIT,MiddleSchool,G-07,A,Math,F,Father,7,6,4,18,Yes,Good,Above-7,L
F,lebanon,lebanon,lowerlevel,G-02,B,French,S,Mum,67,92,48,17,Yes,Good,Under-7,H
M,KW,KuwaIT,HighSchool,G-12,A,English,F,Mum,10,23,30,44,No,Bad,Above-7,L
M,Egypt,Egypt,lowerlevel,G-02,B,French,F,Mum,7,14,9,12,No,Good,Above-7,L
M,Lybia,Lybia,lowerlevel,G-02,A,French,S,Mum,12,9,10,17,No,Good,Above-7,L
F,Jordan,Jordan,MiddleSchool,G-06,A,English,S,Mum,60,73,83,35,No,Bad,Under-7,H
M,Jordan,Jordan,MiddleSchool,G-07,A,Quran,F,Mum,42,51,35,45,Yes,Good,Under-7,M
F,lebanon,lebanon,MiddleSchool,G-07,B,Math,F,Mum,83,90,42,52,Yes,Bad,Under-7,H
M,Palestine,Jordan,MiddleSchool,G-06,A,English,F,Mum,54,25,30,26,No,Good,Under-7,M
M,Jordan,Jordan,MiddleSchool,G-08,A,Chemistry,F,Mum,52,86,51,49,Yes,Good,Above-7,M
F,Jordan,Jordan,MiddleSchool,G-07,A,Quran,S,Father,50,44,22,38,No,Bad,Under-7,M
M,Jordan,Jordan,lowerlevel,G-02,B,French,F,Mum,44,98,42,46,Yes,Good,Under-7,H
M,Palestine,Jordan,MiddleSchool,G-06,A,English,F,Mum,31,24,29,26,No,Good,Under-7,M
F,KW,KuwaIT,MiddleSchool,G-08,A,Arabic,S,Father,43,48,29,62,Yes,Good,Under-7,M
F,Jordan,Jordan,lowerlevel,G-04,A,Science,S,Mum,73,74,74,82,No,Good,Under-7,H
M,KW,KuwaIT,MiddleSchool,G-07,A,English,F,Father,10,12,17,30,No,Bad,Above-7,L
F,Jordan,lebanon,lowerlevel,G-04,B,Science,F,Mum,94,82,23,76,Yes,Good,Under-7,H
M,KW,KuwaIT,MiddleSchool,G-08,C,Spanish,S,Father,53,60,24,58,No,Bad,Under-7,M
M,KW,KuwaIT,MiddleSchool,G-08,A,Spanish,S,Father,29,14,16,9,No,Bad,Above-7,L
F,Tunis,USA,HighSchool,G-11,B,French,S,Father,59,59,30,43,Yes,Good,Under-7,M
F,KW,KuwaIT,lowerlevel,G-04,A,Science,S,Father,48,81,60,65,No,Bad,Under-7,M
F,KW,KuwaIT,HighSchool,G-11,A,Science,F,Mum,52,72,22,28,Yes,Good,Under-7,H
F,KW,KuwaIT,MiddleSchool,G-06,A,IT,F,Father,26,41,27,59,Yes,Good,Under-7,M
M,Lybia,Lybia,lowerlevel,G-02,B,French,S,Mum,15,4,12,7,No,Good,Above-7,L
M,USA,USA,MiddleSchool,G-08,B,Math,F,Father,21,16,7,6,Yes,Good,Above-7,L
M,Iraq,Iraq,MiddleSchool,G-07,B,Biology,S,Father,85,89,76,77,Yes,Good,Under-7,H
M,Jordan,Palestine,MiddleSchool,G-07,A,Biology,F,Mum,88,85,53,34,Yes,Good,Under-7,H
M,Syria,Jordan,MiddleSchool,G-08,A,Spanish,S,Father,29,12,23,52,Yes,Good,Above-7,L
F,Iraq,Iraq,lowerlevel,G-02,B,French,S,Father,26,42,25,21,No,Good,Under-7,M
M,SaudiArabia,USA,HighSchool,G-11,A,Science,S,Father,42,71,72,83,Yes,Good,Under-7,M
F,Jordan,Jordan,MiddleSchool,G-08,A,Chemistry,F,Mum,56,83,35,51,Yes,Good,Under-7,H
M,KW,KuwaIT,MiddleSchool,G-08,A,Arabic,S,Mum,74,37,46,69,Yes,Good,Under-7,M
M,Jordan,SaudiArabia,MiddleSchool,G-08,C,Spanish,S,Mum,64,87,41,27,Yes,Good,Under-7,H
F,KW,KuwaIT,MiddleSchool,G-06,A,IT,S,Father,68,68,72,68,Yes,Bad,Under-7,M
F,KW,KuwaIT,lowerlevel,G-02,B,IT,F,Father,66,37,31,7,No,Good,Above-7,L
M,KW,KuwaIT,lowerlevel,G-02,C,IT,F,Father,11,6,10,7,Yes,Bad,Under-7,L
F,Jordan,Jordan,lowerlevel,G-02,A,Arabic,F,Father,10,20,22,97,No,Bad,Above-7,L
M,KW,KuwaIT,lowerlevel,G-02,B,IT,F,Father,82,91,41,25,Yes,Good,Under-7,H
F,KW,KuwaIT,MiddleSchool,G-06,A,IT,F,Father,26,59,34,66,Yes,Good,Under-7,M
F,Palestine,Jordan,lowerlevel,G-02,A,French,F,Mum,61,79,21,30,No,Good,Under-7,M
M,Iraq,Iraq,MiddleSchool,G-08,A,Geology,S,Father,45,85,57,53,Yes,Good,Above-7,M
M,KW,KuwaIT,lowerlevel,G-02,B,French,S,Mum,29,49,31,25,No,Bad,Under-7,M
F,Jordan,Jordan,MiddleSchool,G-08,A,Chemistry,S,Father,9,6,15,85,No,Bad,Above-7,L
M,Tunis,Tunis,MiddleSchool,G-07,A,Quran,F,Father,10,60,5,20,Yes,Bad,Above-7,L
F,KW,KuwaIT,MiddleSchool,G-08,A,Arabic,F,Father,24,59,38,27,No,Bad,Under-7,M
M,Jordan,Jordan,lowerlevel,G-02,A,French,S,Father,30,10,20,5,No,Bad,Above-7,L
F,KW,KuwaIT,MiddleSchool,G-07,A,IT,F,Father,56,53,45,50,No,Bad,Above-7,L
F,Jordan,USA,lowerlevel,G-02,B,French,S,Mum,55,88,48,56,No,Bad,Above-7,M
M,lebanon,lebanon,MiddleSchool,G-08,A,Math,F,Father,42,30,28,37,No,Bad,Above-7,L
M,KW,KuwaIT,lowerlevel,G-02,B,IT,F,Father,49,71,29,14,Yes,Good,Above-7,H
M,KW,KuwaIT,lowerlevel,G-02,B,IT,F,Father,10,5,0,25,No,Bad,Above-7,L
M,Jordan,Jordan,lowerlevel,G-02,A,French,S,Father,13,8,9,7,No,Bad,Above-7,L
M,KW,KuwaIT,lowerlevel,G-02,C,IT,F,Father,11,7,16,29,No,Bad,Under-7,L
M,KW,KuwaIT,lowerlevel,G-02,B,IT,F,Father,77,90,72,73,Yes,Bad,Under-7,H
F,Iraq,Iraq,lowerlevel,G-02,B,Arabic,F,Mum,83,82,47,52,Yes,Good,Under-7,H
M,Jordan,Jordan,MiddleSchool,G-07,A,Biology,F,Mum,2,9,10,1,No,Bad,Above-7,L
F,lebanon,lebanon,MiddleSchool,G-07,B,Math,F,Mum,80,90,73,67,Yes,Bad,Under-7,H
F,KW,USA,HighSchool,G-11,A,Quran,F,Mum,21,24,19,17,No,Bad,Under-7,M
M,Syria,Jordan,MiddleSchool,G-08,A,Spanish,S,Father,21,12,18,20,Yes,Good,Above-7,L
M,Palestine,Jordan,lowerlevel,G-04,B,Science,F,Mum,96,60,61,69,Yes,Good,Above-7,M
F,Iraq,Iraq,MiddleSchool,G-07,A,Biology,F,Mum,76,98,49,21,Yes,Good,Under-7,H
M,KW,KuwaIT,lowerlevel,G-04,A,History,S,Father,41,58,53,64,Yes,Good,Under-7,H
M,KW,KuwaIT,lowerlevel,G-02,B,IT,F,Father,71,82,31,42,Yes,Good,Above-7,H
M,KW,KuwaIT,lowerlevel,G-04,A,History,S,Father,21,28,17,43,Yes,Good,Under-7,H
M,KW,KuwaIT,HighSchool,G-12,A,English,F,Mum,13,32,10,22,No,Bad,Above-7,L
M,KW,KuwaIT,HighSchool,G-09,A,IT,F,Father,10,12,7,33,Yes,Good,Above-7,L
M,KW,KuwaIT,MiddleSchool,G-07,A,Quran,S,Father,12,8,14,14,No,Bad,Above-7,L
F,Jordan,Jordan,lowerlevel,G-04,B,Science,S,Mum,12,44,25,39,No,Bad,Under-7,M
M,Egypt,Egypt,lowerlevel,G-02,B,French,F,Mum,4,12,7,20,No,Good,Above-7,L
M,KW,KuwaIT,lowerlevel,G-02,B,IT,F,Father,87,84,53,38,Yes,Good,Under-7,H
M,KW,KuwaIT,lowerlevel,G-04,A,IT,F,Father,20,27,4,22,Yes,Good,Under-7,M
M,KW,KuwaIT,MiddleSchool,G-08,A,Spanish,S,Mum,75,67,42,40,No,Bad,Under-7,M
M,Palestine,Jordan,lowerlevel,G-02,A,Arabic,F,Father,62,91,40,56,Yes,Good,Under-7,H
M,Jordan,Jordan,lowerlevel,G-04,A,Science,S,Father,34,36,39,37,No,Good,Above-7,M
F,KW,KuwaIT,MiddleSchool,G-08,A,Math,F,Mum,66,77,34,43,No,Bad,Above-7,H
M,Jordan,Jordan,MiddleSchool,G-07,A,Biology,F,Father,47,73,34,27,No,Good,Above-7,M
M,Jordan,Jordan,MiddleSchool,G-06,A,English,S,Father,39,39,27,30,No,Bad,Under-7,H
F,Jordan,Jordan,lowerlevel,G-04,B,Science,F,Father,27,34,20,35,Yes,Bad,Under-7,M
M,KW,KuwaIT,MiddleSchool,G-07,A,IT,F,Father,35,64,40,83,No,Bad,Under-7,M
F,KW,KuwaIT,lowerlevel,G-04,A,Science,S,Father,72,72,71,74,No,Bad,Under-7,M
M,SaudiArabia,USA,HighSchool,G-11,B,English,S,Father,46,68,49,55,No,Bad,Above-7,M
M,lebanon,lebanon,MiddleSchool,G-08,C,Spanish,S,Father,44,37,36,38,Yes,Good,Under-7,M
F,USA,USA,HighSchool,G-12,A,English,F,Mum,80,78,55,85,Yes,Good,Under-7,H
M,KW,KuwaIT,MiddleSchool,G-07,B,IT,F,Father,38,35,27,62,No,Bad,Above-7,M
F,Syria,Syria,MiddleSchool,G-07,A,Biology,F,Mum,86,91,59,63,Yes,Good,Under-7,H
F,Jordan,Jordan,lowerlevel,G-04,B,Science,F,Father,15,50,24,43,Yes,Bad,Under-7,M
M,KW,KuwaIT,MiddleSchool,G-07,A,IT,F,Father,33,28,7,22,Yes,Good,Under-7,M
F,Jordan,Palestine,lowerlevel,G-02,A,French,S,Mum,52,60,48,52,Yes,Good,Under-7,M
F,Syria,Syria,MiddleSchool,G-07,A,Biology,S,Mum,65,83,60,51,Yes,Good,Under-7,H
M,KW,KuwaIT,lowerlevel,G-02,B,IT,F,Father,62,40,23,23,No,Bad,Under-7,M
M,Jordan,Jordan,lowerlevel,G-02,B,Arabic,S,Father,25,15,53,64,Yes,Bad,Above-7,L
M,Jordan,SaudiArabia,lowerlevel,G-02,B,Arabic,S,Mum,7,46,16,13,No,Good,Above-7,L
F,KW,KuwaIT,lowerlevel,G-04,A,History,S,Father,78,83,83,88,Yes,Good,Under-7,M
M,Jordan,Jordan,lowerlevel,G-02,B,French,F,Mum,53,88,51,34,Yes,Good,Under-7,H
F,Palestine,Jordan,lowerlevel,G-02,B,French,F,Father,71,59,29,36,No,Good,Under-7,M
M,Palestine,Palestine,MiddleSchool,G-07,A,Biology,S,Father,85,88,78,66,Yes,Good,Under-7,H
F,lebanon,lebanon,MiddleSchool,G-08,A,Arabic,S,Father,29,33,24,61,No,Bad,Under-7,M
M,Jordan,Jordan,lowerlevel,G-04,A,Science,S,Father,11,17,9,34,No,Bad,Above-7,L
M,Tunis,Tunis,HighSchool,G-11,B,Science,S,Father,73,61,44,53,No,Good,Under-7,M
M,KW,KuwaIT,lowerlevel,G-02,B,IT,F,Father,17,19,11,45,No,Good,Above-7,M
M,KW,KuwaIT,lowerlevel,G-02,B,IT,F,Father,12,11,4,44,Yes,Good,Above-7,L
F,KW,KuwaIT,MiddleSchool,G-07,A,IT,F,Mum,69,15,36,96,Yes,Good,Under-7,M
M,Tunis,Tunis,MiddleSchool,G-08,C,Spanish,S,Mum,50,71,57,30,No,Bad,Under-7,M
M,Jordan,Jordan,lowerlevel,G-02,B,Arabic,F,Mum,64,90,67,69,Yes,Bad,Above-7,M
F,Jordan,Jordan,MiddleSchool,G-08,A,Geology,S,Father,53,77,22,21,No,Bad,Under-7,M
F,Jordan,Jordan,lowerlevel,G-04,A,Science,S,Father,72,40,30,12,No,Bad,Above-7,L
F,Jordan,Jordan,MiddleSchool,G-08,A,Chemistry,F,Mum,55,74,23,28,Yes,Good,Under-7,H
M,Jordan,Jordan,lowerlevel,G-02,B,French,S,Mum,57,90,33,41,Yes,Good,Under-7,H
M,Palestine,Jordan,MiddleSchool,G-07,B,Biology,F,Father,76,89,81,83,Yes,Good,Under-7,H
F,Jordan,Jordan,MiddleSchool,G-07,A,Biology,F,Mum,83,82,63,32,Yes,Good,Above-7,M
M,KW,KuwaIT,lowerlevel,G-02,B,IT,F,Father,75,90,36,31,Yes,Bad,Under-7,H
M,Morocco,Morocco,MiddleSchool,G-08,A,Arabic,S,Mum,89,77,46,43,No,Bad,Under-7,M
M,KW,KuwaIT,lowerlevel,G-02,B,IT,F,Father,10,12,13,52,No,Bad,Above-7,L
M,Jordan,Jordan,lowerlevel,G-04,B,Science,S,Mum,38,82,77,37,Yes,Good,Under-7,H
M,Palestine,Palestine,MiddleSchool,G-08,A,Geology,F,Father,42,39,44,47,Yes,Good,Under-7,M
M,USA,USA,lowerlevel,G-02,B,IT,F,Father,67,84,63,69,Yes,Good,Under-7,H
M,Jordan,Jordan,MiddleSchool,G-06,A,English,S,Father,37,50,29,19,Yes,Bad,Above-7,M
M,Palestine,Jordan,MiddleSchool,G-08,A,History,S,Father,73,80,66,46,Yes,Good,Under-7,M
M,Jordan,Jordan,MiddleSchool,G-08,A,Chemistry,S,Mum,63,36,33,35,Yes,Good,Above-7,M
M,Jordan,Jordan,lowerlevel,G-04,B,Science,S,Father,61,64,66,62,No,Good,Above-7,M
F,Palestine,Jordan,lowerlevel,G-02,A,French,S,Mum,52,79,14,18,No,Good,Under-7,M
M,Iran,Iran,MiddleSchool,G-08,C,Spanish,S,Mum,28,27,23,45,Yes,Bad,Above-7,M
M,Iraq,Iraq,lowerlevel,G-02,A,Arabic,F,Father,73,96,29,45,Yes,Good,Under-7,H
F,Jordan,Jordan,lowerlevel,G-02,B,French,F,Mum,14,97,15,14,No,Good,Under-7,H
M,Tunis,Tunis,MiddleSchool,G-07,A,Quran,S,Father,15,64,41,12,No,Bad,Above-7,L
M,Egypt,Egypt,lowerlevel,G-04,A,Math,S,Mum,56,87,78,30,No,Bad,Above-7,M
F,Jordan,Jordan,MiddleSchool,G-08,A,Chemistry,F,Mum,89,95,68,85,Yes,Good,Under-7,H
M,Jordan,Palestine,MiddleSchool,G-07,A,Biology,F,Mum,24,90,52,77,Yes,Good,Under-7,H
M,Jordan,Jordan,MiddleSchool,G-07,B,Science,S,Father,41,9,14,9,No,Bad,Above-7,L
M,Jordan,Jordan,lowerlevel,G-02,A,French,S,Father,14,10,13,6,No,Bad,Above-7,L
M,Jordan,Jordan,MiddleSchool,G-07,B,Science,S,Father,41,12,13,15,No,Bad,Above-7,L
M,Jordan,Palestine,MiddleSchool,G-07,A,Biology,F,Mum,78,91,52,30,Yes,Good,Under-7,H
F,KW,KuwaIT,lowerlevel,G-02,B,IT,F,Father,13,6,36,30,No,Bad,Under-7,M
M,Egypt,Egypt,MiddleSchool,G-07,B,Science,S,Father,58,81,45,66,Yes,Good,Under-7,M
M,KW,KuwaIT,lowerlevel,G-02,B,IT,F,Father,66,73,32,20,No,Bad,Under-7,M
M,KW,KuwaIT,lowerlevel,G-02,B,IT,F,Father,1,0,1,12,No,Bad,Above-7,L
M,Palestine,Jordan,lowerlevel,G-04,B,Science,F,Mum,81,69,77,81,Yes,Good,Above-7,M
M,Jordan,Jordan,MiddleSchool,G-07,A,Biology,S,Mum,7,7,7,17,No,Bad,Above-7,L
F,KW,USA,HighSchool,G-11,A,Quran,F,Mum,66,82,60,33,No,Bad,Under-7,M
M,KW,KuwaIT,MiddleSchool,G-07,B,Science,S,Mum,84,89,69,65,Yes,Bad,Under-7,H
F,KW,KuwaIT,HighSchool,G-12,A,English,F,Father,16,15,11,46,No,Bad,Above-7,L
F,Egypt,Egypt,MiddleSchool,G-07,A,IT,F,Father,36,43,26,89,Yes,Good,Under-7,M
M,KW,KuwaIT,lowerlevel,G-02,C,IT,F,Father,12,10,20,16,No,Bad,Under-7,L
M,Iraq,Iraq,MiddleSchool,G-08,A,Geology,F,Father,60,32,33,57,Yes,Good,Above-7,M
M,KW,KuwaIT,HighSchool,G-10,A,IT,F,Father,4,6,10,6,No,Bad,Above-7,L
M,KW,KuwaIT,MiddleSchool,G-08,A,Arabic,F,Father,14,10,23,36,No,Bad,Above-7,L
M,Egypt,KuwaIT,MiddleSchool,G-07,B,Science,S,Father,27,60,35,30,No,Bad,Above-7,M
M,KW,KuwaIT,MiddleSchool,G-08,A,Arabic,S,Mum,83,82,59,36,Yes,Bad,Under-7,H
M,KW,KuwaIT,lowerlevel,G-02,B,IT,F,Father,16,24,5,13,No,Good,Above-7,L
F,Jordan,Jordan,lowerlevel,G-04,B,Science,S,Mum,16,39,26,40,No,Bad,Under-7,M
M,Jordan,Jordan,lowerlevel,G-04,B,Science,S,Mum,72,64,59,89,Yes,Good,Under-7,H
F,Jordan,Jordan,lowerlevel,G-02,A,French,F,Mum,11,79,31,25,No,Good,Under-7,M
F,Jordan,Egypt,MiddleSchool,G-07,A,Quran,F,Mum,28,80,49,89,No,Bad,Under-7,H
M,KW,KuwaIT,MiddleSchool,G-07,B,IT,S,Mum,77,92,81,84,Yes,Bad,Under-7,H
M,Palestine,Jordan,MiddleSchool,G-08,A,History,F,Father,81,83,73,29,Yes,Good,Under-7,M
M,Jordan,Jordan,MiddleSchool,G-08,A,Chemistry,F,Mum,52,51,45,28,Yes,Good,Above-7,L
M,venzuela,venzuela,HighSchool,G-10,A,IT,F,Mum,49,55,52,45,Yes,Good,Under-7,H
M,KW,KuwaIT,MiddleSchool,G-08,A,Arabic,S,Mum,85,71,72,42,No,Bad,Under-7,H
M,Tunis,KuwaIT,MiddleSchool,G-07,B,Science,S,Father,20,18,20,5,No,Bad,Above-7,L
F,Jordan,Jordan,MiddleSchool,G-07,A,Biology,F,Mum,52,79,39,18,Yes,Good,Above-7,M
M,Iran,Iran,MiddleSchool,G-08,C,Spanish,S,Mum,27,41,32,61,Yes,Bad,Above-7,M
M,KW,KuwaIT,MiddleSchool,G-08,A,Arabic,F,Father,16,11,16,20,No,Bad,Above-7,L
M,KW,KuwaIT,MiddleSchool,G-07,B,IT,S,Mum,69,89,87,78,Yes,Bad,Under-7,H
M,Jordan,Jordan,MiddleSchool,G-08,A,History,S,Mum,77,81,73,31,Yes,Good,Above-7,M
M,Jordan,Jordan,lowerlevel,G-02,B,Arabic,F,Mum,19,86,54,66,Yes,Bad,Above-7,M
M,KW,KuwaIT,MiddleSchool,G-07,B,Science,S,Mum,81,74,84,80,Yes,Bad,Under-7,H
F,lebanon,lebanon,MiddleSchool,G-06,A,English,S,Mum,90,62,80,60,Yes,Good,Under-7,H
M,Jordan,Jordan,MiddleSchool,G-06,A,English,F,Father,38,47,10,20,Yes,Bad,Above-7,M
F,KW,KuwaIT,lowerlevel,G-04,A,History,S,Father,48,71,45,56,No,Good,Under-7,M
M,Jordan,SaudiArabia,MiddleSchool,G-08,A,Geology,S,Father,82,80,54,70,No,Bad,Under-7,M
M,KW,KuwaIT,lowerlevel,G-02,B,IT,F,Father,14,34,13,28,No,Bad,Under-7,L
M,Jordan,Jordan,MiddleSchool,G-07,B,Biology,S,Father,58,86,22,27,No,Bad,Under-7,M
M,Syria,Jordan,MiddleSchool,G-08,A,Spanish,S,Father,15,9,15,67,Yes,Good,Above-7,L
M,KW,KuwaIT,HighSchool,G-12,A,English,F,Father,20,17,17,21,No,Bad,Above-7,L
M,KW,KuwaIT,MiddleSchool,G-08,B,Spanish,S,Mum,90,79,67,73,Yes,Bad,Under-7,H
F,KW,KuwaIT,lowerlevel,G-02,B,IT,F,Father,21,16,23,17,No,Good,Above-7,L
M,Jordan,Jordan,lowerlevel,G-02,B,Arabic,S,Mum,58,61,59,93,Yes,Good,Under-7,M
M,KW,KuwaIT,MiddleSchool,G-08,B,Spanish,S,Father,67,63,78,41,Yes,Bad,Under-7,M
M,KW,KuwaIT,HighSchool,G-11,B,Math,S,Mum,81,79,77,74,Yes,Good,Above-7,H
M,Iraq,Iraq,MiddleSchool,G-06,A,English,S,Mum,74,60,56,37,No,Good,Under-7,H
M,KW,KuwaIT,HighSchool,G-11,B,Math,S,Mum,80,82,79,80,Yes,Good,Above-7,H
M,KW,KuwaIT,MiddleSchool,G-08,B,Spanish,S,Father,64,62,78,42,Yes,Bad,Under-7,M
M,Lybia,Lybia,lowerlevel,G-02,A,French,S,Mum,16,20,17,7,No,Good,Above-7,L
F,Jordan,Jordan,MiddleSchool,G-08,A,Geology,F,Father,43,72,62,41,Yes,Good,Above-7,M
F,Jordan,Jordan,lowerlevel,G-02,B,French,S,Mum,75,91,69,69,No,Good,Under-7,H
F,Palestine,Palestine,lowerlevel,G-04,A,Science,S,Mum,67,69,72,86,Yes,Good,Under-7,H
F,Jordan,Jordan,MiddleSchool,G-08,A,Geology,S,Mum,84,89,32,39,Yes,Good,Under-7,H
F,Jordan,Jordan,MiddleSchool,G-08,A,Chemistry,S,Father,79,72,44,19,Yes,Good,Under-7,H
M,Jordan,Jordan,MiddleSchool,G-08,A,Chemistry,F,Mum,73,88,63,13,Yes,Good,Above-7,M
M,Iraq,Iraq,MiddleSchool,G-08,A,Chemistry,S,Father,58,93,60,54,Yes,Good,Under-7,H
F,KW,KuwaIT,lowerlevel,G-04,A,History,S,Father,71,72,54,51,Yes,Good,Under-7,M
F,Jordan,Jordan,lowerlevel,G-02,B,French,S,Mum,24,77,19,14,Yes,Good,Under-7,M
F,Jordan,Jordan,MiddleSchool,G-08,A,History,F,Father,21,10,14,57,No,Bad,Above-7,L
M,Jordan,Jordan,lowerlevel,G-02,A,Arabic,F,Father,25,36,38,58,Yes,Good,Above-7,M
F,KW,KuwaIT,MiddleSchool,G-07,A,Math,F,Father,8,56,24,39,Yes,Good,Under-7,M
M,Morocco,Morocco,MiddleSchool,G-08,A,Arabic,S,Mum,79,72,58,50,No,Bad,Under-7,M
F,KW,KuwaIT,lowerlevel,G-04,A,History,S,Father,79,91,82,92,Yes,Good,Under-7,M
M,Jordan,Jordan,MiddleSchool,G-07,A,Biology,F,Father,71,85,39,60,Yes,Bad,Under-7,M
M,KW,KuwaIT,MiddleSchool,G-08,B,Arabic,S,Father,39,26,13,31,Yes,Good,Under-7,M
M,KW,KuwaIT,lowerlevel,G-02,B,IT,F,Father,17,50,0,69,No,Bad,Above-7,L
M,Jordan,Jordan,lowerlevel,G-02,A,Arabic,S,Father,28,12,38,26,No,Bad,Under-7,M
F,Jordan,Jordan,MiddleSchool,G-08,A,History,S,Father,19,96,42,47,Yes,Good,Under-7,M
M,KW,KuwaIT,MiddleSchool,G-08,B,Arabic,S,Father,40,70,11,18,No,Bad,Under-7,M
F,Jordan,Jordan,lowerlevel,G-04,B,Science,S,Mum,15,49,24,41,No,Bad,Under-7,M
M,Lybia,Lybia,lowerlevel,G-02,B,French,S,Mum,11,4,11,12,No,Good,Above-7,L
M,KW,KuwaIT,lowerlevel,G-04,A,History,S,Father,7,16,19,12,No,Bad,Above-7,L
F,lebanon,lebanon,MiddleSchool,G-08,A,Arabic,S,Father,19,15,12,29,No,Bad,Under-7,M
M,KW,KuwaIT,lowerlevel,G-04,A,Math,S,Father,60,50,51,46,Yes,Good,Under-7,H
M,KW,KuwaIT,MiddleSchool,G-07,A,Math,F,Father,77,82,23,71,Yes,Good,Under-7,H
M,Jordan,Jordan,lowerlevel,G-02,B,Arabic,F,Mum,38,89,18,70,Yes,Good,Under-7,M
M,Iraq,Iraq,MiddleSchool,G-08,A,Geology,F,Father,44,48,34,80,Yes,Good,Above-7,M
M,KW,KuwaIT,MiddleSchool,G-07,B,IT,F,Father,66,70,50,83,No,Bad,Above-7,M
M,Jordan,Jordan,lowerlevel,G-02,A,Arabic,F,Father,47,54,79,27,Yes,Good,Above-7,M
F,KW,KuwaIT,MiddleSchool,G-07,B,Science,S,Father,33,24,36,56,Yes,Good,Under-7,M
M,Iraq,Iraq,MiddleSchool,G-07,B,Biology,F,Father,74,92,84,81,Yes,Good,Under-7,H
M,Jordan,Jordan,MiddleSchool,G-06,A,English,S,Father,18,28,40,20,Yes,Bad,Above-7,M
M,Jordan,Jordan,MiddleSchool,G-06,A,English,S,Father,26,23,25,38,Yes,Bad,Above-7,M
M,Jordan,Jordan,lowerlevel,G-02,B,Arabic,S,Mum,55,85,62,73,Yes,Bad,Above-7,M
M,Jordan,Jordan,lowerlevel,G-04,A,Science,F,Father,10,12,20,13,No,Bad,Above-7,L
M,Iraq,Iraq,MiddleSchool,G-08,A,Chemistry,S,Father,80,90,80,83,Yes,Good,Under-7,H
M,KW,KuwaIT,MiddleSchool,G-08,A,Arabic,S,Father,49,72,49,37,Yes,Good,Under-7,M
M,KW,KuwaIT,lowerlevel,G-02,B,IT,F,Father,19,46,53,77,No,Good,Above-7,M
M,Iraq,Iraq,MiddleSchool,G-08,A,Geology,S,Father,59,68,56,80,Yes,Good,Above-7,M
M,KW,KuwaIT,MiddleSchool,G-08,A,Spanish,S,Father,8,3,8,33,Yes,Good,Under-7,L
M,KW,KuwaIT,lowerlevel,G-04,A,English,S,Mum,29,18,7,26,No,Bad,Above-7,L
F,KW,KuwaIT,HighSchool,G-12,A,English,F,Father,56,46,38,53,Yes,Good,Under-7,M
M,KW,KuwaIT,MiddleSchool,G-08,A,Arabic,F,Father,25,15,12,33,No,Bad,Above-7,L
M,Jordan,Jordan,lowerlevel,G-04,B,Science,S,Mum,79,76,63,89,Yes,Good,Under-7,H
M,Iraq,Iraq,lowerlevel,G-04,A,Science,S,Father,80,74,52,57,Yes,Good,Above-7,M
F,Jordan,Jordan,MiddleSchool,G-06,A,English,S,Mum,81,80,36,75,Yes,Good,Under-7,H
F,KW,KuwaIT,lowerlevel,G-02,C,IT,F,Mum,63,85,22,42,Yes,Good,Above-7,M
M,Jordan,Jordan,lowerlevel,G-02,B,Arabic,F,Father,6,9,26,80,No,Bad,Above-7,L
F,lebanon,lebanon,MiddleSchool,G-07,A,Quran,S,Father,42,78,42,49,No,Bad,Under-7,M
M,Iraq,Iraq,lowerlevel,G-02,B,Arabic,S,Mum,75,86,36,31,Yes,Good,Under-7,H
M,KW,KuwaIT,lowerlevel,G-02,C,IT,S,Father,5,1,11,3,No,Bad,Above-7,L
F,Jordan,Jordan,lowerlevel,G-02,B,Arabic,F,Father,11,20,20,98,No,Bad,Above-7,L
M,KW,KuwaIT,HighSchool,G-10,A,IT,F,Father,10,7,11,50,No,Bad,Above-7,L
M,KW,KuwaIT,lowerlevel,G-02,C,IT,F,Mum,14,13,3,28,Yes,Good,Under-7,M
F,Jordan,Jordan,MiddleSchool,G-08,A,Chemistry,F,Father,4,7,3,8,No,Bad,Above-7,L
F,KW,KuwaIT,HighSchool,G-12,A,English,F,Father,13,16,12,28,No,Bad,Above-7,L
M,Jordan,Jordan,MiddleSchool,G-06,A,English,S,Father,23,46,9,20,No,Bad,Under-7,H
F,KW,KuwaIT,MiddleSchool,G-06,A,Math,S,Father,81,72,67,32,No,Bad,Above-7,M
M,Jordan,Jordan,lowerlevel,G-02,B,Arabic,F,Father,10,10,40,51,No,Bad,Above-7,L
M,Morocco,Morocco,MiddleSchool,G-08,B,Arabic,S,Father,16,12,26,30,No,Bad,Above-7,L
M,Iraq,Iraq,lowerlevel,G-02,A,Arabic,F,Father,80,90,29,34,Yes,Good,Under-7,H
F,KW,KuwaIT,lowerlevel,G-02,C,IT,F,Father,5,8,4,24,No,Bad,Above-7,L
M,KW,KuwaIT,lowerlevel,G-04,A,History,S,Father,30,65,50,50,Yes,Bad,Above-7,M
F,Jordan,Jordan,MiddleSchool,G-08,A,Chemistry,S,Father,21,67,12,11,Yes,Good,Under-7,H
M,Jordan,Jordan,lowerlevel,G-02,A,French,S,Father,32,1,26,37,No,Good,Above-7,L
M,Palestine,Jordan,MiddleSchool,G-06,A,English,S,Mum,45,73,29,12,Yes,Good,Under-7,H
F,Jordan,Palestine,lowerlevel,G-02,A,French,S,Mum,60,74,81,31,Yes,Good,Under-7,M
F,KW,KuwaIT,HighSchool,G-12,A,English,F,Mum,29,82,48,89,Yes,Good,Under-7,H
M,KW,KuwaIT,MiddleSchool,G-07,A,Quran,F,Father,11,14,10,45,No,Good,Above-7,L
F,Jordan,Jordan,MiddleSchool,G-06,A,English,F,Mum,43,29,23,31,No,Bad,Under-7,M
M,Jordan,Jordan,MiddleSchool,G-07,B,Biology,F,Father,51,58,11,28,No,Bad,Under-7,M
F,Jordan,Jordan,MiddleSchool,G-07,B,Science,S,Mum,73,26,42,80,Yes,Good,Under-7,H
M,KW,KuwaIT,MiddleSchool,G-08,B,Spanish,S,Father,61,78,82,52,Yes,Bad,Under-7,M
F,KW,KuwaIT,lowerlevel,G-02,B,IT,F,Father,30,39,49,32,No,Bad,Under-7,M
M,lebanon,Jordan,MiddleSchool,G-08,A,Arabic,S,Mum,87,65,82,33,Yes,Good,Under-7,H
F,Iraq,Iraq,lowerlevel,G-02,B,Arabic,S,Mum,60,87,50,43,Yes,Good,Under-7,H
M,KW,KuwaIT,MiddleSchool,G-07,A,Math,F,Father,11,7,10,6,Yes,Good,Above-7,L
M,KW,KuwaIT,lowerlevel,G-02,B,IT,F,Father,52,74,48,22,Yes,Good,Above-7,H
F,KW,KuwaIT,HighSchool,G-09,A,IT,F,Father,73,66,50,56,Yes,Good,Under-7,M
F,Jordan,Palestine,lowerlevel,G-02,A,French,F,Mum,72,77,51,71,Yes,Good,Under-7,M
M,Egypt,Egypt,MiddleSchool,G-07,B,Science,S,Mum,88,83,80,64,Yes,Good,Under-7,H
M,KW,KuwaIT,MiddleSchool,G-07,A,Math,F,Father,14,12,5,22,Yes,Good,Above-7,L
M,Jordan,Jordan,MiddleSchool,G-08,A,Geology,F,Mum,44,41,42,45,Yes,Good,Under-7,M
M,Jordan,SaudiArabia,MiddleSchool,G-08,C,Spanish,S,Mum,31,91,69,12,Yes,Good,Under-7,H
F,KW,KuwaIT,lowerlevel,G-02,B,IT,F,Father,21,16,31,17,No,Bad,Under-7,M
M,KW,KuwaIT,MiddleSchool,G-07,A,Math,F,Father,13,11,5,19,Yes,Good,Above-7,L
M,Jordan,Jordan,MiddleSchool,G-06,A,English,F,Father,34,32,40,24,Yes,Bad,Above-7,M
M,Jordan,Jordan,MiddleSchool,G-06,A,English,F,Father,46,11,5,36,No,Bad,Under-7,M
M,Jordan,Jordan,MiddleSchool,G-06,A,English,F,Father,56,80,14,19,Yes,Good,Above-7,M
F,Jordan,Jordan,MiddleSchool,G-06,A,English,F,Mum,83,84,70,62,No,Bad,Under-7,M
F,Jordan,Jordan,lowerlevel,G-02,A,French,F,Mum,79,97,42,19,Yes,Good,Under-7,H
M,Jordan,SaudiArabia,MiddleSchool,G-08,C,Spanish,S,Mum,55,90,56,25,Yes,Good,Under-7,H
F,KW,KuwaIT,lowerlevel,G-02,B,IT,F,Father,7,20,2,26,No,Bad,Under-7,L
F,SaudiArabia,SaudiArabia,MiddleSchool,G-08,B,Arabic,S,Mum,71,41,42,30,Yes,Bad,Above-7,H
F,SaudiArabia,SaudiArabia,lowerlevel,G-02,B,French,S,Father,85,65,62,60,Yes,Bad,Under-7,H
M,Jordan,Jordan,MiddleSchool,G-07,A,Biology,S,Father,65,89,64,82,No,Good,Under-7,H
M,Iran,Iran,MiddleSchool,G-08,A,Spanish,S,Mum,61,35,31,21,No,Bad,Above-7,M
M,KW,KuwaIT,MiddleSchool,G-08,C,Spanish,S,Father,5,16,34,12,No,Good,Above-7,L
M,KW,KuwaIT,lowerlevel,G-04,A,History,S,Father,66,83,72,51,Yes,Bad,Above-7,M
M,Tunis,KuwaIT,MiddleSchool,G-07,B,Science,S,Father,22,51,48,10,No,Bad,Above-7,L
M,KW,KuwaIT,MiddleSchool,G-08,A,Spanish,S,Mum,63,63,37,36,No,Bad,Under-7,M
M,Palestine,Palestine,MiddleSchool,G-07,A,Biology,F,Father,77,35,38,39,Yes,Good,Under-7,H
M,Jordan,Jordan,lowerlevel,G-04,B,Science,F,Mum,66,49,69,77,Yes,Good,Under-7,H
M,Jordan,Jordan,lowerlevel,G-04,B,Science,S,Father,33,26,21,29,No,Good,Above-7,M
F,Jordan,Jordan,lowerlevel,G-02,B,French,F,Mum,10,94,40,11,Yes,Good,Under-7,M
M,Jordan,Jordan,MiddleSchool,G-08,A,History,S,Mum,78,47,59,40,Yes,Good,Above-7,M
F,Jordan,Jordan,MiddleSchool,G-08,A,Chemistry,S,Father,5,7,12,20,No,Bad,Above-7,L
M,KW,KuwaIT,MiddleSchool,G-08,B,Arabic,S,Father,41,80,9,19,No,Bad,Under-7,M
M,Jordan,Jordan,MiddleSchool,G-08,A,Chemistry,F,Mum,75,72,64,39,Yes,Good,Above-7,L
F,KW,KuwaIT,lowerlevel,G-07,A,IT,F,Father,2,15,8,37,Yes,Good,Above-7,L
M,Iraq,Iraq,lowerlevel,G-04,A,Science,F,Father,79,79,68,64,Yes,Good,Above-7,M
M,Palestine,Jordan,MiddleSchool,G-08,A,History,S,Father,45,53,39,62,Yes,Good,Under-7,M
M,KW,KuwaIT,lowerlevel,G-02,B,IT,F,Father,6,3,3,43,No,Bad,Above-7,L
F,KW,USA,HighSchool,G-11,A,Quran,S,Mum,73,73,77,57,Yes,Good,Under-7,H
M,Jordan,Jordan,lowerlevel,G-04,B,Science,S,Father,42,34,29,39,No,Good,Above-7,M
M,Jordan,Jordan,MiddleSchool,G-08,A,Geology,F,Mum,31,16,28,11,Yes,Good,Under-7,M
F,Jordan,Jordan,lowerlevel,G-04,A,Science,S,Father,33,23,5,47,No,Bad,Above-7,L
M,KW,KuwaIT,lowerlevel,G-02,B,IT,F,Father,2,7,9,55,Yes,Good,Above-7,L
M,KW,KuwaIT,lowerlevel,G-02,B,French,S,Mum,36,27,20,21,No,Good,Under-7,M
M,Jordan,Jordan,lowerlevel,G-04,B,Science,F,Mum,65,59,74,83,Yes,Good,Under-7,H
F,Jordan,Jordan,lowerlevel,G-02,A,French,S,Mum,29,77,26,21,Yes,Good,Above-7,M
F,KW,KuwaIT,HighSchool,G-09,A,IT,F,Father,48,53,46,81,Yes,Good,Under-7,M
M,Palestine,Palestine,MiddleSchool,G-08,A,Geology,S,Father,32,85,27,25,Yes,Good,Under-7,M
M,KW,KuwaIT,MiddleSchool,G-08,B,Arabic,S,Father,30,5,19,28,Yes,Good,Under-7,M
F,KW,KuwaIT,MiddleSchool,G-07,B,IT,F,Father,69,81,56,77,Yes,Good,Under-7,M
M,KW,KuwaIT,HighSchool,G-10,A,IT,F,Father,24,39,14,40,Yes,Good,Under-7,M
M,KW,KuwaIT,MiddleSchool,G-07,A,Quran,S,Father,63,90,47,34,Yes,Good,Under-7,H
M,Jordan,Jordan,lowerlevel,G-02,A,Arabic,F,Father,29,87,34,24,Yes,Good,Above-7,M
F,Jordan,Jordan,MiddleSchool,G-06,A,English,S,Mum,84,86,69,74,No,Good,Under-7,H
M,KW,KuwaIT,lowerlevel,G-04,A,English,S,Mum,38,20,8,15,No,Bad,Above-7,L
M,Tunis,Tunis,MiddleSchool,G-08,C,Spanish,S,Father,8,45,18,12,No,Bad,Above-7,L
M,Tunis,KuwaIT,MiddleSchool,G-07,B,Science,S,Father,23,35,34,8,No,Bad,Above-7,L
M,Egypt,KuwaIT,MiddleSchool,G-07,B,Science,S,Father,35,37,35,66,No,Bad,Above-7,M
M,lebanon,lebanon,MiddleSchool,G-08,A,Math,F,Father,20,14,12,19,No,Bad,Above-7,L
M,Jordan,Jordan,MiddleSchool,G-06,A,English,S,Father,26,37,27,35,Yes,Bad,Above-7,M
M,Jordan,Jordan,lowerlevel,G-02,B,French,S,Mum,45,92,38,41,No,Bad,Under-7,M
M,Iraq,Iraq,MiddleSchool,G-08,A,History,S,Father,48,67,50,71,Yes,Good,Above-7,M
M,KW,KuwaIT,MiddleSchool,G-07,A,IT,F,Father,8,10,25,42,Yes,Good,Above-7,L
M,Jordan,Jordan,MiddleSchool,G-07,B,Biology,S,Father,53,88,9,33,No,Bad,Under-7,M
F,Jordan,lebanon,MiddleSchool,G-07,A,Quran,S,Mum,76,61,47,53,Yes,Bad,Under-7,H
F,Jordan,Jordan,lowerlevel,G-04,A,Science,S,Father,30,17,13,18,No,Bad,Above-7,L
M,KW,KuwaIT,MiddleSchool,G-08,C,Spanish,S,Father,17,21,42,14,Yes,Good,Under-7,M
M,Jordan,Jordan,lowerlevel,G-02,A,French,F,Mum,30,47,41,34,Yes,Good,Under-7,H
M,Iraq,Iraq,MiddleSchool,G-08,A,Chemistry,F,Father,90,91,80,81,Yes,Good,Under-7,H
M,Egypt,Egypt,MiddleSchool,G-07,B,Science,S,Mum,91,92,55,89,Yes,Good,Under-7,H
M,SaudiArabia,USA,HighSchool,G-11,B,Math,S,Father,66,71,77,65,Yes,Bad,Under-7,H
F,Jordan,Jordan,MiddleSchool,G-08,A,Geology,F,Mum,97,76,62,71,Yes,Good,Under-7,H
F,Jordan,Jordan,lowerlevel,G-02,B,IT,F,Mum,70,88,55,40,Yes,Good,Under-7,H
F,Jordan,Jordan,MiddleSchool,G-08,A,Chemistry,S,Father,6,5,5,6,No,Bad,Above-7,L
M,Jordan,Jordan,lowerlevel,G-02,B,Arabic,S,Father,29,3,27,21,No,Bad,Above-7,L
M,Jordan,Jordan,MiddleSchool,G-07,A,IT,F,Father,54,67,41,39,No,Bad,Under-7,M
M,Jordan,Jordan,lowerlevel,G-02,B,French,S,Father,20,58,21,24,Yes,Good,Under-7,M
F,Jordan,Jordan,lowerlevel,G-02,B,Arabic,S,Father,10,11,25,71,No,Bad,Above-7,L
M,Jordan,Jordan,lowerlevel,G-02,B,French,S,Mum,57,77,49,31,Yes,Good,Under-7,H
M,Jordan,Jordan,lowerlevel,G-02,B,French,S,Father,18,31,25,31,Yes,Good,Under-7,M
M,Jordan,Jordan,MiddleSchool,G-08,A,Chemistry,S,Mum,46,81,64,40,Yes,Good,Above-7,M
M,lebanon,lebanon,MiddleSchool,G-08,C,Spanish,S,Father,56,22,21,18,Yes,Good,Under-7,M
F,lebanon,lebanon,lowerlevel,G-02,B,French,S,Mum,65,77,70,20,Yes,Bad,Under-7,H
M,KW,KuwaIT,lowerlevel,G-02,B,IT,F,Father,43,28,3,14,No,Bad,Above-7,L
F,KW,KuwaIT,lowerlevel,G-02,B,IT,F,Father,15,3,34,15,No,Bad,Under-7,M
M,Jordan,Jordan,MiddleSchool,G-08,A,Chemistry,F,Mum,85,90,58,8,Yes,Good,Above-7,M
M,KW,KuwaIT,lowerlevel,G-02,B,IT,F,Father,19,25,10,23,Yes,Good,Above-7,L
M,Jordan,Jordan,lowerlevel,G-02,A,French,F,Mum,60,92,83,23,Yes,Good,Under-7,H
M,KW,KuwaIT,MiddleSchool,G-07,A,Math,F,Father,25,19,15,27,Yes,Good,Above-7,L
M,KW,KuwaIT,MiddleSchool,G-08,C,Spanish,S,Father,7,18,26,34,No,Good,Above-7,L
F,KW,KuwaIT,MiddleSchool,G-06,A,IT,S,Father,62,47,39,53,Yes,Bad,Under-7,M
M,Jordan,Jordan,MiddleSchool,G-08,A,Chemistry,S,Mum,81,82,69,13,Yes,Good,Above-7,M
F,Jordan,Jordan,lowerlevel,G-04,B,Science,S,Mum,63,68,63,49,Yes,Good,Under-7,H
F,KW,KuwaIT,lowerlevel,G-02,B,IT,F,Father,0,0,5,80,Yes,Good,Above-7,L
M,Tunis,Tunis,MiddleSchool,G-07,A,Quran,S,Father,10,75,55,11,Yes,Good,Under-7,M
F,KW,KuwaIT,MiddleSchool,G-07,A,English,F,Father,26,63,29,20,Yes,Bad,Above-7,M
M,Jordan,SaudiArabia,MiddleSchool,G-08,A,Chemistry,S,Father,10,8,8,43,No,Bad,Above-7,L
M,KW,KuwaIT,lowerlevel,G-02,B,IT,F,Father,5,20,1,50,Yes,Good,Above-7,L
M,Iraq,Iraq,MiddleSchool,G-07,B,Biology,F,Father,92,89,81,73,Yes,Good,Under-7,H
M,KW,KuwaIT,lowerlevel,G-04,A,IT,F,Father,29,23,7,42,Yes,Good,Under-7,M
M,KW,KuwaIT,MiddleSchool,G-07,A,Math,F,Father,14,18,7,48,Yes,Bad,Under-7,L
F,Jordan,Jordan,MiddleSchool,G-08,A,Geology,S,Father,69,52,30,39,No,Bad,Under-7,M
M,Iraq,Iraq,MiddleSchool,G-07,B,Biology,S,Father,78,93,59,52,Yes,Good,Under-7,H
M,Jordan,Jordan,MiddleSchool,G-08,A,Chemistry,F,Mum,60,53,36,43,Yes,Good,Above-7,M
M,Jordan,Jordan,MiddleSchool,G-07,B,Science,S,Mum,62,65,51,55,No,Bad,Under-7,M
M,KW,KuwaIT,MiddleSchool,G-07,A,IT,F,Father,8,5,7,18,No,Bad,Above-7,L
M,Jordan,USA,MiddleSchool,G-07,A,Quran,F,Mum,91,91,53,43,No,Bad,Under-7,M
M,KW,KuwaIT,lowerlevel,G-04,A,IT,F,Father,20,20,3,25,Yes,Good,Under-7,M
F,Jordan,Jordan,lowerlevel,G-02,B,French,S,Mum,67,83,6,76,No,Bad,Under-7,H
F,Jordan,Jordan,MiddleSchool,G-08,A,Chemistry,S,Father,7,1,3,23,No,Bad,Above-7,L
M,KW,KuwaIT,lowerlevel,G-02,C,IT,F,Father,63,54,16,52,No,Bad,Under-7,M
M,KW,KuwaIT,MiddleSchool,G-07,A,Math,F,Father,59,32,26,8,Yes,Good,Above-7,L
M,Jordan,Jordan,MiddleSchool,G-08,B,Arabic,S,Father,11,8,8,16,No,Bad,Above-7,L
M,KW,KuwaIT,MiddleSchool,G-08,A,Arabic,S,Mum,79,76,38,40,Yes,Good,Under-7,H
M,Jordan,Palestine,MiddleSchool,G-07,A,Biology,S,Mum,82,98,51,27,Yes,Good,Under-7,H
M,Jordan,Jordan,lowerlevel,G-04,A,Science,F,Father,23,33,40,47,No,Good,Above-7,M
M,KW,KuwaIT,MiddleSchool,G-07,B,Science,S,Father,10,10,16,21,No,Bad,Above-7,L
M,Tunis,Tunis,HighSchool,G-11,B,Science,S,Father,68,54,51,40,No,Good,Under-7,M
M,Palestine,Jordan,lowerlevel,G-04,B,Science,S,Mum,78,83,80,70,Yes,Good,Above-7,M
M,Jordan,Jordan,lowerlevel,G-02,B,French,S,Mum,52,79,55,71,Yes,Good,Under-7,H
F,Jordan,Jordan,MiddleSchool,G-08,A,Chemistry,S,Father,0,4,8,26,No,Bad,Above-7,L
M,KW,KuwaIT,lowerlevel,G-02,B,IT,F,Father,65,87,53,36,Yes,Good,Under-7,H
F,Jordan,Jordan,MiddleSchool,G-08,A,Geology,S,Father,67,82,62,22,No,Bad,Under-7,M
F,KW,KuwaIT,lowerlevel,G-07,A,IT,F,Father,1,12,6,38,Yes,Good,Above-7,L
M,Tunis,Tunis,MiddleSchool,G-08,C,Spanish,S,Father,7,61,22,14,No,Bad,Above-7,L
F,KW,KuwaIT,MiddleSchool,G-08,A,Arabic,F,Father,29,75,32,35,No,Bad,Under-7,M
M,KW,KuwaIT,lowerlevel,G-04,A,English,S,Mum,40,15,17,9,No,Bad,Above-7,L
M,SaudiArabia,SaudiArabia,HighSchool,G-11,A,Quran,S,Father,82,80,48,60,Yes,Good,Under-7,H
M,KW,KuwaIT,MiddleSchool,G-08,A,Spanish,S,Mum,49,38,4,20,No,Bad,Under-7,M
F,Jordan,Jordan,MiddleSchool,G-08,A,Geology,F,Mum,89,88,81,49,Yes,Good,Under-7,H
M,KW,KuwaIT,lowerlevel,G-02,C,IT,F,Father,12,11,19,17,No,Bad,Under-7,L
M,lebanon,lebanon,MiddleSchool,G-08,A,Math,F,Father,15,10,9,33,No,Bad,Above-7,L
M,KW,KuwaIT,MiddleSchool,G-08,C,Spanish,S,Mum,93,73,70,83,Yes,Bad,Under-7,H
M,KW,KuwaIT,lowerlevel,G-04,A,IT,F,Father,29,42,30,61,No,Bad,Above-7,M
F,Morocco,Morocco,lowerlevel,G-02,B,French,S,Mum,72,65,73,66,Yes,Good,Under-7,H
M,Jordan,Jordan,lowerlevel,G-02,A,French,F,Father,52,56,47,33,No,Bad,Above-7,L
F,Iraq,Iraq,lowerlevel,G-02,B,Arabic,F,Mum,77,80,54,54,Yes,Good,Under-7,H
M,Tunis,Tunis,MiddleSchool,G-08,C,Spanish,S,Father,7,52,29,18,No,Bad,Above-7,L
F,lebanon,lebanon,MiddleSchool,G-08,A,Arabic,S,Father,21,41,37,32,No,Bad,Under-7,M
M,Palestine,Jordan,MiddleSchool,G-08,A,History,F,Father,57,84,72,42,Yes,Good,Under-7,M
M,Jordan,Jordan,MiddleSchool,G-06,A,English,S,Father,22,20,6,26,No,Bad,Under-7,H
M,KW,KuwaIT,MiddleSchool,G-07,A,IT,F,Father,29,22,9,20,Yes,Good,Under-7,M
F,KW,KuwaIT,HighSchool,G-11,A,Science,F,Mum,44,74,20,66,Yes,Good,Under-7,H
F,KW,KuwaIT,MiddleSchool,G-07,B,Science,S,Mum,39,46,36,58,Yes,Good,Above-7,M
M,Jordan,Palestine,MiddleSchool,G-07,A,Biology,F,Mum,78,91,50,40,Yes,Good,Under-7,H
F,KW,KuwaIT,MiddleSchool,G-07,A,IT,F,Mum,89,77,56,61,Yes,Good,Under-7,M
F,KW,USA,HighSchool,G-11,A,Quran,F,Mum,32,48,27,38,No,Bad,Under-7,M
M,KW,KuwaIT,lowerlevel,G-04,A,IT,F,Father,33,31,23,34,No,Bad,Above-7,L
M,KW,KuwaIT,lowerlevel,G-02,B,IT,F,Father,9,3,12,54,Yes,Good,Above-7,L
M,Palestine,Palestine,MiddleSchool,G-07,A,Biology,S,Father,93,78,70,87,Yes,Good,Under-7,H
M,KW,KuwaIT,MiddleSchool,G-07,B,IT,F,Father,5,2,6,60,Yes,Good,Above-7,L
F,Lybia,Lybia,MiddleSchool,G-07,B,Biology,F,Mum,7,7,2,7,No,Good,Above-7,L
F,Jordan,Jordan,lowerlevel,G-02,B,French,S,Mum,21,85,31,48,No,Good,Under-7,H
F,KW,KuwaIT,lowerlevel,G-07,A,IT,F,Father,23,27,7,40,Yes,Good,Above-7,L
M,Jordan,Jordan,lowerlevel,G-02,B,French,S,Father,41,24,23,29,No,Bad,Above-7,L
M,KW,KuwaIT,MiddleSchool,G-07,A,Quran,S,Father,75,86,49,31,Yes,Good,Under-7,H
M,Palestine,Jordan,MiddleSchool,G-08,A,History,F,Father,73,81,40,63,Yes,Good,Under-7,M
F,Jordan,Jordan,lowerlevel,G-02,B,French,S,Father,42,52,61,35,Yes,Bad,Above-7,M
M,Jordan,Jordan,MiddleSchool,G-08,A,History,S,Mum,35,42,34,37,Yes,Good,Above-7,M
M,KW,KuwaIT,MiddleSchool,G-08,A,Arabic,F,Father,45,37,32,36,No,Bad,Above-7,L
M,Iraq,Iraq,MiddleSchool,G-08,A,Geology,S,Father,72,83,85,77,Yes,Good,Above-7,M
M,Jordan,Jordan,lowerlevel,G-04,B,Science,S,Mum,39,31,44,59,Yes,Good,Under-7,H
F,Jordan,Jordan,MiddleSchool,G-08,A,History,S,Father,28,51,48,25,Yes,Good,Under-7,M
M,Palestine,Jordan,MiddleSchool,G-07,B,Biology,S,Father,100,94,92,76,Yes,Good,Under-7,H
M,Tunis,Tunis,MiddleSchool,G-07,A,Quran,F,Father,16,44,8,15,Yes,Bad,Above-7,L
M,Jordan,Jordan,lowerlevel,G-02,B,Arabic,S,Mum,32,82,59,63,Yes,Bad,Above-7,M
M,KW,KuwaIT,lowerlevel,G-02,C,IT,F,Father,34,37,12,38,No,Bad,Under-7,M
M,KW,KuwaIT,MiddleSchool,G-07,A,Math,F,Father,9,17,22,52,Yes,Bad,Under-7,L
M,Iraq,Iraq,lowerlevel,G-04,A,Science,S,Father,78,75,79,47,Yes,Good,Above-7,M
F,KW,KuwaIT,lowerlevel,G-02,C,IT,F,Father,58,56,50,37,No,Bad,Above-7,L
M,Lybia,Lybia,lowerlevel,G-02,B,French,F,Mum,20,3,9,3,No,Good,Above-7,L
F,Jordan,Jordan,MiddleSchool,G-08,A,Geology,S,Mum,83,79,78,70,Yes,Good,Under-7,H
M,Jordan,Jordan,lowerlevel,G-02,A,Arabic,F,Father,14,49,45,17,No,Bad,Under-7,M
M,KW,KuwaIT,lowerlevel,G-02,B,IT,F,Father,4,8,16,85,Yes,Good,Above-7,L
M,Morocco,Morocco,MiddleSchool,G-08,A,Arabic,S,Mum,78,68,53,50,No,Bad,Under-7,M
M,Morocco,Morocco,MiddleSchool,G-08,A,Arabic,S,Mum,41,72,46,41,No,Bad,Under-7,M
F,KW,KuwaIT,lowerlevel,G-02,C,IT,F,Mum,30,33,32,40,Yes,Good,Above-7,M
M,SaudiArabia,USA,HighSchool,G-11,A,Science,S,Father,29,67,52,71,Yes,Good,Under-7,M
M,Tunis,Tunis,MiddleSchool,G-07,A,Quran,F,Father,26,55,4,19,Yes,Bad,Above-7,L
F,Jordan,Jordan,MiddleSchool,G-08,A,Chemistry,S,Father,29,14,8,12,No,Bad,Above-7,L
M,KW,KuwaIT,MiddleSchool,G-07,B,IT,F,Mum,54,84,30,35,Yes,Good,Under-7,H
M,Jordan,Jordan,MiddleSchool,G-08,A,Geology,F,Mum,68,84,71,75,Yes,Good,Under-7,M
M,KW,KuwaIT,MiddleSchool,G-06,A,IT,F,Father,3,12,5,6,No,Bad,Above-7,L
M,Jordan,Jordan,MiddleSchool,G-07,A,Biology,F,Mum,8,11,14,7,No,Bad,Above-7,L
M,KW,KuwaIT,HighSchool,G-12,A,English,F,Father,30,2,27,23,No,Bad,Above-7,L
F,Palestine,Jordan,lowerlevel,G-02,A,French,S,Mum,61,84,22,41,No,Good,Under-7,M
M,Egypt,Egypt,lowerlevel,G-04,A,Math,S,Mum,55,94,45,16,No,Bad,Above-7,M
M,Jordan,Jordan,MiddleSchool,G-08,A,Geology,S,Mum,22,79,38,30,Yes,Good,Under-7,M
F,KW,KuwaIT,HighSchool,G-09,A,IT,F,Father,26,32,29,61,Yes,Good,Under-7,M
M,KW,KuwaIT,MiddleSchool,G-07,A,Math,F,Father,21,21,27,12,No,Bad,Above-7,L
M,Jordan,Jordan,lowerlevel,G-02,A,French,S,Father,20,15,29,9,No,Bad,Above-7,L
F,Jordan,Jordan,MiddleSchool,G-07,B,Science,S,Mum,59,81,75,62,Yes,Good,Above-7,M
M,Palestine,Jordan,MiddleSchool,G-07,B,Biology,S,Father,92,96,87,86,Yes,Good,Under-7,H
F,Jordan,Jordan,MiddleSchool,G-06,A,English,F,Mum,55,50,27,28,No,Good,Under-7,H
M,Egypt,Egypt,lowerlevel,G-04,A,Math,S,Mum,73,84,44,48,No,Bad,Above-7,M
F,KW,KuwaIT,lowerlevel,G-04,A,History,S,Father,62,64,52,83,Yes,Good,Under-7,M
M,KW,KuwaIT,HighSchool,G-12,A,English,F,Father,37,20,12,24,No,Bad,Above-7,L
F,KW,KuwaIT,MiddleSchool,G-06,A,Quran,S,Father,29,12,5,15,No,Bad,Above-7,L
M,KW,KuwaIT,lowerlevel,G-02,B,IT,F,Father,7,4,10,50,No,Good,Above-7,M
M,KW,KuwaIT,MiddleSchool,G-07,A,IT,F,Father,43,43,38,45,No,Good,Under-7,M
F,lebanon,lebanon,MiddleSchool,G-08,A,Arabic,S,Father,23,23,44,41,No,Bad,Under-7,M
F,KW,KuwaIT,MiddleSchool,G-07,A,IT,F,Father,60,60,33,90,No,Bad,Above-7,M
M,Iraq,Iraq,lowerlevel,G-02,A,Arabic,F,Father,74,85,78,60,Yes,Good,Under-7,H
M,Palestine,Jordan,MiddleSchool,G-06,A,English,F,Mum,72,31,34,35,Yes,Good,Under-7,H
M,Jordan,Jordan,lowerlevel,G-02,A,French,S,Father,12,1,8,14,No,Good,Above-7,L
F,KW,KuwaIT,MiddleSchool,G-07,B,Science,S,Father,64,71,48,69,Yes,Good,Under-7,M
M,KW,KuwaIT,lowerlevel,G-04,A,History,S,Father,58,68,24,35,Yes,Good,Under-7,H
M,KW,KuwaIT,MiddleSchool,G-07,A,IT,F,Father,19,44,13,73,No,Bad,Under-7,M
M,KW,KuwaIT,lowerlevel,G-02,B,IT,F,Father,49,18,16,54,Yes,Bad,Above-7,M
M,Iran,Iran,lowerlevel,G-02,B,French,S,Mum,13,17,36,56,No,Good,Above-7,L
M,KW,KuwaIT,lowerlevel,G-02,C,IT,F,Father,7,9,16,13,No,Bad,Under-7,L
F,Jordan,Jordan,MiddleSchool,G-07,A,Biology,F,Mum,80,74,45,34,Yes,Good,Above-7,M
M,KW,KuwaIT,lowerlevel,G-02,B,IT,F,Father,9,1,0,54,No,Bad,Above-7,L
M,KW,KuwaIT,lowerlevel,G-02,B,French,S,Father,23,62,37,60,Yes,Good,Under-7,H
M,Jordan,Jordan,MiddleSchool,G-07,B,Biology,S,Father,62,88,29,26,No,Bad,Under-7,M
M,Lybia,Lybia,lowerlevel,G-02,A,French,F,Mum,7,9,7,13,No,Good,Above-7,L
F,Jordan,Jordan,lowerlevel,G-02,A,Arabic,F,Father,36,50,14,56,No,Bad,Above-7,L
M,KW,KuwaIT,lowerlevel,G-02,B,IT,F,Father,15,44,6,37,No,Bad,Under-7,L
F,KW,KuwaIT,MiddleSchool,G-07,A,Math,F,Father,34,43,14,39,Yes,Good,Under-7,M
M,KW,KuwaIT,MiddleSchool,G-08,B,Spanish,S,Father,75,73,58,39,Yes,Bad,Under-7,M
F,KW,KuwaIT,HighSchool,G-12,A,English,F,Father,28,59,29,28,No,Bad,Above-7,M
M,KW,KuwaIT,MiddleSchool,G-06,A,IT,F,Father,0,6,4,21,No,Bad,Above-7,L
M,lebanon,lebanon,MiddleSchool,G-08,A,Arabic,S,Mum,8,22,20,35,No,Bad,Above-7,L
F,KW,KuwaIT,lowerlevel,G-02,B,IT,F,Father,56,82,16,10,Yes,Good,Under-7,H
M,KW,KuwaIT,MiddleSchool,G-08,B,Arabic,S,Mum,36,90,52,62,Yes,Bad,Under-7,H
F,SaudiArabia,SaudiArabia,MiddleSchool,G-07,B,Science,F,Father,45,86,37,65,Yes,Good,Under-7,M
F,lebanon,lebanon,MiddleSchool,G-08,A,Arabic,S,Mum,52,65,60,56,Yes,Good,Under-7,H
M,KW,KuwaIT,HighSchool,G-12,A,English,F,Father,26,25,22,33,No,Good,Above-7,L
M,Egypt,KuwaIT,MiddleSchool,G-07,B,Science,S,Father,31,40,32,71,No,Bad,Above-7,M
F,lebanon,lebanon,MiddleSchool,G-06,A,English,S,Mum,46,78,65,74,Yes,Good,Under-7,H
F,KW,KuwaIT,lowerlevel,G-02,B,IT,F,Father,12,24,26,43,Yes,Good,Under-7,M
F,Palestine,Palestine,lowerlevel,G-04,A,Science,F,Mum,34,27,44,50,Yes,Good,Under-7,H
M,KW,KuwaIT,MiddleSchool,G-07,B,IT,S,Mum,66,81,83,86,Yes,Bad,Under-7,H
M,KW,KuwaIT,MiddleSchool,G-08,A,Arabic,S,Mum,58,55,43,43,Yes,Good,Under-7,M
F,Jordan,Jordan,lowerlevel,G-02,B,French,F,Mum,17,97,17,10,No,Good,Under-7,H
M,KW,KuwaIT,MiddleSchool,G-07,A,Math,F,Father,31,11,6,20,No,Bad,Above-7,L
M,Jordan,SaudiArabia,MiddleSchool,G-08,A,Geology,F,Father,83,83,72,61,No,Bad,Under-7,M
M,Jordan,Jordan,lowerlevel,G-02,B,Arabic,S,Father,12,36,32,55,Yes,Bad,Above-7,L
M,KW,KuwaIT,lowerlevel,G-02,B,IT,F,Father,47,59,38,30,No,Bad,Under-7,M
M,Jordan,Jordan,MiddleSchool,G-08,A,Geology,S,Mum,76,79,54,81,Yes,Good,Under-7,M
M,Palestine,Palestine,MiddleSchool,G-08,A,Geology,S,Father,54,41,22,30,Yes,Good,Under-7,M
M,KW,KuwaIT,MiddleSchool,G-07,A,Math,F,Father,70,76,60,61,Yes,Good,Under-7,M
M,Palestine,Palestine,MiddleSchool,G-08,A,Geology,S,Father,85,88,79,70,Yes,Good,Under-7,M
F,KW,KuwaIT,MiddleSchool,G-07,B,IT,F,Father,10,12,4,80,No,Bad,Under-7,M
F,lebanon,lebanon,MiddleSchool,G-08,A,Arabic,S,Mum,57,67,60,51,Yes,Good,Under-7,H
F,KW,KuwaIT,lowerlevel,G-04,A,IT,F,Father,42,46,17,61,Yes,Bad,Above-7,M
M,KW,KuwaIT,MiddleSchool,G-08,A,Arabic,S,Mum,63,85,46,44,Yes,Bad,Under-7,H
M,Jordan,Jordan,MiddleSchool,G-08,A,Geology,S,Mum,45,30,35,26,Yes,Good,Under-7,M
M,Jordan,Jordan,lowerlevel,G-02,B,French,F,Mum,61,90,65,29,Yes,Good,Under-7,H
M,KW,KuwaIT,lowerlevel,G-02,B,IT,F,Father,18,24,8,35,No,Bad,Above-7,L
M,Palestine,Jordan,MiddleSchool,G-06,A,English,S,Mum,75,59,62,40,No,Good,Under-7,M
F,lebanon,lebanon,MiddleSchool,G-08,A,Arabic,S,Mum,47,69,45,36,Yes,Good,Under-7,H
M,Iran,Iran,HighSchool,G-09,A,IT,F,Mum,28,70,52,34,Yes,Good,Under-7,M
M,Jordan,Jordan,MiddleSchool,G-08,A,Chemistry,F,Mum,61,79,52,15,Yes,Good,Above-7,M
F,Jordan,Jordan,lowerlevel,G-04,A,Science,S,Father,34,19,13,32,No,Bad,Above-7,L
M,Iraq,Iraq,MiddleSchool,G-06,A,English,F,Mum,62,85,29,40,No,Good,Under-7,H
M,Jordan,Jordan,lowerlevel,G-02,A,Arabic,S,Father,22,34,40,40,Yes,Good,Above-7,M
M,Palestine,Jordan,MiddleSchool,G-06,A,English,S,Mum,92,31,42,27,Yes,Good,Under-7,H
F,Jordan,Jordan,MiddleSchool,G-08,A,Geology,S,Father,64,82,70,55,Yes,Good,Above-7,M
M,Palestine,Jordan,MiddleSchool,G-08,A,History,S,Father,52,86,50,41,Yes,Good,Under-7,M
M,KW,KuwaIT,MiddleSchool,G-08,C,Spanish,S,Father,53,53,74,33,Yes,Good,Under-7,M
F,KW,KuwaIT,HighSchool,G-12,A,English,F,Mum,51,47,39,58,Yes,Good,Under-7,H
M,Tunis,Tunis,MiddleSchool,G-07,A,Quran,S,Father,26,81,42,9,Yes,Good,Under-7,M
M,Egypt,Egypt,MiddleSchool,G-07,B,Science,S,Father,75,84,68,88,Yes,Good,Under-7,M
F,USA,USA,MiddleSchool,G-07,A,Math,F,Father,26,26,25,45,No,Good,Under-7,M
M,KW,KuwaIT,MiddleSchool,G-07,A,Math,F,Father,14,19,32,28,Yes,Bad,Under-7,L
M,Jordan,Jordan,MiddleSchool,G-07,A,Biology,F,Father,75,78,81,88,No,Good,Under-7,H
M,KW,KuwaIT,lowerlevel,G-02,C,IT,F,Mum,71,69,53,16,Yes,Good,Under-7,M
M,SaudiArabia,SaudiArabia,lowerlevel,G-02,B,IT,F,Father,75,48,55,55,Yes,Good,Under-7,H
M,Tunis,Tunis,lowerlevel,G-02,B,French,S,Mum,74,82,79,45,Yes,Good,Under-7,H
M,KW,KuwaIT,MiddleSchool,G-08,B,Arabic,S,Father,32,28,17,27,Yes,Good,Under-7,M
M,Syria,Syria,lowerlevel,G-02,A,French,S,Father,30,26,26,34,No,Bad,Under-7,M
M,Palestine,Palestine,MiddleSchool,G-08,A,Geology,S,Father,53,56,56,48,Yes,Good,Under-7,M
M,Jordan,Jordan,MiddleSchool,G-08,A,History,S,Mum,88,66,80,66,Yes,Good,Under-7,H
M,Jordan,Jordan,lowerlevel,G-04,B,Science,S,Mum,71,31,50,91,Yes,Good,Under-7,H
M,Jordan,Jordan,MiddleSchool,G-08,A,Geology,S,Mum,71,84,67,80,Yes,Good,Under-7,M
M,Iran,Iran,lowerlevel,G-02,B,French,S,Father,9,13,10,44,No,Bad,Above-7,L
M,Tunis,Tunis,lowerlevel,G-02,B,French,S,Mum,76,65,13,49,Yes,Bad,Under-7,H
F,lebanon,lebanon,lowerlevel,G-02,B,French,S,Mum,75,90,51,17,Yes,Good,Under-7,H
M,Jordan,Jordan,lowerlevel,G-02,B,French,F,Mum,46,82,64,29,No,Bad,Under-7,M
M,KW,KuwaIT,MiddleSchool,G-07,A,IT,F,Father,8,7,8,67,No,Bad,Above-7,L
M,KW,KuwaIT,lowerlevel,G-02,B,IT,F,Father,70,70,40,47,Yes,Bad,Under-7,H
M,Jordan,Jordan,MiddleSchool,G-07,B,Biology,S,Father,45,90,17,38,No,Bad,Under-7,M
M,KW,KuwaIT,MiddleSchool,G-08,A,Spanish,S,Father,19,12,6,23,Yes,Good,Under-7,L
F,Jordan,Palestine,lowerlevel,G-02,A,French,F,Mum,63,60,51,63,Yes,Good,Under-7,M
M,KW,KuwaIT,MiddleSchool,G-07,B,Math,F,Father,46,67,23,12,Yes,Good,Under-7,M
M,KW,KuwaIT,MiddleSchool,G-07,A,Math,F,Father,71,51,61,49,No,Bad,Above-7,M
M,Iraq,Iraq,lowerlevel,G-04,A,Science,F,Father,90,86,82,74,Yes,Good,Above-7,M
M,Jordan,USA,MiddleSchool,G-07,A,Quran,F,Mum,93,74,76,59,No,Bad,Under-7,M
F,Jordan,Jordan,MiddleSchool,G-08,A,History,S,Father,15,33,48,33,Yes,Good,Under-7,M
F,Jordan,Palestine,lowerlevel,G-02,A,French,F,Mum,48,86,47,54,Yes,Good,Under-7,M
F,Palestine,Jordan,lowerlevel,G-02,A,Arabic,S,Mum,68,89,47,49,No,Good,Under-7,H
M,Jordan,Jordan,MiddleSchool,G-07,B,Science,S,Mum,56,80,46,51,No,Bad,Under-7,M
M,Lybia,Lybia,lowerlevel,G-02,B,French,F,Mum,26,6,11,15,No,Good,Above-7,L
F,Jordan,Jordan,lowerlevel,G-02,A,French,F,Mum,66,95,22,7,Yes,Good,Under-7,H
M,Palestine,Jordan,MiddleSchool,G-06,A,English,S,Mum,99,80,90,38,Yes,Good,Under-7,H
F,Jordan,Jordan,MiddleSchool,G-08,A,Geology,S,Mum,84,77,79,68,Yes,Good,Under-7,H
F,lebanon,lebanon,MiddleSchool,G-06,A,English,S,Mum,82,66,79,71,Yes,Good,Under-7,H
M,Jordan,Jordan,MiddleSchool,G-08,A,Chemistry,F,Mum,56,63,65,16,Yes,Good,Under-7,M
M,KW,KuwaIT,lowerlevel,G-04,A,Arabic,S,Father,17,14,7,35,No,Bad,Above-7,L
M,KW,KuwaIT,lowerlevel,G-02,B,IT,F,Father,21,23,11,37,No,Good,Above-7,L
M,Jordan,Jordan,MiddleSchool,G-08,A,Geology,S,Mum,46,66,65,52,Yes,Good,Under-7,M
F,Jordan,Jordan,lowerlevel,G-02,B,Arabic,S,Father,27,29,39,79,No,Bad,Above-7,L
M,Jordan,Jordan,lowerlevel,G-02,A,French,F,Father,8,10,14,49,No,Bad,Above-7,L
M,KW,KuwaIT,lowerlevel,G-02,C,IT,F,Mum,21,13,11,26,No,Bad,Above-7,L
F,Jordan,Jordan,MiddleSchool,G-08,A,Chemistry,F,Father,19,10,3,12,No,Bad,Above-7,L
F,KW,KuwaIT,MiddleSchool,G-07,A,IT,F,Father,13,11,3,59,No,Bad,Above-7,L
M,KW,KuwaIT,MiddleSchool,G-06,A,IT,F,Father,3,4,2,47,No,Bad,Above-7,L
M,Egypt,Egypt,lowerlevel,G-04,A,Math,S,Mum,47,94,40,12,No,Bad,Above-7,M
M,Jordan,Jordan,MiddleSchool,G-06,A,English,F,Father,40,16,9,20,No,Bad,Under-7,M
F,KW,KuwaIT,lowerlevel,G-02,C,IT,F,Mum,61,63,56,42,No,Good,Under-7,H
M,Jordan,Jordan,lowerlevel,G-02,A,French,F,Father,10,14,12,25,No,Bad,Above-7,L
M,KW,KuwaIT,MiddleSchool,G-08,A,Spanish,S,Mum,42,91,18,50,Yes,Good,Under-7,H
F,KW,KuwaIT,HighSchool,G-09,A,IT,F,Father,41,43,37,89,Yes,Good,Under-7,M
M,KW,KuwaIT,MiddleSchool,G-08,A,Arabic,S,Mum,66,88,81,29,Yes,Bad,Under-7,H
F,Jordan,Jordan,lowerlevel,G-02,B,French,F,Mum,69,84,66,59,No,Good,Under-7,H
M,KW,KuwaIT,MiddleSchool,G-08,A,Spanish,S,Mum,67,69,18,64,Yes,Good,Under-7,H
F,Jordan,Jordan,MiddleSchool,G-06,A,English,F,Mum,57,61,38,35,No,Bad,Under-7,M
M,SaudiArabia,SaudiArabia,HighSchool,G-11,A,Quran,S,Father,83,78,50,67,Yes,Good,Under-7,H
F,Jordan,Jordan,MiddleSchool,G-08,A,Chemistry,F,Father,27,98,29,21,Yes,Good,Under-7,H
F,Jordan,Jordan,MiddleSchool,G-06,A,English,S,Mum,93,84,66,58,No,Good,Under-7,H
M,KW,KuwaIT,lowerlevel,G-02,B,IT,F,Father,21,10,32,43,No,Bad,Above-7,L
F,Jordan,Jordan,lowerlevel,G-02,B,French,S,Father,77,79,69,19,Yes,Bad,Above-7,M
F,Jordan,lebanon,MiddleSchool,G-07,A,Quran,S,Mum,93,83,38,55,Yes,Bad,Under-7,H
M,Jordan,Jordan,MiddleSchool,G-07,A,Biology,S,Father,68,88,59,70,No,Good,Under-7,H
M,KW,KuwaIT,MiddleSchool,G-07,A,IT,F,Father,6,21,28,21,Yes,Good,Above-7,L
M,KW,KuwaIT,MiddleSchool,G-08,A,Spanish,S,Mum,46,21,25,25,No,Bad,Under-7,M
F,Jordan,Palestine,lowerlevel,G-02,A,French,F,Mum,61,32,32,40,Yes,Good,Under-7,M
M,KW,KuwaIT,MiddleSchool,G-07,B,Science,F,Father,16,13,9,38,No,Bad,Above-7,L
M,KW,KuwaIT,MiddleSchool,G-08,A,Arabic,S,Mum,70,28,32,57,Yes,Good,Under-7,M
M,Palestine,Palestine,MiddleSchool,G-08,A,Geology,F,Father,54,86,54,51,Yes,Good,Under-7,M
M,KW,KuwaIT,MiddleSchool,G-08,A,Spanish,S,Father,14,21,23,15,No,Bad,Above-7,L
M,KW,KuwaIT,MiddleSchool,G-08,C,Spanish,S,Father,45,56,28,26,No,Bad,Under-7,M
M,venzuela,venzuela,HighSchool,G-10,A,IT,F,Mum,84,75,76,53,Yes,Good,Under-7,H
M,Jordan,Jordan,lowerlevel,G-02,B,Arabic,F,Father,63,35,37,20,No,Bad,Above-7,L
M,Iraq,Iraq,MiddleSchool,G-08,A,History,S,Father,69,94,23,24,Yes,Good,Above-7,M
M,KW,KuwaIT,MiddleSchool,G-07,A,Quran,S,Father,13,9,15,16,No,Bad,Above-7,L
M,USA,USA,lowerlevel,G-02,B,IT,F,Father,52,83,51,37,Yes,Good,Under-7,H
M,Tunis,Tunis,MiddleSchool,G-07,A,Quran,S,Father,32,59,45,19,Yes,Good,Under-7,M
M,Iraq,Iraq,MiddleSchool,G-06,A,English,F,Mum,54,70,26,19,No,Good,Under-7,H
F,Jordan,Jordan,MiddleSchool,G-08,A,Geology,S,Mum,78,77,69,49,Yes,Good,Above-7,M
M,Jordan,Jordan,MiddleSchool,G-06,A,English,S,Father,46,38,37,32,Yes,Bad,Above-7,M
M,KW,KuwaIT,lowerlevel,G-04,A,English,S,Father,58,91,39,51,Yes,Good,Under-7,H
M,Jordan,Jordan,MiddleSchool,G-08,A,Geology,F,Mum,69,67,49,55,Yes,Good,Under-7,M
M,KW,KuwaIT,MiddleSchool,G-07,B,Science,F,Mum,8,6,4,22,Yes,Good,Above-7,L
F,Jordan,Jordan,MiddleSchool,G-08,A,Geology,S,Father,29,78,40,12,Yes,Good,Above-7,M
F,Iran,Iran,lowerlevel,G-02,C,IT,F,Father,29,53,31,35,Yes,Good,Under-7,M
M,Jordan,Jordan,MiddleSchool,G-07,A,IT,F,Father,16,24,8,20,Yes,Good,Above-7,L
M,Jordan,Jordan,lowerlevel,G-02,A,Arabic,F,Father,43,52,74,16,No,Bad,Under-7,M
F,KW,KuwaIT,lowerlevel,G-04,A,IT,F,Father,66,63,45,36,Yes,Bad,Above-7,M
F,KW,KuwaIT,lowerlevel,G-04,A,History,S,Father,56,57,55,65,No,Good,Under-7,M
F,Egypt,Egypt,MiddleSchool,G-07,A,IT,F,Father,45,54,26,90,Yes,Good,Under-7,M
F,KW,USA,HighSchool,G-11,A,Quran,F,Mum,63,75,47,41,No,Bad,Under-7,M
M,KW,KuwaIT,MiddleSchool,G-08,B,Spanish,S,Mum,83,82,51,79,Yes,Bad,Under-7,H
M,Jordan,Jordan,lowerlevel,G-04,B,Science,F,Father,21,20,24,33,No,Good,Above-7,M
F,Jordan,Jordan,lowerlevel,G-02,B,Arabic,F,Father,45,31,10,33,No,Bad,Above-7,L
F,Jordan,Jordan,MiddleSchool,G-06,A,English,F,Mum,42,60,47,40,No,Bad,Under-7,M
F,Jordan,Jordan,MiddleSchool,G-08,A,History,F,Father,55,84,63,80,Yes,Good,Under-7,M
F,SaudiArabia,SaudiArabia,MiddleSchool,G-07,B,Science,F,Father,50,90,37,70,Yes,Good,Under-7,M
M,KW,KuwaIT,HighSchool,G-10,A,IT,F,Father,64,81,57,65,Yes,Good,Under-7,M
M,SaudiArabia,USA,HighSchool,G-11,B,Math,S,Father,46,72,65,87,Yes,Bad,Under-7,H
M,KW,KuwaIT,lowerlevel,G-02,B,French,S,Mum,30,12,29,23,No,Bad,Under-7,M
M,Jordan,Jordan,MiddleSchool,G-07,A,IT,F,Father,30,43,33,25,No,Bad,Under-7,M
M,KW,KuwaIT,MiddleSchool,G-08,A,Spanish,S,Mum,82,75,34,72,Yes,Good,Under-7,H
M,Jordan,SaudiArabia,MiddleSchool,G-08,C,Spanish,S,Mum,20,43,55,29,Yes,Good,Under-7,H
M,Jordan,Jordan,MiddleSchool,G-07,A,IT,F,Father,20,24,10,12,Yes,Good,Above-7,L
M,Jordan,SaudiArabia,MiddleSchool,G-08,A,Chemistry,S,Father,11,3,9,50,No,Bad,Above-7,L
M,KW,KuwaIT,lowerlevel,G-02,B,IT,F,Father,68,84,27,30,Yes,Bad,Under-7,H
M,KW,KuwaIT,MiddleSchool,G-07,A,Math,F,Father,12,24,15,36,Yes,Bad,Under-7,L
M,Jordan,Jordan,MiddleSchool,G-08,A,Chemistry,S,Mum,66,89,67,17,Yes,Good,Above-7,M
M,Jordan,Jordan,MiddleSchool,G-08,A,Chemistry,F,Mum,58,83,47,9,Yes,Good,Above-7,M
F,Jordan,Jordan,lowerlevel,G-02,A,French,F,Mum,56,77,23,26,Yes,Good,Above-7,M
F,KW,KuwaIT,lowerlevel,G-04,A,IT,F,Father,15,10,32,26,Yes,Bad,Above-7,M
F,Jordan,Jordan,MiddleSchool,G-07,A,Biology,S,Mum,75,73,49,22,Yes,Good,Above-7,M
M,KW,KuwaIT,lowerlevel,G-04,A,IT,F,Father,4,1,2,8,No,Bad,Above-7,L
M,Palestine,Palestine,MiddleSchool,G-07,A,Biology,S,Father,84,93,89,73,Yes,Good,Under-7,H
F,Iran,Iran,lowerlevel,G-02,C,IT,F,Father,3,33,12,47,Yes,Good,Under-7,M
M,Jordan,Jordan,lowerlevel,G-02,A,Arabic,S,Father,66,29,51,56,No,Bad,Under-7,M
M,Jordan,Jordan,MiddleSchool,G-07,A,Biology,S,Mum,6,9,8,20,No,Bad,Above-7,L
M,Iraq,Iraq,MiddleSchool,G-08,A,History,S,Father,71,83,76,90,Yes,Good,Above-7,M
F,KW,KuwaIT,MiddleSchool,G-07,B,Science,S,Father,62,68,48,80,Yes,Good,Under-7,M
M,KW,KuwaIT,lowerlevel,G-04,A,IT,F,Father,10,7,0,30,No,Bad,Above-7,L
M,Tunis,Tunis,MiddleSchool,G-07,A,Quran,F,Father,7,41,4,30,Yes,Bad,Above-7,L
F,Morocco,Morocco,lowerlevel,G-02,B,French,S,Mum,74,69,68,56,Yes,Good,Under-7,H
M,Palestine,Jordan,MiddleSchool,G-06,A,English,S,Mum,59,44,40,29,No,Good,Under-7,M
F,lebanon,lebanon,lowerlevel,G-02,B,IT,F,Father,44,76,44,9,Yes,Good,Under-7,M
F,Iraq,Iraq,MiddleSchool,G-07,A,Biology,S,Mum,89,90,49,26,Yes,Good,Under-7,H
M,Tunis,Tunis,MiddleSchool,G-08,C,Spanish,S,Mum,79,74,52,28,Yes,Good,Under-7,H
M,KW,KuwaIT,MiddleSchool,G-07,A,Quran,S,Father,84,89,28,79,Yes,Good,Under-7,H
F,KW,KuwaIT,HighSchool,G-12,A,English,F,Father,21,29,10,18,No,Bad,Under-7,M
F,KW,KuwaIT,MiddleSchool,G-08,A,Arabic,S,Father,80,74,38,37,Yes,Good,Under-7,M
M,Iran,Iran,MiddleSchool,G-08,A,Spanish,S,Mum,68,62,31,20,No,Bad,Above-7,M
M,Jordan,Jordan,MiddleSchool,G-08,A,Chemistry,S,Mum,78,85,73,56,Yes,Good,Under-7,M
F,KW,KuwaIT,lowerlevel,G-02,B,IT,F,Father,6,37,4,28,No,Bad,Under-7,L
M,KW,KuwaIT,lowerlevel,G-04,A,IT,F,Father,30,31,21,27,Yes,Good,Under-7,M
F,KW,KuwaIT,MiddleSchool,G-08,A,Arabic,F,Father,24,88,36,43,Yes,Good,Under-7,H
F,Jordan,lebanon,lowerlevel,G-04,B,Science,S,Mum,72,86,82,77,Yes,Good,Under-7,H
M,KW,KuwaIT,HighSchool,G-09,A,IT,F,Father,9,8,8,14,Yes,Good,Above-7,L
F,KW,KuwaIT,HighSchool,G-11,A,Science,F,Mum,49,70,19,75,Yes,Good,Under-7,H
F,KW,KuwaIT,lowerlevel,G-02,C,IT,F,Mum,76,81,23,31,Yes,Good,Above-7,M
M,Iraq,Iraq,lowerlevel,G-04,A,Science,F,Father,46,38,44,35,Yes,Good,Above-7,M
M,Iran,Iran,lowerlevel,G-02,B,French,S,Father,8,5,5,28,No,Bad,Above-7,L
M,KW,KuwaIT,MiddleSchool,G-08,B,Arabic,S,Mum,21,88,50,75,Yes,Bad,Under-7,H
M,USA,USA,lowerlevel,G-02,B,IT,F,Father,62,92,45,33,Yes,Good,Under-7,H
M,KW,KuwaIT,MiddleSchool,G-08,C,Spanish,S,Father,7,16,37,16,No,Good,Above-7,L
M,Jordan,Jordan,lowerlevel,G-02,B,Arabic,S,Father,19,4,35,18,No,Bad,Above-7,L
F,Jordan,Jordan,lowerlevel,G-02,B,French,S,Mum,29,68,22,40,Yes,Good,Under-7,M
M,KW,KuwaIT,MiddleSchool,G-07,B,Science,S,Father,21,20,26,18,No,Bad,Above-7,L
M,Iraq,Iraq,lowerlevel,G-02,B,Arabic,S,Mum,81,86,24,53,Yes,Good,Under-7,H
M,Jordan,Jordan,MiddleSchool,G-07,B,Biology,S,Father,50,79,13,31,No,Bad,Under-7,M
M,Jordan,Jordan,lowerlevel,G-02,A,French,F,Father,35,11,48,35,No,Good,Above-7,L
M,Palestine,Jordan,MiddleSchool,G-07,B,Biology,S,Father,74,77,81,77,Yes,Good,Under-7,M
M,USA,USA,MiddleSchool,G-08,B,Math,F,Father,6,15,19,7,Yes,Good,Above-7,L
F,KW,KuwaIT,MiddleSchool,G-07,B,Science,S,Father,43,42,41,66,Yes,Good,Under-7,M
F,KW,KuwaIT,MiddleSchool,G-08,A,Arabic,F,Father,60,67,58,69,No,Bad,Under-7,M
M,Tunis,Tunis,MiddleSchool,G-08,C,Spanish,S,Mum,58,47,43,20,No,Bad,Under-7,M
M,Palestine,Jordan,MiddleSchool,G-07,B,Biology,S,Father,67,96,66,52,Yes,Good,Under-7,H
M,KW,KuwaIT,MiddleSchool,G-08,A,Arabic,S,Mum,67,64,72,78,Yes,Good,Under-7,H
M,Jordan,Jordan,MiddleSchool,G-07,A,Biology,S,Father,60,65,47,62,Yes,Bad,Under-7,M
F,USA,USA,MiddleSchool,G-07,A,Math,F,Father,48,48,29,28,No,Good,Under-7,M
M,Palestine,Jordan,MiddleSchool,G-06,A,English,F,Mum,67,67,58,61,Yes,Good,Under-7,M
M,KW,KuwaIT,MiddleSchool,G-08,A,Arabic,F,Father,30,12,3,22,No,Bad,Above-7,L
M,Jordan,Jordan,MiddleSchool,G-06,A,English,F,Father,61,65,58,28,No,Bad,Above-7,M
M,Jordan,Jordan,lowerlevel,G-04,A,Science,F,Father,32,35,44,38,No,Good,Above-7,M
M,KW,KuwaIT,MiddleSchool,G-07,A,IT,F,Father,20,28,17,45,No,Good,Under-7,M
F,Palestine,Palestine,lowerlevel,G-04,A,Science,S,Mum,65,60,61,90,Yes,Good,Under-7,H
M,Tunis,Tunis,MiddleSchool,G-08,C,Spanish,S,Mum,89,87,55,45,Yes,Good,Under-7,H
M,KW,KuwaIT,lowerlevel,G-04,A,IT,F,Father,45,55,4,17,Yes,Good,Under-7,M
F,Jordan,Jordan,lowerlevel,G-02,A,Arabic,F,Father,11,16,13,54,No,Bad,Above-7,L
M,Egypt,Egypt,lowerlevel,G-02,B,French,S,Mum,52,30,26,11,No,Good,Above-7,L
M,lebanon,lebanon,MiddleSchool,G-08,C,Spanish,S,Father,63,68,42,45,No,Good,Under-7,M
F,Iraq,Iraq,MiddleSchool,G-07,A,Biology,S,Mum,45,46,30,31,Yes,Good,Under-7,H
M,KW,KuwaIT,HighSchool,G-10,A,IT,F,Father,72,78,43,56,Yes,Good,Under-7,M
F,lebanon,lebanon,MiddleSchool,G-07,B,Math,F,Mum,52,66,49,45,Yes,Bad,Under-7,H
M,Palestine,Palestine,MiddleSchool,G-07,A,Biology,F,Father,88,90,86,81,Yes,Good,Under-7,H
M,Jordan,SaudiArabia,MiddleSchool,G-08,A,Geology,F,Father,82,93,37,68,No,Bad,Under-7,H
M,Jordan,Jordan,lowerlevel,G-02,A,French,F,Father,37,5,39,30,No,Good,Above-7,L
F,lebanon,lebanon,MiddleSchool,G-06,A,English,S,Mum,74,92,56,24,Yes,Good,Under-7,H
M,KW,KuwaIT,lowerlevel,G-02,B,IT,F,Father,21,18,15,9,Yes,Good,Above-7,M
M,Jordan,SaudiArabia,MiddleSchool,G-08,A,Geology,S,Father,80,89,23,68,No,Bad,Under-7,H
F,Palestine,Palestine,lowerlevel,G-04,A,Science,F,Mum,90,86,82,74,Yes,Good,Under-7,H
M,KW,KuwaIT,lowerlevel,G-04,A,IT,F,Father,10,3,2,12,No,Bad,Above-7,L
M,Tunis,SaudiArabia,MiddleSchool,G-07,A,Quran,S,Father,70,75,55,11,Yes,Bad,Under-7,M
M,KW,KuwaIT,MiddleSchool,G-07,A,Math,F,Father,12,14,13,32,Yes,Bad,Under-7,L
M,Jordan,Jordan,MiddleSchool,G-07,A,IT,F,Father,56,49,26,33,No,Bad,Under-7,M
F,Jordan,Jordan,lowerlevel,G-04,A,Science,S,Father,26,17,10,14,No,Bad,Above-7,L
M,Jordan,Jordan,lowerlevel,G-02,C,IT,F,Father,76,46,24,50,Yes,Good,Under-7,M
F,Jordan,KuwaIT,MiddleSchool,G-08,C,Spanish,S,Father,83,93,74,73,Yes,Good,Under-7,M
F,Jordan,lebanon,lowerlevel,G-04,B,Science,S,Mum,77,56,51,37,Yes,Good,Under-7,H
M,Jordan,SaudiArabia,lowerlevel,G-02,B,Arabic,S,Mum,7,5,5,11,No,Good,Above-7,L
F,Palestine,Jordan,lowerlevel,G-02,B,French,S,Father,79,89,11,14,No,Good,Under-7,M
M,Jordan,Jordan,MiddleSchool,G-07,A,IT,F,Father,14,18,10,9,Yes,Good,Above-7,L
F,Morocco,Morocco,lowerlevel,G-02,B,French,S,Mum,70,67,49,44,Yes,Good,Under-7,H
F,Jordan,Jordan,MiddleSchool,G-06,A,English,S,Mum,79,84,82,37,No,Bad,Under-7,H
M,SaudiArabia,SaudiArabia,lowerlevel,G-02,B,IT,F,Father,76,61,62,57,Yes,Good,Under-7,H
F,Jordan,Jordan,lowerlevel,G-02,B,French,F,Mum,33,89,44,34,Yes,Good,Under-7,M
M,SaudiArabia,USA,HighSchool,G-11,B,English,S,Father,71,64,26,32,No,Bad,Above-7,M
F,Jordan,Jordan,MiddleSchool,G-06,A,English,S,Mum,92,81,32,36,No,Good,Under-7,M
F,Jordan,Jordan,MiddleSchool,G-06,A,English,S,Mum,47,89,44,52,No,Good,Under-7,M
F,Jordan,Jordan,lowerlevel,G-02,B,French,S,Mum,46,86,38,13,Yes,Good,Under-7,M
M,KW,KuwaIT,MiddleSchool,G-07,B,IT,S,Mum,70,92,83,85,Yes,Bad,Under-7,H
M,Jordan,Jordan,lowerlevel,G-02,A,French,S,Mum,50,90,83,13,Yes,Good,Under-7,H
F,Jordan,Jordan,MiddleSchool,G-08,A,Geology,F,Father,50,77,14,28,No,Bad,Under-7,M
F,KW,KuwaIT,lowerlevel,G-02,B,IT,F,Father,7,6,37,13,No,Bad,Under-7,M
M,Tunis,Tunis,HighSchool,G-11,B,Science,S,Father,70,71,72,82,No,Good,Under-7,M
F,USA,USA,HighSchool,G-12,A,IT,F,Mum,46,87,38,26,Yes,Good,Under-7,H
M,SaudiArabia,SaudiArabia,lowerlevel,G-02,B,IT,F,Father,61,60,54,57,No,Bad,Above-7,M
M,Jordan,SaudiArabia,MiddleSchool,G-08,A,Chemistry,S,Father,27,9,18,12,No,Bad,Above-7,L
M,Jordan,SaudiArabia,MiddleSchool,G-08,A,Geology,S,Father,86,84,78,81,No,Bad,Under-7,M
M,KW,KuwaIT,MiddleSchool,G-08,A,Spanish,S,Father,8,10,14,12,No,Bad,Above-7,L
M,Tunis,Tunis,HighSchool,G-11,B,Science,S,Father,73,58,45,34,No,Good,Under-7,M
M,KW,KuwaIT,MiddleSchool,G-07,A,Quran,F,Father,11,12,11,53,No,Good,Above-7,L
M,KW,KuwaIT,lowerlevel,G-04,A,IT,F,Father,40,44,22,45,No,Bad,Above-7,M
M,KW,KuwaIT,lowerlevel,G-02,B,IT,F,Father,9,1,2,37,No,Bad,Above-7,L
M,KW,KuwaIT,lowerlevel,G-04,A,Math,S,Father,15,6,32,40,Yes,Good,Under-7,H
F,KW,KuwaIT,lowerlevel,G-02,B,IT,F,Father,54,84,31,78,No,Bad,Under-7,H
F,Jordan,Jordan,MiddleSchool,G-06,A,English,F,Mum,64,60,44,40,No,Bad,Under-7,M
F,Iraq,Iraq,lowerlevel,G-02,B,Arabic,F,Mum,88,92,48,40,Yes,Good,Under-7,H
M,KW,KuwaIT,MiddleSchool,G-07,A,IT,F,Father,26,29,15,89,No,Bad,Under-7,M
M,Jordan,Jordan,lowerlevel,G-04,B,Science,F,Father,25,29,34,33,No,Good,Above-7,M
F,Jordan,Jordan,lowerlevel,G-02,B,French,S,Mum,66,88,23,57,No,Good,Under-7,H
M,Jordan,Jordan,MiddleSchool,G-08,A,Geology,S,Mum,27,58,80,24,Yes,Good,Under-7,M
M,lebanon,lebanon,MiddleSchool,G-08,C,Spanish,S,Father,67,88,74,56,No,Good,Under-7,M
M,lebanon,lebanon,MiddleSchool,G-08,A,Math,F,Father,13,9,10,43,No,Bad,Above-7,L
F,KW,KuwaIT,MiddleSchool,G-06,A,IT,F,Father,30,40,22,66,Yes,Good,Under-7,M
M,SaudiArabia,SaudiArabia,lowerlevel,G-02,B,IT,F,Father,70,42,45,33,Yes,Good,Under-7,H
F,Jordan,Jordan,lowerlevel,G-04,A,Science,S,Mum,77,89,38,45,No,Good,Under-7,H
M,Jordan,Jordan,lowerlevel,G-04,B,Science,S,Father,37,44,29,53,No,Good,Above-7,M
M,Jordan,SaudiArabia,MiddleSchool,G-08,A,Geology,F,Father,85,89,32,53,No,Bad,Under-7,H
F,Jordan,Jordan,lowerlevel,G-04,A,Science,F,Father,38,43,38,31,No,Bad,Above-7,L
F,Jordan,Jordan,MiddleSchool,G-08,A,Geology,F,Mum,59,59,44,44,Yes,Good,Under-7,H
M,KW,KuwaIT,MiddleSchool,G-06,A,IT,F,Father,0,0,0,4,No,Bad,Above-7,L
M,Palestine,Jordan,lowerlevel,G-02,A,Arabic,S,Father,80,88,51,39,Yes,Good,Under-7,H
M,lebanon,lebanon,MiddleSchool,G-08,A,Arabic,S,Mum,10,18,18,33,No,Bad,Above-7,L
M,KW,KuwaIT,MiddleSchool,G-08,A,Arabic,S,Mum,85,75,62,53,Yes,Bad,Under-7,H
M,KW,KuwaIT,lowerlevel,G-02,B,French,S,Mum,77,86,72,39,Yes,Good,Under-7,H
F,Jordan,Jordan,lowerlevel,G-02,B,French,S,Mum,77,91,35,37,No,Bad,Under-7,H
M,Jordan,Jordan,MiddleSchool,G-06,A,English,F,Father,10,4,2,24,Yes,Bad,Above-7,M
M,Palestine,Palestine,MiddleSchool,G-07,A,Biology,F,Father,88,89,84,83,Yes,Good,Under-7,H
M,Tunis,Tunis,lowerlevel,G-02,B,French,S,Mum,85,75,80,51,Yes,Good,Under-7,H
F,KW,KuwaIT,HighSchool,G-09,A,IT,F,Father,56,55,42,77,No,Bad,Under-7,M
M,Syria,Syria,lowerlevel,G-02,A,French,S,Father,32,25,37,43,No,Bad,Under-7,M
F,Iraq,Iraq,MiddleSchool,G-07,A,Biology,S,Mum,86,81,59,41,Yes,Good,Under-7,H
M,KW,KuwaIT,MiddleSchool,G-08,C,Spanish,S,Father,7,35,29,15,No,Good,Above-7,L
F,Jordan,Jordan,MiddleSchool,G-08,A,Chemistry,F,Mum,57,62,25,60,Yes,Good,Under-7,H
M,KW,KuwaIT,lowerlevel,G-04,A,IT,S,Father,65,74,57,32,No,Good,Above-7,M
F,Jordan,Jordan,lowerlevel,G-04,A,Science,S,Father,18,6,5,37,No,Bad,Above-7,L
M,Palestine,Jordan,MiddleSchool,G-08,A,History,S,Father,58,88,21,36,Yes,Good,Under-7,M
M,KW,KuwaIT,MiddleSchool,G-07,B,IT,F,Father,24,37,21,44,Yes,Bad,Under-7,M
M,Jordan,Jordan,MiddleSchool,G-07,A,Biology,S,Father,35,80,34,22,No,Good,Above-7,M
F,Jordan,Jordan,lowerlevel,G-02,B,French,S,Mum,47,96,48,48,No,Good,Under-7,H
F,KW,KuwaIT,MiddleSchool,G-06,A,Math,S,Father,84,53,67,65,No,Bad,Above-7,M
M,Jordan,Jordan,MiddleSchool,G-08,A,History,F,Mum,80,90,57,67,Yes,Good,Under-7,H
M,Iran,Iran,lowerlevel,G-02,B,French,S,Father,15,4,15,43,No,Bad,Above-7,L
M,KW,KuwaIT,lowerlevel,G-04,A,IT,F,Father,6,7,12,29,No,Bad,Above-7,L
F,lebanon,lebanon,MiddleSchool,G-06,A,English,F,Mum,87,89,72,75,Yes,Good,Under-7,H
F,Jordan,Jordan,lowerlevel,G-04,A,Science,F,Father,33,23,24,60,No,Bad,Above-7,L
F,KW,KuwaIT,MiddleSchool,G-08,A,Arabic,S,Father,84,58,34,48,No,Bad,Under-7,M
M,KW,KuwaIT,lowerlevel,G-04,A,History,S,Father,38,84,61,54,Yes,Bad,Above-7,M
M,Jordan,Jordan,MiddleSchool,G-06,A,English,F,Father,50,50,29,31,No,Bad,Above-7,M
M,Jordan,Jordan,lowerlevel,G-02,A,French,S,Father,25,8,14,11,No,Bad,Above-7,L
F,KW,KuwaIT,MiddleSchool,G-08,A,Arabic,F,Father,63,81,14,74,Yes,Good,Under-7,H
F,KW,USA,HighSchool,G-11,A,Quran,S,Mum,70,80,95,70,Yes,Good,Under-7,H
M,Jordan,Jordan,MiddleSchool,G-07,B,Science,S,Mum,58,66,60,58,No,Bad,Under-7,M
M,Lybia,Lybia,lowerlevel,G-02,A,French,F,Mum,10,8,9,3,No,Good,Above-7,L
F,Jordan,Jordan,MiddleSchool,G-07,A,Biology,F,Mum,88,81,50,10,Yes,Good,Above-7,M
M,Jordan,Jordan,MiddleSchool,G-08,A,Chemistry,S,Mum,59,71,61,41,Yes,Good,Above-7,L
M,KW,KuwaIT,MiddleSchool,G-07,A,Math,F,Father,22,30,24,41,Yes,Bad,Under-7,L
M,KW,KuwaIT,lowerlevel,G-02,B,French,S,Father,70,73,57,23,Yes,Good,Under-7,H
M,KW,KuwaIT,lowerlevel,G-02,B,IT,F,Father,43,51,30,34,Yes,Bad,Above-7,M
M,Jordan,Jordan,MiddleSchool,G-07,A,Biology,F,Father,39,71,40,26,No,Good,Above-7,M
F,USA,USA,MiddleSchool,G-07,A,Math,F,Father,42,43,17,32,No,Good,Under-7,M
M,Jordan,SaudiArabia,MiddleSchool,G-08,A,Geology,S,Father,87,55,80,96,No,Bad,Under-7,M
M,KW,KuwaIT,lowerlevel,G-02,B,IT,F,Father,9,6,2,34,No,Bad,Above-7,L
F,Syria,Syria,MiddleSchool,G-07,A,Biology,S,Mum,76,78,77,61,Yes,Good,Under-7,H
M,KW,KuwaIT,lowerlevel,G-05,A,English,F,Father,7,10,1,30,No,Bad,Above-7,L
F,KW,KuwaIT,MiddleSchool,G-07,B,IT,F,Father,71,82,38,76,Yes,Good,Under-7,M
F,Jordan,Jordan,lowerlevel,G-02,A,Arabic,F,Father,42,28,11,34,No,Bad,Above-7,L
M,KW,KuwaIT,MiddleSchool,G-07,A,Quran,F,Father,12,14,19,34,No,Good,Above-7,L
M,KW,KuwaIT,MiddleSchool,G-07,B,IT,F,Father,42,40,28,41,Yes,Bad,Under-7,M
F,KW,KuwaIT,MiddleSchool,G-08,A,Arabic,F,Father,30,57,45,62,Yes,Good,Under-7,H
M,KW,KuwaIT,MiddleSchool,G-07,B,IT,F,Father,28,49,18,52,No,Bad,Above-7,M
M,Jordan,Jordan,lowerlevel,G-02,B,French,S,Father,13,18,19,87,No,Bad,Above-7,L
F,lebanon,lebanon,MiddleSchool,G-07,B,Math,F,Mum,77,78,39,37,Yes,Bad,Under-7,H
F,Jordan,Jordan,MiddleSchool,G-08,A,Chemistry,S,Father,51,95,35,14,Yes,Good,Under-7,H
F,Jordan,Jordan,MiddleSchool,G-08,A,History,S,Father,61,82,53,67,Yes,Good,Under-7,M
F,Jordan,Jordan,MiddleSchool,G-08,A,Geology,F,Mum,64,58,46,39,Yes,Good,Above-7,M
F,Lybia,Lybia,MiddleSchool,G-07,B,Biology,S,Mum,7,7,9,16,No,Good,Above-7,L
M,Jordan,Jordan,MiddleSchool,G-07,A,Biology,S,Mum,12,13,21,12,No,Bad,Above-7,L
M,Jordan,Jordan,lowerlevel,G-02,B,Arabic,F,Mum,51,86,53,63,Yes,Bad,Above-7,M
F,Palestine,Jordan,lowerlevel,G-02,B,French,F,Father,78,98,10,11,No,Good,Under-7,M
M,KW,KuwaIT,MiddleSchool,G-08,C,Spanish,S,Father,5,21,42,14,No,Good,Above-7,L
M,Jordan,Jordan,MiddleSchool,G-08,A,Chemistry,F,Mum,52,57,49,23,Yes,Good,Above-7,M
M,KW,KuwaIT,MiddleSchool,G-07,B,Math,F,Father,19,6,19,12,Yes,Good,Under-7,M
M,Syria,Syria,MiddleSchool,G-07,A,Quran,F,Father,23,76,27,48,Yes,Good,Above-7,M
M,KW,KuwaIT,lowerlevel,G-04,A,IT,F,Father,30,24,5,36,No,Bad,Above-7,L
M,Jordan,Jordan,lowerlevel,G-02,B,French,S,Mum,41,97,36,27,Yes,Good,Under-7,H
M,USA,USA,lowerlevel,G-02,B,IT,F,Father,61,78,38,33,Yes,Good,Under-7,H
M,Jordan,Jordan,lowerlevel,G-04,B,Science,S,Mum,80,67,56,83,Yes,Good,Under-7,H
F,Jordan,Jordan,MiddleSchool,G-06,A,English,S,Mum,91,92,63,51,No,Good,Under-7,H
M,KW,KuwaIT,lowerlevel,G-02,B,IT,F,Father,9,17,25,70,No,Bad,Above-7,L
F,Jordan,USA,lowerlevel,G-02,B,French,S,Mum,28,41,40,24,No,Bad,Above-7,M
F,Jordan,Jordan,lowerlevel,G-04,B,Science,F,Mum,50,73,29,25,Yes,Good,Under-7,H
F,Jordan,Jordan,MiddleSchool,G-07,B,Biology,F,Mum,61,80,17,45,No,Good,Under-7,H
F,KW,KuwaIT,lowerlevel,G-02,B,IT,F,Mum,70,92,50,7,Yes,Good,Under-7,H
M,Jordan,Jordan,MiddleSchool,G-08,A,Chemistry,S,Mum,54,57,50,32,Yes,Good,Above-7,L
M,KW,KuwaIT,lowerlevel,G-02,B,French,S,Mum,60,52,23,33,No,Good,Under-7,M
M,KW,KuwaIT,lowerlevel,G-02,B,IT,F,Father,70,90,41,33,Yes,Bad,Under-7,H
M,Jordan,Jordan,MiddleSchool,G-08,A,Chemistry,S,Mum,44,35,34,20,Yes,Good,Above-7,L
M,KW,KuwaIT,lowerlevel,G-02,B,IT,F,Father,9,11,7,48,Yes,Good,Above-7,L
F,KW,KuwaIT,MiddleSchool,G-07,A,IT,F,Father,15,7,10,21,No,Bad,Above-7,L
M,Jordan,SaudiArabia,lowerlevel,G-02,B,Arabic,S,Mum,22,3,6,8,No,Good,Above-7,L
F,Jordan,Jordan,MiddleSchool,G-08,A,Chemistry,F,Mum,69,83,37,81,Yes,Good,Under-7,H
M,Jordan,SaudiArabia,lowerlevel,G-02,B,Arabic,F,Mum,4,7,8,6,No,Good,Above-7,L
M,Jordan,Jordan,MiddleSchool,G-07,A,Biology,S,Mum,10,6,21,7,No,Bad,Above-7,L
F,Jordan,Jordan,lowerlevel,G-05,A,English,F,Mum,21,10,28,20,No,Good,Above-7,L
M,KW,KuwaIT,MiddleSchool,G-07,A,IT,F,Father,60,40,28,24,Yes,Good,Under-7,M
M,KW,KuwaIT,lowerlevel,G-05,A,English,F,Father,41,26,16,21,No,Bad,Above-7,L
F,Jordan,Jordan,MiddleSchool,G-07,B,Science,S,Mum,56,59,42,44,Yes,Good,Above-7,M
F,KW,KuwaIT,lowerlevel,G-07,A,IT,F,Father,0,14,9,34,Yes,Good,Above-7,L
M,Jordan,Jordan,lowerlevel,G-04,B,Science,F,Mum,68,64,72,77,Yes,Good,Under-7,H
M,lebanon,lebanon,lowerlevel,G-02,B,French,S,Mum,69,74,55,49,No,Bad,Under-7,M
M,KW,KuwaIT,HighSchool,G-10,A,IT,F,Father,24,26,24,49,Yes,Bad,Under-7,M
M,SaudiArabia,USA,HighSchool,G-11,B,Spanish,S,Father,10,51,40,40,No,Bad,Above-7,L
M,Iraq,Iraq,lowerlevel,G-04,A,Science,S,Father,56,41,49,72,Yes,Good,Above-7,M
F,Jordan,Jordan,lowerlevel,G-02,B,French,F,Mum,10,94,41,20,Yes,Good,Under-7,M
M,KW,KuwaIT,MiddleSchool,G-07,A,Math,F,Father,18,14,11,58,Yes,Good,Above-7,L
F,KW,KuwaIT,lowerlevel,G-02,B,IT,F,Father,9,40,6,30,No,Bad,Under-7,L
M,KW,KuwaIT,HighSchool,G-10,A,IT,F,Father,21,8,12,19,No,Bad,Above-7,L
M,Iraq,Iraq,MiddleSchool,G-08,A,Chemistry,F,Father,39,95,32,28,Yes,Good,Under-7,H
F,Palestine,Jordan,lowerlevel,G-02,A,French,F,Mum,72,83,48,53,No,Good,Under-7,M
M,KW,KuwaIT,MiddleSchool,G-08,A,Arabic,S,Father,12,18,14,44,No,Bad,Under-7,L
M,Egypt,Egypt,lowerlevel,G-04,A,Math,S,Mum,75,85,47,8,No,Bad,Above-7,M
M,Jordan,Jordan,lowerlevel,G-02,B,French,F,Mum,55,79,51,45,No,Bad,Under-7,M
M,KW,KuwaIT,MiddleSchool,G-07,B,IT,F,Father,16,7,11,12,No,Bad,Under-7,L
M,Iraq,Iraq,MiddleSchool,G-07,B,Biology,S,Father,81,84,86,88,Yes,Good,Under-7,H
F,KW,KuwaIT,MiddleSchool,G-06,A,Quran,S,Father,76,43,20,15,No,Bad,Above-7,L
F,Syria,Syria,MiddleSchool,G-07,A,Biology,S,Mum,80,91,87,72,Yes,Good,Under-7,H
M,Jordan,Jordan,lowerlevel,G-02,B,Arabic,S,Mum,14,54,21,77,Yes,Good,Under-7,M
M,KW,KuwaIT,lowerlevel,G-04,A,History,S,Father,34,31,33,45,Yes,Good,Under-7,H
M,KW,KuwaIT,lowerlevel,G-02,B,IT,F,Father,82,55,43,29,Yes,Bad,Under-7,H
F,KW,KuwaIT,MiddleSchool,G-06,A,Quran,S,Father,69,41,2,15,No,Bad,Above-7,L
F,KW,KuwaIT,lowerlevel,G-02,B,IT,F,Father,6,2,38,12,No,Bad,Under-7,M
M,Tunis,Tunis,MiddleSchool,G-07,A,Quran,S,Father,12,68,65,10,Yes,Good,Under-7,M
M,KW,KuwaIT,lowerlevel,G-04,A,Arabic,S,Father,43,31,20,46,No,Bad,Above-7,L
M,KW,KuwaIT,lowerlevel,G-02,B,IT,F,Father,76,83,85,70,Yes,Good,Under-7,H
F,Jordan,Jordan,MiddleSchool,G-08,A,Geology,F,Mum,42,82,34,39,Yes,Good,Under-7,H
M,KW,KuwaIT,MiddleSchool,G-08,A,Arabic,S,Mum,85,15,22,53,Yes,Good,Under-7,M
F,KW,KuwaIT,lowerlevel,G-02,B,IT,F,Father,2,8,8,64,Yes,Good,Above-7,L
M,KW,KuwaIT,MiddleSchool,G-07,B,Science,S,Mum,48,71,61,87,Yes,Bad,Under-7,H
M,Jordan,Jordan,MiddleSchool,G-07,A,Biology,F,Father,58,71,59,45,Yes,Bad,Under-7,M
M,KW,KuwaIT,MiddleSchool,G-07,A,Quran,S,Father,12,13,15,18,No,Bad,Above-7,L
F,Jordan,Jordan,MiddleSchool,G-07,A,Quran,S,Father,60,55,30,40,No,Bad,Under-7,M
M,KW,KuwaIT,MiddleSchool,G-08,A,Science,F,Father,75,85,52,43,Yes,Good,Under-7,M
M,Jordan,Jordan,MiddleSchool,G-07,A,Biology,S,Mum,3,9,13,17,No,Bad,Above-7,L
M,KW,KuwaIT,lowerlevel,G-04,A,IT,F,Father,9,11,33,51,No,Bad,Above-7,L
M,USA,USA,MiddleSchool,G-08,B,Math,F,Father,44,20,17,5,Yes,Good,Above-7,L
M,Iraq,Iraq,MiddleSchool,G-08,A,History,S,Father,52,90,33,36,Yes,Good,Above-7,M
F,Jordan,Jordan,MiddleSchool,G-08,A,Chemistry,F,Father,43,93,22,34,Yes,Good,Under-7,H
M,SaudiArabia,SaudiArabia,lowerlevel,G-02,B,IT,F,Father,59,66,57,49,No,Bad,Above-7,M
M,KW,KuwaIT,MiddleSchool,G-08,C,Spanish,S,Father,57,80,28,43,No,Bad,Under-7,M
M,Jordan,Jordan,lowerlevel,G-02,B,Arabic,F,Father,4,10,15,60,Yes,Bad,Above-7,L
M,KW,KuwaIT,lowerlevel,G-02,B,IT,F,Father,3,4,2,12,No,Bad,Above-7,L
M,Jordan,Jordan,lowerlevel,G-02,A,Arabic,S,Father,12,53,31,44,Yes,Good,Above-7,M
M,KW,KuwaIT,lowerlevel,G-04,A,Arabic,S,Father,34,26,10,49,No,Bad,Above-7,L
M,Jordan,Jordan,lowerlevel,G-02,B,French,S,Mum,79,79,67,86,No,Bad,Under-7,M
M,KW,KuwaIT,HighSchool,G-12,A,English,F,Mum,42,39,6,17,No,Bad,Above-7,L
F,KW,KuwaIT,HighSchool,G-11,A,Science,F,Mum,69,81,54,78,Yes,Good,Under-7,H
F,Jordan,Jordan,lowerlevel,G-02,B,French,S,Mum,81,80,22,71,No,Bad,Under-7,H
M,KW,KuwaIT,MiddleSchool,G-08,A,Spanish,S,Father,13,10,14,6,No,Bad,Above-7,L
M,KW,KuwaIT,MiddleSchool,G-08,C,Spanish,S,Mum,64,64,51,21,Yes,Good,Under-7,M
F,Jordan,Jordan,lowerlevel,G-02,B,French,S,Mum,42,74,35,32,No,Good,Under-7,H
F,Jordan,Jordan,MiddleSchool,G-08,A,History,F,Father,45,87,57,80,Yes,Good,Under-7,M
F,Palestine,Jordan,lowerlevel,G-02,A,Arabic,F,Mum,79,65,56,35,No,Good,Under-7,H
M,KW,KuwaIT,HighSchool,G-10,A,IT,F,Father,30,29,30,24,Yes,Bad,Under-7,M
M,KW,KuwaIT,lowerlevel,G-02,B,IT,F,Father,9,11,4,70,Yes,Good,Above-7,L
F,Jordan,Jordan,lowerlevel,G-02,B,French,S,Father,59,71,55,35,Yes,Bad,Above-7,M
M,Jordan,Jordan,MiddleSchool,G-08,A,Chemistry,F,Mum,74,79,38,49,Yes,Good,Above-7,M
M,Tunis,Tunis,lowerlevel,G-02,B,French,S,Mum,80,92,83,43,Yes,Good,Under-7,H
M,KW,KuwaIT,MiddleSchool,G-08,B,Arabic,S,Father,61,82,38,11,No,Bad,Under-7,M
M,Iran,Iran,lowerlevel,G-02,B,French,S,Father,10,3,8,47,No,Bad,Above-7,L
F,SaudiArabia,SaudiArabia,lowerlevel,G-02,B,French,S,Father,73,70,39,47,Yes,Bad,Under-7,H
F,Jordan,Jordan,MiddleSchool,G-08,A,Geology,F,Mum,42,69,28,50,Yes,Good,Above-7,M
M,Jordan,Jordan,lowerlevel,G-02,B,Arabic,S,Father,10,20,51,80,Yes,Bad,Above-7,L
F,KW,KuwaIT,MiddleSchool,G-07,B,IT,F,Father,44,65,46,66,Yes,Good,Under-7,M
M,Jordan,Jordan,MiddleSchool,G-08,A,Chemistry,S,Mum,70,68,56,33,Yes,Good,Under-7,M
M,Iran,Iran,MiddleSchool,G-08,C,Spanish,S,Mum,12,13,15,21,Yes,Bad,Above-7,M
M,Jordan,Jordan,lowerlevel,G-04,B,Science,S,Mum,56,75,79,90,Yes,Good,Under-7,H
F,Egypt,Egypt,MiddleSchool,G-07,A,Quran,S,Mum,59,89,53,35,Yes,Good,Under-7,H
M,Egypt,Egypt,lowerlevel,G-04,A,Math,S,Mum,34,83,39,22,No,Bad,Above-7,M
F,Jordan,Jordan,MiddleSchool,G-07,B,Biology,F,Mum,58,92,19,14,No,Good,Under-7,H
F,Jordan,Jordan,lowerlevel,G-04,A,Science,S,Father,46,28,10,17,No,Bad,Above-7,L
M,KW,KuwaIT,MiddleSchool,G-08,A,Spanish,S,Mum,68,83,16,49,Yes,Good,Under-7,H
F,KW,KuwaIT,MiddleSchool,G-07,A,IT,F,Father,14,13,3,70,No,Bad,Above-7,L
M,Jordan,Jordan,lowerlevel,G-02,B,Arabic,F,Mum,15,60,34,40,Yes,Bad,Above-7,M
M,KW,KuwaIT,MiddleSchool,G-08,C,Spanish,S,Mum,67,68,47,60,Yes,Good,Under-7,M
F,Iran,Iran,lowerlevel,G-02,C,IT,F,Father,22,30,7,44,Yes,Good,Under-7,M
F,KW,KuwaIT,lowerlevel,G-02,B,IT,F,Father,80,85,38,76,No,Bad,Under-7,H
M,KW,KuwaIT,MiddleSchool,G-08,C,Spanish,S,Mum,93,70,56,86,Yes,Bad,Under-7,H
F,Jordan,Jordan,lowerlevel,G-05,A,English,F,Mum,17,9,16,11,No,Good,Above-7,L
F,KW,USA,HighSchool,G-11,A,Quran,S,Mum,72,82,57,48,Yes,Good,Under-7,H
F,Jordan,Jordan,MiddleSchool,G-08,A,Chemistry,F,Father,68,90,46,34,Yes,Good,Under-7,H
F,Jordan,Jordan,MiddleSchool,G-08,A,Chemistry,F,Father,87,69,74,54,Yes,Good,Under-7,H
F,Palestine,Jordan,lowerlevel,G-02,A,French,F,Mum,53,87,35,39,No,Good,Under-7,M
M,Jordan,Jordan,MiddleSchool,G-08,A,Geology,S,Mum,90,86,85,10,Yes,Good,Under-7,M
M,KW,KuwaIT,MiddleSchool,G-07,A,Quran,S,Father,29,11,13,15,No,Bad,Above-7,L
M,Palestine,Jordan,lowerlevel,G-04,B,Science,S,Mum,45,47,22,40,Yes,Good,Above-7,M
M,KW,KuwaIT,lowerlevel,G-02,B,IT,F,Father,65,74,39,34,Yes,Good,Above-7,H
F,Jordan,Jordan,MiddleSchool,G-08,A,Chemistry,F,Father,66,79,52,19,Yes,Good,Under-7,H
F,Jordan,Jordan,lowerlevel,G-04,B,Science,S,Father,23,73,32,45,Yes,Bad,Under-7,M
F,Jordan,Jordan,MiddleSchool,G-06,A,English,F,Mum,66,54,40,43,No,Bad,Under-7,M
F,KW,KuwaIT,MiddleSchool,G-06,A,Quran,S,Father,23,20,9,20,No,Bad,Above-7,L
F,Jordan,Jordan,MiddleSchool,G-06,A,English,F,Mum,84,80,56,41,No,Good,Under-7,H
M,KW,KuwaIT,MiddleSchool,G-08,A,Arabic,S,Mum,91,89,65,54,Yes,Good,Under-7,M
M,Jordan,Jordan,MiddleSchool,G-07,B,Science,S,Father,52,10,13,6,No,Bad,Above-7,L
M,Jordan,Jordan,lowerlevel,G-04,B,Science,F,Mum,76,83,54,36,Yes,Good,Under-7,H
M,KW,KuwaIT,MiddleSchool,G-07,A,Math,F,Father,65,75,41,54,Yes,Good,Under-7,M
F,Jordan,Jordan,lowerlevel,G-02,A,French,S,Mum,51,92,28,17,Yes,Good,Under-7,H
F,KW,KuwaIT,MiddleSchool,G-06,A,Science,S,Father,82,90,71,83,Yes,Good,Under-7,H
F,lebanon,lebanon,MiddleSchool,G-06,A,English,F,Mum,90,83,50,71,Yes,Good,Under-7,H
M,Palestine,Jordan,MiddleSchool,G-06,A,English,F,Mum,90,64,62,51,Yes,Good,Under-7,H
M,KW,KuwaIT,MiddleSchool,G-07,A,Math,F,Father,52,21,23,20,Yes,Good,Under-7,M
M,Jordan,SaudiArabia,MiddleSchool,G-08,A,Chemistry,F,Father,11,2,7,24,No,Bad,Above-7,L
M,Syria,Syria,lowerlevel,G-02,A,French,F,Father,50,57,44,26,No,Bad,Under-7,M
F,Palestine,Jordan,lowerlevel,G-02,A,Arabic,S,Mum,78,85,59,46,No,Good,Under-7,H
M,Palestine,Jordan,lowerlevel,G-02,A,Arabic,F,Father,53,90,32,33,Yes,Good,Under-7,H
M,KW,KuwaIT,lowerlevel,G-04,A,Math,S,Father,51,50,31,44,Yes,Good,Under-7,H
F,KW,KuwaIT,MiddleSchool,G-06,A,Math,S,Father,76,56,54,55,No,Bad,Above-7,M
F,KW,KuwaIT,MiddleSchool,G-07,B,IT,F,Father,40,32,19,60,No,Bad,Under-7,M
M,SaudiArabia,USA,HighSchool,G-11,A,Science,S,Father,11,34,36,71,Yes,Good,Under-7,M
M,KW,KuwaIT,MiddleSchool,G-08,A,Spanish,S,Father,6,16,20,12,No,Bad,Above-7,L
M,Jordan,Jordan,MiddleSchool,G-07,A,IT,F,Father,20,57,41,10,Yes,Good,Above-7,L
M,Jordan,Jordan,MiddleSchool,G-08,A,Chemistry,F,Mum,40,70,27,46,Yes,Good,Above-7,L
F,KW,KuwaIT,MiddleSchool,G-07,B,Science,S,Father,29,31,51,42,Yes,Good,Under-7,M
F,lebanon,lebanon,lowerlevel,G-02,B,French,S,Mum,82,55,39,16,Yes,Bad,Under-7,H
F,Jordan,Jordan,MiddleSchool,G-08,A,Chemistry,F,Father,9,4,4,33,No,Bad,Above-7,L
F,lebanon,lebanon,lowerlevel,G-02,B,French,F,Mum,79,96,66,43,Yes,Good,Under-7,H
F,Iraq,Iraq,lowerlevel,G-02,B,French,S,Father,2,24,4,5,No,Good,Under-7,M
M,KW,KuwaIT,MiddleSchool,G-07,A,Quran,F,Father,13,6,8,39,No,Good,Above-7,L
M,lebanon,lebanon,lowerlevel,G-02,B,French,S,Mum,74,75,34,18,No,Bad,Under-7,M
M,KW,KuwaIT,MiddleSchool,G-08,C,Spanish,S,Mum,51,45,44,35,Yes,Good,Under-7,M
M,KW,KuwaIT,lowerlevel,G-04,A,English,S,Mum,22,13,10,8,No,Bad,Above-7,L
M,Iraq,Iraq,MiddleSchool,G-08,A,History,S,Father,44,81,65,72,Yes,Good,Above-7,M
M,KW,KuwaIT,MiddleSchool,G-08,A,Arabic,S,Mum,79,35,31,41,Yes,Good,Under-7,M
M,Jordan,Jordan,MiddleSchool,G-07,A,Biology,F,Mum,3,14,20,24,No,Bad,Above-7,L
F,Iraq,Iraq,MiddleSchool,G-07,A,Biology,F,Mum,84,99,50,17,Yes,Good,Under-7,H
F,KW,KuwaIT,lowerlevel,G-02,B,IT,F,Father,46,48,41,35,No,Bad,Under-7,L
M,KW,KuwaIT,MiddleSchool,G-07,B,Science,S,Mum,63,78,78,71,Yes,Good,Above-7,M
M,Jordan,Jordan,lowerlevel,G-02,A,French,F,Father,33,43,12,26,No,Bad,Above-7,L
M,KW,KuwaIT,MiddleSchool,G-07,B,IT,F,Mum,72,65,50,56,Yes,Good,Under-7,H
M,Jordan,Jordan,MiddleSchool,G-08,A,Chemistry,S,Mum,44,55,38,52,Yes,Good,Above-7,M
M,SaudiArabia,USA,HighSchool,G-11,B,Math,S,Father,63,71,59,70,Yes,Bad,Under-7,H
M,Palestine,Jordan,MiddleSchool,G-08,A,History,S,Father,81,86,77,37,Yes,Good,Under-7,M
M,lebanon,lebanon,MiddleSchool,G-08,A,Math,F,Father,21,37,35,14,No,Bad,Above-7,L
F,lebanon,lebanon,MiddleSchool,G-08,A,Arabic,S,Mum,51,64,51,40,Yes,Good,Under-7,H
M,Jordan,Jordan,lowerlevel,G-02,B,Arabic,S,Father,7,15,39,51,Yes,Bad,Above-7,L
F,KW,KuwaIT,MiddleSchool,G-06,A,IT,S,Father,50,42,52,67,Yes,Bad,Under-7,M
M,KW,KuwaIT,lowerlevel,G-02,A,IT,F,Father,8,25,1,70,No,Bad,Above-7,L
F,Jordan,Jordan,MiddleSchool,G-08,A,Chemistry,S,Father,14,11,13,76,No,Bad,Above-7,L
M,KW,KuwaIT,MiddleSchool,G-07,A,IT,F,Father,48,58,21,27,Yes,Good,Under-7,M
M,Jordan,Jordan,lowerlevel,G-02,B,French,S,Father,34,40,4,57,No,Bad,Above-7,L
M,Jordan,USA,MiddleSchool,G-07,A,Quran,F,Mum,95,77,73,62,No,Bad,Under-7,M
F,Jordan,Jordan,MiddleSchool,G-08,A,Geology,S,Mum,45,91,76,30,Yes,Good,Under-7,H
M,Tunis,KuwaIT,MiddleSchool,G-07,B,Science,S,Father,14,38,45,13,No,Bad,Above-7,L
F,Egypt,Egypt,MiddleSchool,G-07,A,Quran,S,Mum,85,84,89,78,Yes,Good,Under-7,H
M,KW,KuwaIT,MiddleSchool,G-08,C,Spanish,S,Father,11,9,24,35,Yes,Good,Under-7,M
F,KW,KuwaIT,HighSchool,G-12,A,English,F,Father,49,45,43,67,Yes,Good,Under-7,M
F,Jordan,Palestine,lowerlevel,G-02,A,French,S,Mum,75,85,73,80,Yes,Good,Under-7,M
M,KW,KuwaIT,MiddleSchool,G-08,B,Arabic,S,Father,41,31,21,50,Yes,Good,Under-7,M
M,Palestine,Jordan,MiddleSchool,G-06,A,English,S,Mum,74,52,36,25,No,Good,Under-7,M
M,Syria,Syria,lowerlevel,G-02,A,French,S,Father,69,64,57,75,No,Bad,Under-7,M
F,KW,KuwaIT,MiddleSchool,G-06,A,Math,S,Father,48,30,51,55,No,Bad,Above-7,M
M,KW,KuwaIT,lowerlevel,G-02,B,IT,F,Father,1,6,7,36,Yes,Good,Above-7,L
F,Egypt,Egypt,MiddleSchool,G-07,A,IT,F,Father,59,66,42,51,Yes,Good,Under-7,M
F,Jordan,Jordan,lowerlevel,G-02,B,French,F,Mum,19,87,25,26,No,Good,Under-7,H
M,Jordan,Jordan,lowerlevel,G-02,B,French,S,Father,50,62,13,33,No,Bad,Above-7,L
M,Jordan,Jordan,lowerlevel,G-02,B,French,S,Mum,55,72,83,14,Yes,Good,Above-7,M
M,KW,KuwaIT,MiddleSchool,G-08,B,Arabic,S,Father,72,91,32,10,No,Bad,Under-7,M
F,Jordan,Jordan,MiddleSchool,G-08,A,Chemistry,S,Father,19,98,20,2,Yes,Good,Under-7,H
M,venzuela,venzuela,HighSchool,G-10,A,IT,F,Mum,91,85,79,73,Yes,Good,Under-7,H
M,Jordan,Jordan,MiddleSchool,G-08,A,Chemistry,F,Mum,65,61,54,37,Yes,Good,Above-7,L
M,Jordan,Jordan,lowerlevel,G-02,B,Arabic,S,Father,27,4,23,25,No,Bad,Above-7,L
F,Jordan,KuwaIT,MiddleSchool,G-08,C,Spanish,S,Father,77,80,35,15,Yes,Good,Under-7,M
M,USA,USA,lowerlevel,G-02,B,IT,F,Father,54,85,35,47,Yes,Good,Under-7,H
F,KW,KuwaIT,lowerlevel,G-04,A,Science,S,Father,50,55,62,66,No,Bad,Under-7,M
M,Jordan,Jordan,lowerlevel,G-02,B,Arabic,F,Father,11,24,34,71,Yes,Bad,Above-7,L
F,Jordan,Jordan,lowerlevel,G-02,B,French,F,Mum,63,75,55,45,No,Good,Under-7,H
F,KW,KuwaIT,HighSchool,G-09,A,IT,F,Father,23,28,36,47,Yes,Good,Under-7,M
M,Jordan,Jordan,MiddleSchool,G-07,A,Biology,S,Mum,4,9,18,4,No,Bad,Above-7,L
M,KW,KuwaIT,lowerlevel,G-02,B,IT,F,Father,47,22,17,15,No,Bad,Above-7,L
F,Jordan,Jordan,lowerlevel,G-02,A,Arabic,S,Father,14,8,26,86,No,Bad,Above-7,L
M,KW,KuwaIT,MiddleSchool,G-07,B,Science,S,Father,23,14,15,21,No,Bad,Above-7,L
F,Iraq,Iraq,lowerlevel,G-02,B,Arabic,S,Mum,75,86,50,29,Yes,Good,Under-7,H
M,KW,KuwaIT,lowerlevel,G-04,A,Math,S,Father,32,39,36,40,Yes,Good,Under-7,H
M,KW,KuwaIT,MiddleSchool,G-07,B,Science,F,Mum,5,14,7,40,Yes,Good,Above-7,L
F,Jordan,Egypt,MiddleSchool,G-07,A,Quran,F,Mum,93,88,91,85,No,Bad,Under-7,H
M,Jordan,Jordan,lowerlevel,G-02,A,French,S,Father,30,10,20,5,No,Bad,Above-7,L
M,SaudiArabia,SaudiArabia,lowerlevel,G-02,B,IT,F,Father,17,17,7,10,No,Bad,Above-7,M
F,Jordan,Jordan,MiddleSchool,G-06,A,English,S,Mum,49,93,52,29,No,Bad,Under-7,H
M,lebanon,lebanon,MiddleSchool,G-08,C,Spanish,S,Father,42,58,54,54,No,Good,Under-7,M
M,Iraq,Iraq,MiddleSchool,G-08,A,Geology,S,Father,67,41,50,25,Yes,Good,Above-7,M
M,KW,KuwaIT,HighSchool,G-10,A,IT,F,Father,44,46,47,25,Yes,Bad,Under-7,M
M,Iran,Iran,lowerlevel,G-02,B,French,S,Mum,21,13,26,5,No,Good,Above-7,L
F,Jordan,Jordan,lowerlevel,G-04,B,Science,F,Mum,55,79,44,43,Yes,Good,Under-7,H
M,KW,KuwaIT,MiddleSchool,G-07,A,IT,F,Father,61,71,51,81,No,Bad,Under-7,M
F,Jordan,Jordan,lowerlevel,G-02,B,IT,F,Mum,73,89,48,39,Yes,Good,Under-7,H
M,Jordan,Jordan,MiddleSchool,G-07,A,Biology,S,Mum,9,3,6,6,No,Bad,Above-7,L
M,Jordan,Palestine,MiddleSchool,G-07,A,Biology,S,Mum,76,93,34,71,Yes,Good,Under-7,H
F,Iran,Iran,lowerlevel,G-02,C,IT,F,Father,15,22,23,42,Yes,Good,Under-7,M
M,Iran,Iran,lowerlevel,G-02,B,French,S,Father,18,10,12,51,No,Bad,Above-7,L
M,KW,KuwaIT,lowerlevel,G-02,B,IT,F,Father,88,89,56,25,Yes,Good,Under-7,H
M,Jordan,Jordan,MiddleSchool,G-08,A,Chemistry,F,Mum,53,52,46,30,Yes,Good,Above-7,L
M,KW,KuwaIT,MiddleSchool,G-08,B,Spanish,S,Father,40,43,46,61,Yes,Bad,Under-7,M
F,Jordan,lebanon,lowerlevel,G-04,B,Science,F,Mum,80,87,76,64,Yes,Good,Under-7,H
M,Jordan,Jordan,MiddleSchool,G-07,B,Science,S,Mum,76,81,69,40,No,Bad,Under-7,M
M,Tunis,Tunis,MiddleSchool,G-08,C,Spanish,S,Mum,37,42,36,21,No,Bad,Under-7,M
M,KW,KuwaIT,MiddleSchool,G-07,A,Math,F,Father,53,46,25,70,No,Bad,Above-7,M
M,Jordan,Jordan,lowerlevel,G-02,A,Arabic,S,Father,25,67,51,40,Yes,Good,Above-7,M
F,Jordan,Jordan,MiddleSchool,G-06,A,English,S,Mum,82,82,62,65,No,Good,Under-7,M
M,KW,KuwaIT,HighSchool,G-12,A,English,F,Mum,12,50,8,30,No,Bad,Above-7,L
M,KW,KuwaIT,MiddleSchool,G-08,C,Spanish,S,Mum,90,80,41,92,Yes,Bad,Under-7,H
M,Jordan,Jordan,lowerlevel,G-04,B,Science,S,Mum,84,84,30,67,Yes,Good,Under-7,H
M,Jordan,Jordan,MiddleSchool,G-07,A,Biology,F,Father,53,78,50,43,Yes,Bad,Under-7,M
M,Jordan,Jordan,lowerlevel,G-02,A,French,F,Father,5,13,38,26,No,Bad,Above-7,L
M,KW,KuwaIT,MiddleSchool,G-07,A,English,F,Father,19,13,16,43,No,Bad,Above-7,L
F,Jordan,Jordan,lowerlevel,G-04,B,Science,S,Father,19,20,17,26,Yes,Bad,Under-7,M
F,KW,KuwaIT,MiddleSchool,G-08,A,Math,F,Mum,73,79,55,68,No,Bad,Above-7,H
M,Palestine,Jordan,MiddleSchool,G-07,B,Biology,F,Father,23,93,45,19,Yes,Good,Under-7,M
F,lebanon,lebanon,lowerlevel,G-02,B,IT,F,Father,49,59,10,39,Yes,Good,Under-7,M
M,KW,KuwaIT,MiddleSchool,G-08,B,Arabic,S,Father,60,90,43,53,No,Bad,Under-7,M
M,Iraq,Iraq,MiddleSchool,G-07,B,Biology,S,Father,90,89,88,80,Yes,Good,Under-7,H
F,KW,KuwaIT,lowerlevel,G-07,A,IT,F,Father,10,28,2,27,Yes,Good,Above-7,L
F,Jordan,Jordan,MiddleSchool,G-07,B,Science,S,Mum,82,91,71,58,Yes,Good,Under-7,H
M,Jordan,Jordan,lowerlevel,G-02,A,French,S,Mum,83,87,82,61,Yes,Good,Under-7,H
M,Tunis,Tunis,MiddleSchool,G-07,A,Quran,S,Father,11,60,45,18,Yes,Good,Under-7,M
F,KW,KuwaIT,lowerlevel,G-02,B,IT,F,Mum,50,91,64,11,Yes,Good,Under-7,H
F,Jordan,Palestine,lowerlevel,G-02,A,French,F,Mum,74,75,65,74,Yes,Good,Under-7,M
M,Jordan,SaudiArabia,lowerlevel,G-02,B,Arabic,S,Mum,7,6,4,23,No,Good,Above-7,L
F,KW,KuwaIT,HighSchool,G-12,A,English,F,Mum,74,27,42,74,Yes,Good,Under-7,H
M,KW,KuwaIT,lowerlevel,G-02,B,French,S,Mum,63,53,31,42,Yes,Good,Under-7,H
M,KW,KuwaIT,lowerlevel,G-02,B,IT,F,Father,38,96,44,24,Yes,Bad,Under-7,H
M,Jordan,Jordan,MiddleSchool,G-06,A,English,S,Father,41,39,35,39,Yes,Bad,Above-7,M
M,Jordan,SaudiArabia,MiddleSchool,G-08,A,Chemistry,F,Father,33,20,9,44,No,Bad,Above-7,L
M,Jordan,SaudiArabia,MiddleSchool,G-08,A,Chemistry,F,Father,10,0,2,41,No,Bad,Above-7,L
F,Jordan,Jordan,lowerlevel,G-02,B,Arabic,S,Father,63,36,32,31,No,Bad,Above-7,L
M,Jordan,Jordan,MiddleSchool,G-08,A,Chemistry,F,Mum,38,31,44,46,Yes,Good,Under-7,M
M,KW,KuwaIT,lowerlevel,G-02,B,French,S,Mum,78,77,55,54,Yes,Good,Under-7,H
F,KW,KuwaIT,MiddleSchool,G-07,B,IT,F,Father,49,64,38,34,No,Bad,Under-7,M
M,KW,KuwaIT,MiddleSchool,G-07,A,Math,F,Father,33,50,17,50,Yes,Good,Under-7,H
M,Palestine,Jordan,MiddleSchool,G-08,A,History,F,Father,54,58,50,65,Yes,Good,Under-7,M
F,KW,KuwaIT,lowerlevel,G-02,C,IT,F,Mum,20,23,20,17,Yes,Good,Above-7,M
M,KW,KuwaIT,lowerlevel,G-04,A,IT,F,Father,8,5,1,21,No,Bad,Above-7,L
M,Jordan,Jordan,lowerlevel,G-02,A,Arabic,F,Father,15,48,52,62,Yes,Good,Above-7,M
M,Palestine,Jordan,MiddleSchool,G-06,A,English,S,Mum,56,30,39,25,No,Good,Under-7,M
M,Jordan,Jordan,lowerlevel,G-02,A,French,F,Mum,75,94,43,26,Yes,Good,Under-7,H
F,Jordan,Jordan,MiddleSchool,G-08,A,Geology,S,Mum,74,71,56,61,Yes,Good,Above-7,M
M,Morocco,Morocco,MiddleSchool,G-08,B,Arabic,S,Father,15,10,13,15,No,Bad,Above-7,L
M,Jordan,Jordan,lowerlevel,G-02,A,French,F,Father,10,15,10,21,No,Bad,Above-7,L
F,Syria,Syria,MiddleSchool,G-07,A,Biology,F,Mum,92,95,73,73,Yes,Good,Under-7,H
M,Jordan,Jordan,MiddleSchool,G-07,B,Science,S,Mum,64,69,50,79,No,Bad,Under-7,M
M,KW,KuwaIT,lowerlevel,G-04,A,IT,F,Father,37,44,11,45,No,Bad,Above-7,M
F,Jordan,Jordan,lowerlevel,G-04,B,Science,F,Mum,29,54,28,44,No,Bad,Under-7,M
M,Jordan,Jordan,MiddleSchool,G-06,A,English,S,Father,15,18,9,34,No,Bad,Under-7,H
F,Iraq,Iraq,lowerlevel,G-02,B,French,S,Father,17,80,13,10,No,Good,Under-7,M
F,KW,KuwaIT,lowerlevel,G-02,B,IT,F,Father,22,15,12,38,No,Good,Above-7,L
F,lebanon,lebanon,MiddleSchool,G-07,A,Quran,S,Father,10,79,30,30,No,Bad,Under-7,M
M,Jordan,Jordan,lowerlevel,G-04,B,Science,S,Father,53,63,67,23,No,Good,Above-7,M
M,venzuela,venzuela,HighSchool,G-10,A,IT,F,Mum,66,75,66,88,Yes,Good,Under-7,H
M,Jordan,Jordan,MiddleSchool,G-07,A,IT,F,Father,48,52,27,45,No,Bad,Under-7,M
F,Jordan,Jordan,MiddleSchool,G-06,A,English,F,Mum,74,51,29,42,No,Bad,Under-7,M
M,Jordan,Jordan,MiddleSchool,G-08,A,Geology,S,Mum,64,63,61,44,Yes,Good,Under-7,M
M,KW,KuwaIT,MiddleSchool,G-06,A,IT,F,Father,4,4,4,11,No,Bad,Above-7,L
M,Tunis,Tunis,HighSchool,G-11,B,Science,S,Father,71,61,47,55,No,Good,Under-7,M
M,Tunis,Tunis,MiddleSchool,G-07,A,Quran,S,Father,11,67,45,24,Yes,Good,Under-7,M
F,KW,KuwaIT,lowerlevel,G-04,A,History,S,Mum,78,73,59,44,No,Good,Under-7,H
F,KW,KuwaIT,MiddleSchool,G-07,A,Math,F,Father,13,39,27,35,Yes,Good,Under-7,M
F,KW,KuwaIT,MiddleSchool,G-07,A,Math,F,Father,52,53,30,83,Yes,Good,Under-7,M
M,venzuela,venzuela,HighSchool,G-10,A,IT,F,Mum,80,90,70,80,Yes,Good,Under-7,H
M,Jordan,Jordan,MiddleSchool,G-06,A,English,F,Father,40,38,32,36,No,Bad,Above-7,M
M,KW,KuwaIT,lowerlevel,G-04,A,IT,S,Father,51,57,43,37,No,Good,Above-7,M
M,KW,KuwaIT,HighSchool,G-09,A,IT,F,Father,12,12,5,48,Yes,Good,Above-7,L
M,Jordan,Jordan,MiddleSchool,G-06,A,English,F,Father,33,13,7,24,No,Bad,Under-7,M
M,Palestine,Palestine,MiddleSchool,G-07,A,Biology,F,Father,86,85,87,82,Yes,Good,Under-7,H
M,KW,KuwaIT,HighSchool,G-12,A,English,F,Father,8,6,19,11,No,Bad,Above-7,L
M,Jordan,Jordan,MiddleSchool,G-08,A,Geology,F,Mum,85,83,82,28,Yes,Good,Under-7,M
F,USA,USA,MiddleSchool,G-07,A,Math,F,Father,46,43,39,47,No,Good,Under-7,M
M,KW,KuwaIT,MiddleSchool,G-07,B,IT,F,Father,0,2,3,70,Yes,Good,Above-7,L
M,KW,KuwaIT,lowerlevel,G-02,C,IT,F,Father,8,44,2,54,Yes,Bad,Under-7,L
F,Jordan,Jordan,lowerlevel,G-02,B,Arabic,F,Father,10,22,16,91,No,Bad,Above-7,L
F,Jordan,Jordan,lowerlevel,G-04,A,Science,S,Father,40,21,13,21,No,Bad,Above-7,L
M,Jordan,Jordan,MiddleSchool,G-08,A,History,F,Mum,75,82,47,47,Yes,Good,Above-7,M
F,KW,KuwaIT,lowerlevel,G-02,B,IT,F,Father,8,20,9,49,Yes,Good,Under-7,M
F,Jordan,Jordan,MiddleSchool,G-08,A,Chemistry,F,Father,7,3,3,25,No,Bad,Above-7,L
M,Egypt,Egypt,lowerlevel,G-04,A,Math,S,Mum,51,88,17,27,No,Bad,Above-7,M
M,KW,KuwaIT,lowerlevel,G-02,B,French,S,Father,49,66,86,50,Yes,Good,Under-7,H
F,Jordan,Jordan,MiddleSchool,G-08,A,Geology,S,Mum,84,82,69,48,Yes,Good,Under-7,H
F,Jordan,Jordan,lowerlevel,G-04,B,Science,F,Mum,35,43,39,41,Yes,Good,Under-7,H
F,Jordan,Jordan,lowerlevel,G-04,A,Science,F,Father,36,25,23,44,No,Bad,Above-7,L
M,Jordan,SaudiArabia,lowerlevel,G-02,B,Arabic,F,Mum,9,2,9,11,No,Good,Above-7,L
F,KW,KuwaIT,HighSchool,G-12,A,English,F,Father,15,26,22,59,No,Bad,Above-7,L
F,Iraq,Iraq,lowerlevel,G-02,B,Arabic,S,Mum,79,93,49,23,Yes,Good,Under-7,H
M,Lybia,Lybia,lowerlevel,G-02,A,French,F,Mum,11,9,11,39,No,Good,Above-7,L
M,KW,KuwaIT,HighSchool,G-10,A,IT,F,Father,1,9,30,13,No,Bad,Above-7,L
F,Iraq,Iraq,lowerlevel,G-02,B,French,S,Father,36,49,31,30,No,Good,Under-7,M
M,Jordan,Jordan,lowerlevel,G-04,B,Science,F,Father,18,81,20,15,No,Good,Above-7,M
M,KW,KuwaIT,MiddleSchool,G-07,A,Math,F,Father,28,11,2,14,No,Bad,Above-7,L
F,KW,KuwaIT,HighSchool,G-09,A,IT,F,Father,54,68,45,54,Yes,Good,Under-7,M
M,lebanon,lebanon,MiddleSchool,G-08,A,Math,F,Father,20,18,15,20,No,Bad,Above-7,L
M,KW,KuwaIT,lowerlevel,G-02,B,IT,F,Father,17,19,10,47,No,Bad,Above-7,L
M,KW,KuwaIT,MiddleSchool,G-08,C,Spanish,S,Father,52,49,33,35,Yes,Good,Under-7,M
M,Iraq,Iraq,MiddleSchool,G-08,A,Chemistry,F,Father,78,79,56,53,Yes,Good,Under-7,H
F,lebanon,lebanon,MiddleSchool,G-08,A,Arabic,S,Mum,45,58,52,43,Yes,Good,Under-7,H
F,lebanon,lebanon,MiddleSchool,G-07,B,Math,F,Mum,78,91,49,40,Yes,Bad,Under-7,H
M,SaudiArabia,SaudiArabia,lowerlevel,G-02,B,IT,F,Father,62,62,51,64,No,Bad,Above-7,M
M,Jordan,Jordan,lowerlevel,G-02,B,French,F,Mum,39,94,41,29,Yes,Good,Under-7,H
M,Jordan,SaudiArabia,MiddleSchool,G-08,C,Spanish,S,Mum,40,90,72,14,Yes,Good,Under-7,H
M,Tunis,Tunis,lowerlevel,G-02,B,French,S,Mum,64,59,35,45,Yes,Bad,Under-7,H
F,Jordan,Palestine,lowerlevel,G-02,A,French,S,Mum,81,84,65,50,Yes,Good,Under-7,M
F,KW,KuwaIT,lowerlevel,G-02,C,IT,F,Mum,79,80,60,28,Yes,Good,Above-7,M
M,USA,USA,lowerlevel,G-02,B,IT,F,Father,67,61,42,28,Yes,Good,Under-7,H
M,Jordan,Jordan,MiddleSchool,G-07,A,IT,F,Father,60,63,14,26,No,Bad,Under-7,M
F,KW,KuwaIT,MiddleSchool,G-06,A,IT,S,Father,64,66,57,66,Yes,Bad,Under-7,M
M,KW,KuwaIT,MiddleSchool,G-07,B,Science,F,Father,10,11,12,60,No,Bad,Above-7,L
M,KW,KuwaIT,lowerlevel,G-02,B,IT,F,Father,72,87,45,64,Yes,Good,Above-7,H
M,Iraq,Iraq,MiddleSchool,G-07,B,Biology,S,Father,45,95,49,39,Yes,Good,Under-7,H
M,SaudiArabia,USA,HighSchool,G-11,B,English,S,Father,44,33,17,34,No,Bad,Above-7,M
M,Iraq,Iraq,lowerlevel,G-02,B,Arabic,S,Mum,70,85,45,37,Yes,Good,Under-7,H
M,Jordan,Jordan,lowerlevel,G-04,A,Science,S,Father,55,54,49,52,No,Good,Above-7,M
F,Jordan,Jordan,MiddleSchool,G-08,A,Chemistry,S,Father,28,94,26,8,Yes,Good,Under-7,H
M,KW,KuwaIT,lowerlevel,G-02,B,French,S,Mum,74,70,66,68,Yes,Good,Under-7,H
M,Jordan,Jordan,MiddleSchool,G-07,A,Biology,F,Mum,20,29,9,0,No,Bad,Above-7,L
F,KW,USA,HighSchool,G-11,A,Quran,S,Mum,66,87,64,44,Yes,Good,Under-7,H
F,KW,KuwaIT,MiddleSchool,G-08,B,Arabic,S,Father,40,63,55,40,Yes,Bad,Under-7,M
F,KW,KuwaIT,lowerlevel,G-04,A,History,S,Father,70,99,45,46,No,Good,Under-7,M
M,Egypt,Egypt,MiddleSchool,G-07,B,Science,S,Mum,88,82,85,79,Yes,Good,Under-7,H
F,Jordan,Jordan,MiddleSchool,G-08,A,Chemistry,S,Father,6,5,6,7,No,Bad,Above-7,L
F,Jordan,Jordan,MiddleSchool,G-08,A,Geology,F,Mum,67,69,68,76,Yes,Good,Under-7,H
F,Iraq,Iraq,lowerlevel,G-02,B,Arabic,F,Mum,84,91,29,51,Yes,Good,Under-7,H
M,Palestine,Palestine,MiddleSchool,G-07,A,Biology,S,Father,58,95,66,51,Yes,Good,Under-7,H
F,SaudiArabia,SaudiArabia,lowerlevel,G-02,B,French,S,Father,75,80,74,88,Yes,Bad,Under-7,H
F,KW,KuwaIT,HighSchool,G-12,A,English,F,Father,20,14,12,70,No,Bad,Above-7,L
M,KW,KuwaIT,MiddleSchool,G-07,A,Math,F,Father,47,69,49,68,Yes,Good,Under-7,M
F,Jordan,Jordan,MiddleSchool,G-08,A,Geology,S,Father,54,72,27,28,No,Bad,Under-7,M
F,Jordan,Jordan,MiddleSchool,G-06,A,English,S,Mum,40,68,33,79,No,Good,Under-7,H
M,KW,KuwaIT,MiddleSchool,G-07,B,Science,S,Father,64,45,46,78,Yes,Good,Above-7,M
F,Jordan,Jordan,lowerlevel,G-04,A,Science,S,Mum,69,64,65,93,No,Good,Under-7,H
M,KW,KuwaIT,lowerlevel,G-04,A,Arabic,S,Father,22,8,5,8,No,Bad,Above-7,L
F,Iran,Iran,lowerlevel,G-02,C,IT,F,Father,2,9,7,55,Yes,Good,Under-7,M
M,Jordan,SaudiArabia,MiddleSchool,G-08,A,Chemistry,S,Father,8,6,4,26,No,Bad,Above-7,L
M,venzuela,venzuela,HighSchool,G-10,A,IT,F,Mum,80,85,66,71,Yes,Good,Under-7,H
M,Egypt,Egypt,MiddleSchool,G-07,B,Science,S,Mum,93,85,87,76,Yes,Good,Under-7,H
M,KW,KuwaIT,lowerlevel,G-02,B,French,S,Mum,54,75,51,43,No,Bad,Under-7,M
F,Jordan,Jordan,MiddleSchool,G-08,A,Chemistry,S,Mum,82,86,21,58,Yes,Good,Under-7,H
M,Jordan,Jordan,lowerlevel,G-02,B,French,S,Mum,35,97,41,23,Yes,Good,Under-7,H
M,KW,KuwaIT,MiddleSchool,G-08,B,Spanish,S,Father,13,16,46,34,No,Bad,Under-7,L
F,lebanon,lebanon,MiddleSchool,G-08,A,Arabic,S,Mum,69,61,58,49,Yes,Good,Under-7,H
M,KW,KuwaIT,lowerlevel,G-02,B,French,S,Father,68,67,75,48,Yes,Good,Under-7,H
M,KW,KuwaIT,MiddleSchool,G-07,B,IT,F,Father,57,59,56,66,Yes,Bad,Under-7,M
M,lebanon,lebanon,MiddleSchool,G-08,C,Spanish,S,Father,29,77,34,31,Yes,Good,Under-7,M
F,KW,KuwaIT,lowerlevel,G-02,B,IT,F,Father,31,34,9,15,No,Good,Above-7,L
F,Jordan,Jordan,lowerlevel,G-04,A,Science,F,Mum,52,94,57,42,No,Good,Under-7,H
M,Egypt,Egypt,lowerlevel,G-04,A,Math,S,Mum,41,90,33,9,No,Bad,Above-7,M
M,Iraq,Iraq,MiddleSchool,G-07,B,Biology,F,Father,90,83,85,74,Yes,Good,Under-7,H
M,KW,KuwaIT,lowerlevel,G-04,A,History,S,Father,22,22,9,25,No,Bad,Above-7,L
M,Tunis,Tunis,MiddleSchool,G-08,C,Spanish,S,Father,3,30,14,43,No,Bad,Above-7,L
M,Syria,Syria,lowerlevel,G-02,A,French,S,Father,58,55,58,60,No,Bad,Under-7,M
M,KW,KuwaIT,lowerlevel,G-02,C,IT,S,Father,7,8,13,2,No,Bad,Above-7,L
M,Jordan,Jordan,lowerlevel,G-04,B,Science,F,Mum,76,84,56,38,Yes,Good,Under-7,H
M,Palestine,Jordan,lowerlevel,G-02,A,Arabic,F,Father,90,98,41,38,Yes,Good,Under-7,H
F,USA,USA,MiddleSchool,G-07,A,Math,F,Father,45,34,26,40,No,Good,Under-7,M
F,Jordan,Jordan,lowerlevel,G-02,B,French,F,Mum,13,82,20,30,No,Good,Under-7,H
M,Egypt,Egypt,lowerlevel,G-02,B,French,S,Mum,5,9,11,32,No,Good,Above-7,L
M,KW,KuwaIT,lowerlevel,G-02,C,IT,F,Mum,18,8,17,49,No,Bad,Above-7,L
M,Jordan,Jordan,MiddleSchool,G-08,A,History,S,Mum,44,83,46,84,Yes,Good,Above-7,M
M,Palestine,Jordan,MiddleSchool,G-07,B,Biology,S,Father,70,96,30,20,Yes,Good,Under-7,H
M,KW,KuwaIT,lowerlevel,G-04,A,English,S,Mum,56,28,11,13,No,Bad,Above-7,L
M,KW,KuwaIT,HighSchool,G-12,A,English,F,Father,15,7,18,33,No,Bad,Above-7,L
F,Jordan,Jordan,MiddleSchool,G-08,A,History,F,Father,21,14,16,73,No,Bad,Above-7,L
M,Jordan,SaudiArabia,MiddleSchool,G-08,C,Spanish,S,Mum,53,91,30,38,Yes,Good,Under-7,H
M,KW,KuwaIT,MiddleSchool,G-07,A,Math,F,Father,50,88,30,80,Yes,Good,Under-7,H
F,Jordan,Jordan,MiddleSchool,G-06,A,English,F,Mum,65,61,39,33,No,Bad,Under-7,M
M,Jordan,Jordan,MiddleSchool,G-07,A,Biology,S,Father,48,78,43,40,No,Good,Above-7,M
M,KW,KuwaIT,MiddleSchool,G-07,B,Science,S,Father,20,39,37,9,No,Bad,Above-7,L
M,Jordan,Jordan,lowerlevel,G-02,B,French,S,Mum,59,82,77,30,Yes,Good,Above-7,M
F,Jordan,Jordan,lowerlevel,G-04,B,Science,S,Mum,61,78,63,26,No,Bad,Under-7,M
F,Jordan,Jordan,MiddleSchool,G-08,A,Chemistry,F,Father,74,86,68,53,Yes,Good,Under-7,H
F,Jordan,Jordan,lowerlevel,G-02,B,Arabic,S,Father,11,19,27,83,No,Bad,Above-7,L
F,KW,KuwaIT,HighSchool,G-12,A,English,F,Mum,47,85,60,85,Yes,Good,Under-7,H
M,Jordan,Jordan,lowerlevel,G-02,A,French,F,Mum,69,81,93,61,Yes,Good,Under-7,H
F,KW,KuwaIT,lowerlevel,G-02,B,IT,F,Father,80,44,35,10,No,Good,Above-7,L
F,Lybia,Lybia,MiddleSchool,G-07,B,Biology,S,Mum,12,5,11,6,No,Good,Above-7,L
M,KW,KuwaIT,lowerlevel,G-02,B,IT,F,Father,70,90,2,2,Yes,Good,Under-7,L
M,KW,KuwaIT,lowerlevel,G-02,B,IT,F,Father,22,12,24,31,No,Bad,Above-7,L
F,Jordan,Jordan,MiddleSchool,G-07,B,Biology,F,Mum,76,90,33,35,No,Good,Under-7,H
M,Jordan,Jordan,MiddleSchool,G-08,A,History,S,Mum,47,46,39,45,Yes,Good,Above-7,M
F,KW,KuwaIT,lowerlevel,G-02,B,IT,F,Father,12,22,16,48,Yes,Good,Under-7,M
M,KW,KuwaIT,MiddleSchool,G-07,A,English,F,Father,9,13,15,32,No,Bad,Above-7,L
F,KW,KuwaIT,lowerlevel,G-02,B,IT,F,Father,62,77,43,36,Yes,Good,Under-7,H
M,Jordan,SaudiArabia,lowerlevel,G-02,B,Arabic,S,Mum,12,6,6,40,No,Good,Above-7,L
M,Egypt,Egypt,MiddleSchool,G-07,B,Science,S,Mum,88,84,62,63,Yes,Good,Under-7,H
F,KW,KuwaIT,lowerlevel,G-02,C,IT,F,Father,9,7,7,21,No,Bad,Above-7,L
M,KW,KuwaIT,MiddleSchool,G-07,A,Math,F,Father,9,19,40,66,Yes,Bad,Under-7,L
M,Palestine,Jordan,MiddleSchool,G-07,B,Biology,S,Father,94,76,71,65,Yes,Good,Under-7,H
F,KW,KuwaIT,lowerlevel,G-04,A,History,S,Father,76,89,74,36,No,Good,Under-7,M
F,KW,KuwaIT,lowerlevel,G-02,C,IT,F,Mum,67,67,24,65,Yes,Good,Above-7,M
M,SaudiArabia,USA,HighSchool,G-11,B,English,S,Father,76,70,60,28,No,Bad,Above-7,M
M,KW,KuwaIT,MiddleSchool,G-07,A,IT,F,Father,19,34,23,53,No,Good,Under-7,M
F,lebanon,lebanon,MiddleSchool,G-06,A,English,F,Mum,84,83,86,82,Yes,Good,Under-7,H
F,Jordan,Jordan,MiddleSchool,G-08,A,Geology,F,Mum,50,91,18,21,Yes,Good,Above-7,M
F,Jordan,Jordan,lowerlevel,G-02,A,French,F,Mum,46,75,60,24,Yes,Good,Under-7,H
F,Jordan,Jordan,lowerlevel,G-02,A,Arabic,S,Father,7,30,29,68,No,Bad,Above-7,L
F,lebanon,lebanon,MiddleSchool,G-07,A,Quran,S,Mum,89,82,53,41,Yes,Good,Under-7,H
F,Jordan,Jordan,MiddleSchool,G-06,A,English,S,Mum,83,84,49,59,No,Good,Under-7,M
M,Jordan,Jordan,MiddleSchool,G-07,B,Biology,S,Father,81,25,19,49,No,Bad,Under-7,M
M,KW,KuwaIT,lowerlevel,G-04,A,IT,S,Father,64,85,55,35,No,Good,Above-7,M
M,Jordan,Jordan,MiddleSchool,G-07,A,Biology,F,Father,70,72,76,87,No,Good,Under-7,H
F,Jordan,Jordan,lowerlevel,G-02,A,French,S,Mum,31,53,29,29,Yes,Good,Above-7,M
F,Jordan,Jordan,lowerlevel,G-02,B,French,S,Mum,23,83,15,17,No,Good,Under-7,H
M,KW,KuwaIT,MiddleSchool,G-07,B,Science,S,Father,69,98,65,66,Yes,Good,Above-7,M
M,Jordan,Jordan,lowerlevel,G-04,A,Science,F,Father,39,12,19,26,No,Good,Above-7,M
M,SaudiArabia,USA,HighSchool,G-11,B,English,S,Father,81,54,54,65,No,Bad,Above-7,M
F,KW,KuwaIT,lowerlevel,G-04,A,History,S,Father,53,63,53,91,Yes,Good,Under-7,M
M,USA,USA,lowerlevel,G-02,B,IT,F,Father,57,83,39,38,Yes,Good,Under-7,H
F,Jordan,lebanon,lowerlevel,G-04,B,Science,F,Mum,72,85,36,42,Yes,Good,Under-7,H
F,Jordan,Jordan,lowerlevel,G-02,B,French,F,Mum,79,93,71,72,No,Good,Under-7,H
M,Jordan,SaudiArabia,MiddleSchool,G-08,A,Geology,F,Father,39,34,29,31,No,Bad,Under-7,M
F,Jordan,Jordan,MiddleSchool,G-08,A,Chemistry,S,Father,35,34,31,22,No,Bad,Above-7,L
M,Jordan,Jordan,lowerlevel,G-04,B,Science,S,Mum,77,71,54,68,Yes,Good,Under-7,H
M,Jordan,Jordan,lowerlevel,G-04,B,Science,S,Father,47,39,33,38,No,Good,Above-7,M
M,Palestine,Jordan,MiddleSchool,G-07,B,Biology,S,Father,99,96,89,84,Yes,Good,Under-7,H
F,KW,KuwaIT,MiddleSchool,G-07,A,IT,F,Father,66,63,39,92,No,Bad,Above-7,M
M,KW,KuwaIT,MiddleSchool,G-08,C,Spanish,S,Father,75,66,41,55,No,Bad,Under-7,M
F,Jordan,Jordan,MiddleSchool,G-08,A,Geology,S,Father,55,74,25,29,No,Bad,Under-7,M
M,Jordan,Jordan,lowerlevel,G-02,A,Arabic,F,Father,15,20,47,23,No,Bad,Under-7,M
M,Jordan,Jordan,lowerlevel,G-02,A,French,F,Father,6,10,9,9,No,Bad,Above-7,L
M,KW,KuwaIT,MiddleSchool,G-08,B,Arabic,S,Father,51,42,28,27,Yes,Good,Under-7,M
F,KW,KuwaIT,lowerlevel,G-07,A,IT,F,Father,2,13,8,31,Yes,Good,Above-7,L
M,KW,KuwaIT,MiddleSchool,G-07,B,IT,F,Father,11,7,4,14,No,Bad,Under-7,L
F,lebanon,lebanon,MiddleSchool,G-08,A,Arabic,S,Mum,48,72,75,75,Yes,Good,Under-7,H
M,KW,KuwaIT,MiddleSchool,G-07,A,Math,F,Father,68,73,17,44,No,Bad,Above-7,M
M,KW,KuwaIT,MiddleSchool,G-07,A,Math,F,Father,56,81,36,69,Yes,Good,Under-7,H
M,Palestine,Jordan,MiddleSchool,G-07,B,Biology,S,Father,68,51,64,67,Yes,Good,Under-7,M
F,Jordan,Jordan,MiddleSchool,G-08,A,Chemistry,S,Father,77,87,49,25,Yes,Good,Under-7,H
M,KW,KuwaIT,MiddleSchool,G-07,A,Math,F,Father,57,89,35,70,Yes,Good,Under-7,H
F,KW,KuwaIT,HighSchool,G-09,A,IT,F,Father,45,41,28,72,Yes,Good,Under-7,M
M,USA,USA,MiddleSchool,G-08,B,Math,F,Father,5,3,4,54,Yes,Good,Above-7,L
F,Jordan,USA,lowerlevel,G-02,B,French,S,Mum,33,53,54,25,No,Bad,Above-7,M
F,Morocco,Morocco,lowerlevel,G-02,B,French,S,Mum,78,76,68,64,Yes,Good,Under-7,H
M,Jordan,Jordan,MiddleSchool,G-07,B,Biology,S,Father,63,88,30,29,No,Bad,Under-7,M
M,KW,KuwaIT,HighSchool,G-09,A,IT,F,Father,2,2,3,17,Yes,Good,Above-7,L
M,KW,KuwaIT,HighSchool,G-10,A,IT,F,Father,40,72,33,37,Yes,Good,Under-7,M
M,KW,KuwaIT,lowerlevel,G-04,A,IT,F,Father,31,39,23,42,No,Bad,Above-7,M
M,KW,KuwaIT,lowerlevel,G-02,B,IT,F,Father,11,12,11,43,Yes,Good,Above-7,L
F,Jordan,lebanon,lowerlevel,G-04,B,Science,F,Mum,77,79,66,71,Yes,Good,Under-7,H
F,USA,USA,lowerlevel,G-02,B,French,S,Mum,14,68,70,20,Yes,Bad,Under-7,M
M,Iraq,Iraq,MiddleSchool,G-08,A,History,S,Father,24,24,32,62,Yes,Good,Above-7,M
F,Palestine,Palestine,lowerlevel,G-04,A,Science,F,Mum,31,85,36,40,Yes,Good,Under-7,H
F,KW,KuwaIT,MiddleSchool,G-07,B,IT,F,Father,38,68,29,86,No,Bad,Under-7,M
F,Jordan,Jordan,MiddleSchool,G-08,A,Geology,S,Father,73,80,61,62,No,Bad,Under-7,M
M,KW,KuwaIT,lowerlevel,G-04,A,Arabic,S,Father,29,19,13,34,No,Bad,Above-7,L
M,KW,KuwaIT,MiddleSchool,G-07,B,Math,F,Father,15,44,25,16,Yes,Good,Under-7,M
M,lebanon,lebanon,lowerlevel,G-02,B,French,S,Mum,34,50,20,35,No,Bad,Under-7,M
M,Palestine,Jordan,lowerlevel,G-02,A,Arabic,F,Father,75,86,25,29,Yes,Good,Under-7,H
M,KW,KuwaIT,MiddleSchool,G-07,B,Science,S,Father,10,9,15,31,No,Bad,Above-7,L
M,KW,KuwaIT,MiddleSchool,G-07,B,Science,F,Mum,7,5,4,17,Yes,Good,Above-7,L
F,Jordan,Jordan,lowerlevel,G-02,B,French,F,Mum,60,90,49,62,No,Good,Under-7,H
M,KW,KuwaIT,MiddleSchool,G-08,B,Arabic,S,Mum,31,88,64,83,Yes,Bad,Under-7,H
M,Jordan,Jordan,lowerlevel,G-04,A,Science,S,Father,46,38,52,56,No,Good,Above-7,M
F,KW,KuwaIT,lowerlevel,G-02,C,IT,F,Mum,66,66,63,35,Yes,Good,Above-7,M
M,Jordan,Jordan,lowerlevel,G-04,B,Science,S,Father,42,48,37,48,No,Good,Above-7,M
M,Tunis,SaudiArabia,MiddleSchool,G-07,A,Quran,S,Father,32,29,21,24,Yes,Bad,Under-7,M
M,Iraq,Iraq,MiddleSchool,G-06,A,English,S,Mum,83,79,75,64,No,Good,Under-7,H
F,Jordan,Jordan,lowerlevel,G-02,A,French,F,Mum,19,90,32,23,No,Good,Under-7,M
M,Jordan,Jordan,lowerlevel,G-02,B,Arabic,F,Mum,52,85,56,35,Yes,Bad,Above-7,M
M,Jordan,Jordan,MiddleSchool,G-08,A,Chemistry,F,Mum,69,68,68,34,Yes,Good,Under-7,M
M,Jordan,Jordan,lowerlevel,G-02,B,Arabic,S,Father,20,5,15,37,No,Bad,Above-7,L
M,Jordan,Jordan,lowerlevel,G-02,C,IT,F,Father,80,42,20,50,Yes,Good,Under-7,M
M,KW,KuwaIT,MiddleSchool,G-07,B,Science,F,Father,17,30,27,28,No,Bad,Above-7,L
M,Jordan,SaudiArabia,MiddleSchool,G-08,C,Spanish,S,Mum,72,89,84,62,Yes,Good,Under-7,H
M,KW,KuwaIT,HighSchool,G-09,A,IT,F,Father,20,80,33,33,Yes,Good,Under-7,M
F,Jordan,Jordan,MiddleSchool,G-08,A,Chemistry,F,Father,22,98,17,15,Yes,Good,Under-7,H
M,Jordan,Palestine,MiddleSchool,G-07,A,Biology,S,Mum,80,93,53,50,Yes,Good,Under-7,H
F,Jordan,Jordan,lowerlevel,G-04,B,Science,F,Mum,22,20,30,31,No,Bad,Under-7,M
M,Jordan,Jordan,MiddleSchool,G-08,A,Chemistry,F,Mum,71,52,38,27,Yes,Good,Above-7,L
M,Jordan,Jordan,lowerlevel,G-02,B,French,F,Father,34,43,30,26,Yes,Good,Under-7,M
M,Tunis,Tunis,MiddleSchool,G-08,C,Spanish,S,Mum,52,40,47,21,No,Bad,Under-7,M
M,Jordan,Palestine,MiddleSchool,G-07,A,Biology,S,Mum,79,86,56,64,Yes,Good,Under-7,H
M,Jordan,Jordan,MiddleSchool,G-08,A,History,S,Mum,58,60,56,66,Yes,Good,Above-7,M
M,KW,KuwaIT,lowerlevel,G-02,C,IT,F,Mum,70,68,55,20,Yes,Good,Under-7,M
M,Lybia,Lybia,lowerlevel,G-02,B,French,S,Mum,13,4,10,8,No,Good,Above-7,L
M,Tunis,Tunis,MiddleSchool,G-07,A,Quran,S,Father,19,62,43,31,Yes,Good,Under-7,M
M,Lybia,Lybia,lowerlevel,G-02,B,French,F,Mum,11,3,10,4,No,Good,Above-7,L
M,Syria,Jordan,MiddleSchool,G-08,A,Spanish,S,Father,11,16,20,71,Yes,Good,Above-7,L
M,KW,KuwaIT,lowerlevel,G-04,A,IT,F,Father,54,59,24,35,No,Bad,Above-7,M
M,Jordan,Jordan,MiddleSchool,G-06,A,English,F,Father,50,58,20,29,Yes,Good,Above-7,M
M,KW,KuwaIT,MiddleSchool,G-08,A,Arabic,F,Father,11,7,5,18,No,Bad,Above-7,L
F,Jordan,Jordan,lowerlevel,G-02,A,French,F,Mum,63,93,25,17,Yes,Good,Under-7,H
M,SaudiArabia,SaudiArabia,lowerlevel,G-02,B,IT,F,Father,91,68,55,37,Yes,Good,Under-7,H
M,KW,KuwaIT,MiddleSchool,G-08,C,Spanish,S,Father,17,46,37,22,No,Bad,Under-7,M
M,Iraq,Iraq,lowerlevel,G-02,A,Arabic,S,Father,79,82,72,35,Yes,Good,Under-7,H
M,SaudiArabia,USA,HighSchool,G-11,B,Spanish,S,Father,5,10,8,14,No,Bad,Above-7,L
M,Iraq,Iraq,lowerlevel,G-02,B,Arabic,F,Mum,74,85,36,23,Yes,Good,Under-7,H
F,KW,KuwaIT,lowerlevel,G-02,B,IT,F,Father,46,23,26,14,No,Good,Above-7,L
M,KW,KuwaIT,MiddleSchool,G-07,B,IT,S,Mum,84,69,82,42,Yes,Bad,Under-7,H
M,Jordan,Jordan,lowerlevel,G-02,B,Arabic,S,Father,35,2,29,23,No,Bad,Above-7,L
M,Jordan,Jordan,lowerlevel,G-02,B,Arabic,F,Mum,62,64,69,81,Yes,Bad,Above-7,M
F,Jordan,Jordan,lowerlevel,G-02,A,French,S,Mum,25,80,29,23,No,Good,Under-7,M
M,KW,KuwaIT,HighSchool,G-10,A,IT,F,Father,1,2,4,28,No,Bad,Above-7,L
M,KW,KuwaIT,lowerlevel,G-02,B,IT,F,Father,26,19,3,6,No,Bad,Above-7,L
M,Morocco,Morocco,MiddleSchool,G-08,A,Arabic,S,Mum,25,35,29,41,No,Bad,Under-7,M
M,KW,KuwaIT,MiddleSchool,G-08,A,Science,F,Father,73,83,41,71,Yes,Good,Under-7,M
M,KW,KuwaIT,MiddleSchool,G-07,A,Math,F,Father,9,4,3,7,No,Bad,Under-7,L
M,Palestine,Jordan,MiddleSchool,G-06,A,English,F,Mum,84,46,59,36,No,Good,Under-7,M
M,KW,KuwaIT,MiddleSchool,G-07,A,Math,F,Father,17,20,39,20,Yes,Bad,Under-7,L
F,KW,KuwaIT,HighSchool,G-12,A,English,F,Mum,70,60,32,50,Yes,Good,Under-7,H
M,Lybia,Lybia,lowerlevel,G-02,B,French,F,Mum,15,12,11,11,No,Good,Above-7,L
F,Jordan,Jordan,lowerlevel,G-02,B,French,F,Mum,37,85,38,47,No,Good,Under-7,H
M,KW,KuwaIT,MiddleSchool,G-08,C,Spanish,S,Father,71,82,51,67,No,Bad,Under-7,M
F,Jordan,Jordan,MiddleSchool,G-08,A,Chemistry,S,Father,78,84,41,25,Yes,Good,Under-7,H
M,KW,KuwaIT,lowerlevel,G-02,C,IT,F,Mum,23,26,5,45,Yes,Good,Under-7,M
M,KW,KuwaIT,MiddleSchool,G-07,B,Science,F,Mum,12,30,4,31,Yes,Good,Above-7,L
M,Jordan,Jordan,MiddleSchool,G-07,B,Science,S,Father,17,8,19,16,No,Bad,Above-7,L
M,KW,KuwaIT,lowerlevel,G-02,B,French,S,Mum,53,50,26,42,No,Good,Under-7,M
M,KW,KuwaIT,HighSchool,G-10,A,IT,F,Father,3,7,9,7,No,Bad,Above-7,L
M,Jordan,Jordan,lowerlevel,G-04,B,Science,S,Father,20,19,12,65,No,Good,Above-7,M
F,Jordan,Jordan,lowerlevel,G-02,A,French,F,Mum,60,87,23,11,Yes,Good,Above-7,M
M,Jordan,Jordan,MiddleSchool,G-08,A,Chemistry,S,Mum,30,42,46,21,Yes,Good,Above-7,M
M,KW,KuwaIT,lowerlevel,G-02,C,IT,F,Father,3,6,4,39,Yes,Bad,Under-7,L
M,KW,KuwaIT,MiddleSchool,G-08,A,Spanish,S,Father,3,12,9,28,No,Bad,Above-7,L
F,KW,KuwaIT,lowerlevel,G-02,B,IT,F,Father,25,34,10,36,Yes,Good,Under-7,M
M,Palestine,Palestine,MiddleSchool,G-07,A,Biology,S,Father,88,88,74,80,Yes,Good,Under-7,H
M,KW,KuwaIT,lowerlevel,G-02,B,IT,F,Father,16,16,18,53,No,Good,Above-7,M
F,KW,KuwaIT,MiddleSchool,G-07,A,English,F,Father,50,19,31,68,Yes,Bad,Above-7,M
F,KW,KuwaIT,lowerlevel,G-04,A,History,S,Father,44,72,39,64,Yes,Good,Under-7,M
M,KW,KuwaIT,lowerlevel,G-04,A,History,S,Father,10,17,12,14,No,Bad,Above-7,L
F,KW,KuwaIT,lowerlevel,G-02,B,IT,F,Father,12,9,12,44,Yes,Good,Above-7,L
F,Jordan,Jordan,MiddleSchool,G-08,A,History,F,Father,48,82,44,59,Yes,Good,Under-7,M
F,Jordan,Jordan,lowerlevel,G-02,A,French,S,Mum,32,47,30,14,Yes,Good,Above-7,M
M,KW,KuwaIT,lowerlevel,G-02,B,French,S,Mum,31,19,20,35,No,Bad,Under-7,M
M,lebanon,lebanon,MiddleSchool,G-08,A,Arabic,S,Mum,12,19,16,31,No,Bad,Above-7,L
F,Jordan,Jordan,MiddleSchool,G-08,A,History,S,Father,61,79,47,62,Yes,Good,Under-7,M
M,Iran,Iran,MiddleSchool,G-08,C,Spanish,S,Mum,54,68,59,79,Yes,Bad,Above-7,M
F,Iraq,Iraq,MiddleSchool,G-07,A,Biology,F,Mum,78,86,50,32,Yes,Good,Under-7,H
M,Iran,Iran,lowerlevel,G-02,B,French,S,Mum,16,17,37,15,No,Good,Above-7,L
M,KW,KuwaIT,MiddleSchool,G-07,B,Science,F,Father,13,12,9,37,No,Bad,Above-7,L
F,Jordan,Egypt,MiddleSchool,G-07,A,Quran,F,Mum,100,80,95,90,No,Bad,Under-7,H
F,Jordan,Jordan,MiddleSchool,G-08,A,Geology,S,Mum,85,72,39,40,Yes,Good,Above-7,M
F,KW,KuwaIT,MiddleSchool,G-07,A,English,F,Father,58,65,59,42,Yes,Bad,Above-7,M
F,Iran,Iran,lowerlevel,G-02,C,IT,F,Father,11,41,27,30,Yes,Good,Under-7,M
F,Jordan,Jordan,lowerlevel,G-02,A,French,S,Mum,50,95,23,10,Yes,Good,Under-7,H
F,KW,KuwaIT,MiddleSchool,G-07,B,Science,S,Father,31,38,31,45,Yes,Good,Under-7,M
M,Palestine,Palestine,MiddleSchool,G-08,A,Geology,F,Father,38,47,35,34,Yes,Good,Under-7,M
M,KW,KuwaIT,MiddleSchool,G-08,A,Arabic,S,Father,9,12,14,10,Yes,Good,Above-7,L
M,Palestine,Jordan,MiddleSchool,G-06,A,English,S,Mum,62,82,91,48,Yes,Good,Under-7,M
F,Palestine,Jordan,lowerlevel,G-02,B,French,S,Father,50,55,12,28,No,Good,Under-7,M
M,KW,KuwaIT,lowerlevel,G-02,B,IT,F,Father,2,5,3,50,No,Bad,Above-7,L
F,KW,KuwaIT,lowerlevel,G-02,C,IT,F,Father,53,56,49,63,No,Bad,Under-7,M
M,KW,KuwaIT,MiddleSchool,G-08,B,Spanish,S,Mum,87,81,22,70,Yes,Bad,Under-7,H
F,KW,KuwaIT,lowerlevel,G-04,A,IT,F,Father,36,39,14,65,Yes,Bad,Above-7,M
M,KW,KuwaIT,lowerlevel,G-02,B,IT,F,Father,40,33,4,18,No,Good,Above-7,L
F,Jordan,Jordan,MiddleSchool,G-08,A,Chemistry,S,Father,41,91,20,13,Yes,Good,Under-7,H
M,Jordan,Jordan,lowerlevel,G-02,C,IT,F,Father,66,61,35,62,Yes,Good,Under-7,M
F,Jordan,Palestine,lowerlevel,G-02,A,French,S,Mum,45,90,59,60,Yes,Good,Under-7,M
F,KW,KuwaIT,lowerlevel,G-04,A,History,S,Father,72,94,69,53,No,Good,Under-7,M
M,KW,KuwaIT,MiddleSchool,G-07,B,Science,S,Father,21,31,20,9,No,Bad,Above-7,L
F,Iraq,Iraq,lowerlevel,G-02,B,Arabic,S,Mum,35,96,30,9,Yes,Good,Under-7,H
M,Iraq,Iraq,lowerlevel,G-04,A,Science,F,Father,69,65,59,74,Yes,Good,Above-7,M
M,Jordan,Jordan,MiddleSchool,G-07,B,Biology,F,Father,42,53,16,57,No,Bad,Under-7,M
M,Tunis,Tunis,lowerlevel,G-02,B,French,S,Mum,80,81,56,56,Yes,Good,Under-7,H
F,KW,KuwaIT,MiddleSchool,G-08,A,Arabic,F,Father,30,65,34,62,No,Bad,Under-7,M
M,Jordan,Jordan,MiddleSchool,G-07,A,Biology,F,Father,82,79,83,81,No,Good,Under-7,H
M,Jordan,Jordan,MiddleSchool,G-06,A,English,S,Father,41,33,30,39,Yes,Bad,Above-7,M
M,Morocco,Morocco,MiddleSchool,G-08,A,Arabic,S,Mum,81,75,62,53,No,Bad,Under-7,M
M,Iraq,Iraq,MiddleSchool,G-08,A,Geology,F,Father,72,80,63,68,Yes,Good,Above-7,M
F,Jordan,Jordan,MiddleSchool,G-07,B,Biology,F,Mum,46,91,17,15,No,Good,Under-7,H
M,Iraq,Iraq,lowerlevel,G-04,A,Science,S,Father,55,53,58,82,Yes,Good,Above-7,M
M,KW,KuwaIT,MiddleSchool,G-07,A,IT,F,Father,27,33,18,45,No,Good,Under-7,M
M,Jordan,Jordan,MiddleSchool,G-08,A,History,F,Mum,97,79,55,75,Yes,Good,Under-7,H
M,Jordan,Jordan,MiddleSchool,G-08,A,Geology,F,Mum,78,81,69,24,Yes,Good,Under-7,M
M,Palestine,Jordan,MiddleSchool,G-06,A,English,S,Mum,83,56,61,51,Yes,Good,Under-7,H
F,KW,KuwaIT,lowerlevel,G-02,C,IT,F,Mum,25,29,40,17,No,Good,Under-7,H
M,Jordan,Jordan,lowerlevel,G-04,A,Science,F,Father,31,61,37,58,No,Good,Above-7,M
M,KW,KuwaIT,MiddleSchool,G-07,B,Math,F,Father,39,32,42,37,Yes,Good,Under-7,M
M,KW,KuwaIT,lowerlevel,G-04,A,IT,F,Father,30,25,5,35,No,Bad,Above-7,L
M,KW,KuwaIT,MiddleSchool,G-07,B,IT,F,Father,12,0,6,13,No,Bad,Under-7,L
F,Jordan,Jordan,lowerlevel,G-02,B,French,F,Mum,23,83,40,13,Yes,Good,Under-7,M
F,Jordan,Jordan,MiddleSchool,G-08,A,Geology,S,Mum,87,93,63,60,Yes,Good,Under-7,H
F,KW,KuwaIT,lowerlevel,G-02,C,IT,F,Mum,56,65,64,30,No,Good,Under-7,H
F,KW,KuwaIT,lowerlevel,G-04,A,IT,F,Father,42,30,13,70,Yes,Bad,Above-7,M
M,KW,KuwaIT,MiddleSchool,G-08,B,Arabic,S,Father,73,84,52,69,No,Bad,Under-7,M
M,Jordan,Jordan,MiddleSchool,G-07,B,Science,S,Mum,73,60,54,46,No,Bad,Under-7,M
M,SaudiArabia,SaudiArabia,HighSchool,G-11,A,Quran,S,Father,89,81,70,72,Yes,Good,Under-7,H
M,KW,KuwaIT,HighSchool,G-11,B,Math,S,Mum,73,84,77,81,Yes,Good,Above-7,H
F,Jordan,Jordan,MiddleSchool,G-07,A,Quran,S,Father,62,54,29,40,No,Bad,Under-7,M
F,KW,KuwaIT,lowerlevel,G-04,A,History,S,Mum,89,92,87,78,No,Good,Under-7,H
M,KW,KuwaIT,MiddleSchool,G-07,B,Science,S,Father,22,20,18,6,No,Bad,Above-7,L
F,Jordan,Jordan,MiddleSchool,G-08,A,Chemistry,F,Father,82,93,51,25,Yes,Good,Under-7,H
M,KW,KuwaIT,MiddleSchool,G-08,B,Spanish,S,Father,65,71,81,51,Yes,Bad,Under-7,M
M,KW,KuwaIT,lowerlevel,G-04,A,IT,F,Father,53,84,68,57,Yes,Good,Under-7,M
F,KW,KuwaIT,lowerlevel,G-04,A,History,S,Mum,74,87,60,48,No,Good,Under-7,H
M,KW,KuwaIT,lowerlevel,G-02,A,IT,F,Father,35,43,27,58,No,Bad,Above-7,L
M,KW,KuwaIT,lowerlevel,G-04,A,IT,F,Father,48,51,39,26,Yes,Good,Under-7,M
M,KW,KuwaIT,MiddleSchool,G-08,B,Arabic,S,Mum,43,87,52,63,Yes,Bad,Under-7,H
F,KW,KuwaIT,lowerlevel,G-02,B,IT,F,Father,54,34,26,11,No,Good,Above-7,L
F,lebanon,lebanon,lowerlevel,G-02,B,French,S,Mum,88,56,50,37,Yes,Bad,Under-7,H
F,Jordan,Jordan,MiddleSchool,G-08,A,Chemistry,S,Mum,83,95,47,58,Yes,Good,Under-7,H
M,Jordan,Jordan,MiddleSchool,G-08,A,History,F,Mum,46,42,49,60,Yes,Good,Under-7,H
M,Iraq,Iraq,MiddleSchool,G-08,A,Chemistry,F,Father,74,88,60,49,Yes,Good,Under-7,H
M,Syria,Syria,MiddleSchool,G-07,A,Quran,F,Father,16,35,34,24,Yes,Good,Above-7,M
F,Jordan,Jordan,lowerlevel,G-02,A,Arabic,F,Father,12,17,21,78,No,Bad,Above-7,L
F,KW,KuwaIT,HighSchool,G-09,A,IT,F,Father,43,42,29,71,Yes,Good,Under-7,M
M,Egypt,Egypt,MiddleSchool,G-07,B,Science,S,Mum,92,81,88,76,Yes,Good,Under-7,H
M,KW,KuwaIT,lowerlevel,G-02,A,IT,F,Father,6,9,1,30,No,Bad,Above-7,L
F,KW,KuwaIT,lowerlevel,G-02,B,IT,F,Father,81,62,72,64,Yes,Good,Above-7,M
M,Jordan,Palestine,MiddleSchool,G-07,A,Biology,F,Mum,76,88,38,57,Yes,Good,Under-7,H
F,KW,KuwaIT,MiddleSchool,G-06,A,Quran,S,Father,60,37,12,17,No,Bad,Above-7,L
F,Jordan,Jordan,lowerlevel,G-05,A,English,F,Mum,36,20,16,25,No,Good,Above-7,L
M,Palestine,Jordan,MiddleSchool,G-06,A,English,S,Mum,71,35,43,42,No,Good,Under-7,M
M,Jordan,Jordan,MiddleSchool,G-07,A,Biology,F,Father,58,70,61,54,No,Good,Above-7,M
M,venzuela,venzuela,HighSchool,G-10,A,IT,F,Mum,44,50,50,39,Yes,Good,Under-7,H
M,Jordan,Jordan,MiddleSchool,G-08,A,Geology,F,Mum,84,81,72,68,Yes,Good,Under-7,M
M,Egypt,Egypt,MiddleSchool,G-07,B,Science,S,Mum,69,91,55,72,Yes,Good,Under-7,H
M,Jordan,Jordan,lowerlevel,G-02,A,French,F,Father,5,11,10,8,No,Bad,Above-7,L
F,lebanon,lebanon,MiddleSchool,G-07,B,Math,F,Mum,92,83,78,76,Yes,Bad,Under-7,H
F,Jordan,Jordan,lowerlevel,G-02,A,Arabic,S,Father,20,11,18,78,No,Bad,Above-7,L
F,Jordan,Jordan,MiddleSchool,G-08,A,Geology,F,Mum,51,53,40,40,Yes,Good,Above-7,M
F,Jordan,Jordan,MiddleSchool,G-08,A,Geology,F,Father,56,78,36,34,No,Bad,Under-7,M
M,KW,KuwaIT,MiddleSchool,G-07,A,IT,F,Father,65,69,63,26,No,Good,Under-7,M
M,KW,KuwaIT,MiddleSchool,G-08,A,Arabic,F,Father,13,8,8,18,No,Bad,Above-7,L
M,Syria,Syria,MiddleSchool,G-07,A,Quran,F,Father,19,72,15,50,Yes,Good,Above-7,M
F,KW,KuwaIT,HighSchool,G-12,A,English,F,Father,25,10,19,30,No,Bad,Above-7,M
M,Jordan,Jordan,lowerlevel,G-02,B,French,F,Mum,44,88,44,38,No,Bad,Under-7,M
F,lebanon,lebanon,lowerlevel,G-02,B,French,F,Mum,64,70,68,70,Yes,Good,Under-7,H
F,KW,KuwaIT,MiddleSchool,G-08,A,Arabic,F,Father,62,86,49,61,Yes,Good,Under-7,H
M,KW,KuwaIT,lowerlevel,G-02,B,IT,F,Father,12,30,0,17,No,Good,Above-7,L
F,Jordan,Jordan,lowerlevel,G-02,A,French,F,Mum,44,86,48,54,No,Good,Under-7,M
M,Palestine,Palestine,MiddleSchool,G-08,A,Geology,F,Father,74,94,70,68,Yes,Good,Under-7,M
M,KW,KuwaIT,lowerlevel,G-02,B,IT,F,Father,19,17,10,47,No,Bad,Above-7,L
M,KW,KuwaIT,MiddleSchool,G-08,A,Arabic,S,Father,12,16,26,50,Yes,Good,Above-7,L
M,KW,KuwaIT,lowerlevel,G-02,C,IT,F,Father,77,81,69,62,No,Good,Under-7,M
F,Jordan,Jordan,MiddleSchool,G-08,A,Chemistry,S,Father,72,97,54,65,Yes,Good,Under-7,H
M,Egypt,Egypt,lowerlevel,G-04,A,English,S,Mum,15,27,19,12,No,Good,Above-7,L
M,KW,KuwaIT,MiddleSchool,G-08,A,Arabic,S,Mum,83,81,64,65,No,Bad,Under-7,H
M,KW,KuwaIT,lowerlevel,G-02,B,IT,F,Father,12,34,10,21,No,Good,Above-7,L
F,Jordan,Jordan,MiddleSchool,G-06,A,English,F,Mum,78,71,64,64,No,Good,Under-7,H
F,Jordan,Jordan,lowerlevel,G-02,B,French,F,Mum,49,60,46,16,Yes,Good,Under-7,M
M,Jordan,Jordan,MiddleSchool,G-07,A,Biology,S,Father,40,32,8,16,No,Good,Above-7,M
M,Iraq,Iraq,lowerlevel,G-02,A,Arabic,F,Father,80,95,21,28,Yes,Good,Under-7,H
F,Jordan,lebanon,lowerlevel,G-04,B,Science,F,Mum,80,88,80,81,Yes,Good,Under-7,H
F,KW,KuwaIT,lowerlevel,G-02,C,IT,F,Mum,61,67,63,44,Yes,Good,Above-7,M
F,Jordan,Jordan,MiddleSchool,G-08,A,Chemistry,S,Father,17,12,7,22,No,Bad,Above-7,L
F,Jordan,Jordan,lowerlevel,G-02,B,French,F,Mum,30,90,50,35,Yes,Good,Under-7,M
M,KW,KuwaIT,MiddleSchool,G-07,A,Math,F,Father,16,14,6,20,Yes,Good,Above-7,L
M,Jordan,SaudiArabia,MiddleSchool,G-08,A,Geology,S,Father,74,81,37,78,No,Bad,Under-7,M
F,Jordan,Jordan,lowerlevel,G-04,B,Science,F,Mum,11,20,21,23,No,Bad,Under-7,M
M,Jordan,Palestine,MiddleSchool,G-07,A,Biology,F,Mum,54,95,47,32,Yes,Good,Under-7,H
M,KW,KuwaIT,MiddleSchool,G-07,B,IT,F,Father,71,67,45,17,Yes,Bad,Under-7,M
M,KW,KuwaIT,MiddleSchool,G-08,B,Spanish,S,Father,33,58,32,49,Yes,Bad,Under-7,M
M,Jordan,Jordan,lowerlevel,G-02,A,French,F,Mum,64,92,85,52,Yes,Good,Under-7,H
M,Egypt,Egypt,lowerlevel,G-04,A,English,S,Mum,18,38,22,11,No,Good,Above-7,L
M,Palestine,Palestine,MiddleSchool,G-07,A,Biology,F,Father,87,89,73,68,Yes,Good,Under-7,H
F,KW,KuwaIT,MiddleSchool,G-06,A,IT,F,Father,33,64,30,40,Yes,Good,Under-7,M
F,USA,USA,MiddleSchool,G-07,A,Math,F,Father,41,44,17,29,No,Good,Under-7,M
M,Jordan,Jordan,MiddleSchool,G-08,A,History,F,Mum,28,88,50,30,Yes,Good,Above-7,M
M,Jordan,Jordan,MiddleSchool,G-06,A,English,F,Father,51,35,12,27,No,Bad,Under-7,M
M,KW,KuwaIT,MiddleSchool,G-07,A,Math,F,Father,57,31,30,34,Yes,Good,Under-7,M
M,Jordan,Jordan,lowerlevel,G-02,B,French,S,Father,38,44,12,27,No,Bad,Above-7,L
F,Jordan,Jordan,lowerlevel,G-04,A,Science,S,Mum,38,79,58,87,No,Good,Under-7,H
M,KW,KuwaIT,lowerlevel,G-02,B,IT,F,Father,64,72,60,45,Yes,Bad,Under-7,H
F,KW,KuwaIT,MiddleSchool,G-07,A,English,F,Father,20,54,59,71,Yes,Bad,Above-7,M
F,Jordan,Jordan,lowerlevel,G-04,A,Science,F,Father,31,20,22,63,No,Bad,Above-7,L
F,Jordan,Jordan,lowerlevel,G-04,B,Science,S,Mum,81,64,76,56,Yes,Good,Under-7,H
M,KW,KuwaIT,MiddleSchool,G-08,B,Spanish,S,Father,3,12,48,28,No,Bad,Under-7,L
M,KW,KuwaIT,lowerlevel,G-02,B,IT,F,Father,43,68,33,69,Yes,Bad,Under-7,M
M,Jordan,Jordan,MiddleSchool,G-06,A,English,F,Father,13,89,31,15,Yes,Good,Above-7,M
M,KW,KuwaIT,lowerlevel,G-02,B,French,S,Mum,45,83,55,50,No,Bad,Under-7,M
M,Egypt,Egypt,lowerlevel,G-02,B,French,F,Mum,10,13,5,36,No,Good,Above-7,L
M,Jordan,Jordan,MiddleSchool,G-06,A,English,S,Father,20,54,42,20,Yes,Good,Above-7,M
M,KW,KuwaIT,lowerlevel,G-04,A,Math,S,Father,29,26,43,50,Yes,Good,Under-7,H
M,Iraq,Iraq,MiddleSchool,G-06,A,English,F,Mum,74,71,56,37,No,Good,Under-7,H
M,KW,KuwaIT,MiddleSchool,G-07,B,Science,S,Mum,18,66,43,42,Yes,Good,Above-7,M
M,SaudiArabia,USA,HighSchool,G-11,B,Math,S,Father,50,68,49,63,Yes,Bad,Under-7,H
M,Jordan,Jordan,lowerlevel,G-02,A,Arabic,S,Father,30,92,43,61,Yes,Good,Above-7,M
M,KW,KuwaIT,MiddleSchool,G-07,A,Math,F,Father,9,2,8,31,Yes,Good,Above-7,L
F,KW,KuwaIT,lowerlevel,G-04,A,Science,S,Father,46,80,69,76,No,Bad,Under-7,M
M,Jordan,Jordan,MiddleSchool,G-07,A,Biology,S,Father,58,56,56,50,Yes,Bad,Under-7,M
M,KW,KuwaIT,lowerlevel,G-02,C,IT,S,Father,37,44,10,24,No,Bad,Above-7,L
M,KW,KuwaIT,lowerlevel,G-02,B,IT,F,Father,16,15,8,80,No,Bad,Above-7,L
F,Jordan,Jordan,lowerlevel,G-05,A,English,F,Mum,16,8,21,17,No,Good,Above-7,L
F,Jordan,Jordan,MiddleSchool,G-08,A,Chemistry,F,Father,4,18,35,15,No,Bad,Above-7,L
F,Jordan,Jordan,lowerlevel,G-02,B,French,S,Mum,63,89,26,39,No,Good,Under-7,H
M,Jordan,Jordan,lowerlevel,G-04,A,Science,S,Father,6,13,11,4,No,Bad,Above-7,L
F,Iraq,Iraq,lowerlevel,G-02,B,Arabic,S,Mum,90,91,71,32,Yes,Good,Under-7,H
M,Jordan,SaudiArabia,MiddleSchool,G-08,A,Geology,F,Father,70,72,51,53,No,Bad,Under-7,H
M,Jordan,Palestine,MiddleSchool,G-07,A,Biology,F,Mum,78,92,70,70,Yes,Good,Under-7,H
M,Jordan,Jordan,lowerlevel,G-02,B,French,S,Mum,55,95,40,24,Yes,Good,Under-7,H
F,KW,USA,HighSchool,G-11,A,Quran,F,Mum,60,80,50,40,No,Bad,Under-7,M
M,KW,KuwaIT,MiddleSchool,G-07,B,IT,F,Father,38,48,20,61,No,Bad,Above-7,M
M,KW,KuwaIT,lowerlevel,G-04,A,IT,F,Father,23,27,9,23,Yes,Good,Under-7,M
F,Jordan,Jordan,lowerlevel,G-02,B,IT,F,Mum,75,92,37,33,Yes,Good,Under-7,H
M,Jordan,Jordan,MiddleSchool,G-07,A,Biology,F,Mum,8,7,5,17,No,Bad,Above-7,L
F,USA,USA,MiddleSchool,G-07,A,Math,F,Father,72,72,59,18,No,Good,Under-7,M
M,Palestine,Jordan,MiddleSchool,G-08,A,History,S,Father,71,89,29,24,Yes,Good,Under-7,M
M,KW,KuwaIT,MiddleSchool,G-08,A,Arabic,S,Mum,73,85,45,37,Yes,Bad,Under-7,H
M,Jordan,Jordan,lowerlevel,G-02,B,French,S,Father,29,88,25,26,Yes,Good,Under-7,M
F,Jordan,Jordan,MiddleSchool,G-08,A,History,F,Father,40,45,30,80,Yes,Good,Under-7,M
M,KW,KuwaIT,HighSchool,G-10,A,IT,F,Father,27,25,12,22,Yes,Bad,Under-7,M
M,Jordan,Jordan,MiddleSchool,G-06,A,English,F,Father,43,33,18,26,Yes,Bad,Above-7,M
M,Jordan,Jordan,lowerlevel,G-02,A,French,S,Father,40,25,30,12,No,Bad,Above-7,L
M,KW,KuwaIT,MiddleSchool,G-08,C,Spanish,S,Mum,35,69,39,33,Yes,Good,Under-7,M
M,KW,KuwaIT,MiddleSchool,G-07,B,IT,S,Mum,83,93,67,66,Yes,Bad,Under-7,H
F,lebanon,lebanon,MiddleSchool,G-06,A,English,S,Mum,87,67,75,56,Yes,Good,Under-7,H
F,Jordan,Jordan,MiddleSchool,G-08,A,Chemistry,S,Mum,75,83,45,74,Yes,Good,Under-7,H
M,Jordan,Jordan,lowerlevel,G-02,A,Arabic,F,Father,42,86,38,46,Yes,Good,Above-7,M
F,KW,USA,HighSchool,G-11,A,Quran,S,Mum,80,85,96,58,Yes,Good,Under-7,H
M,Jordan,SaudiArabia,lowerlevel,G-02,B,Arabic,F,Mum,4,10,11,7,No,Good,Above-7,L
M,KW,KuwaIT,MiddleSchool,G-07,B,Science,S,Father,12,8,18,26,No,Bad,Above-7,L
M,Jordan,USA,MiddleSchool,G-07,A,Quran,F,Mum,94,84,69,41,No,Bad,Under-7,M
M,KW,KuwaIT,lowerlevel,G-02,C,IT,F,Father,45,55,51,80,No,Good,Under-7,M
M,Iran,Iran,lowerlevel,G-02,B,French,S,Mum,28,11,39,25,No,Good,Above-7,L
F,KW,KuwaIT,MiddleSchool,G-08,A,Arabic,F,Father,22,60,40,28,No,Bad,Under-7,M
M,Jordan,Jordan,lowerlevel,G-02,B,French,F,Father,67,87,65,16,Yes,Good,Under-7,M
F,Jordan,Jordan,lowerlevel,G-02,B,French,S,Father,19,19,48,21,Yes,Bad,Above-7,M
M,KW,KuwaIT,lowerlevel,G-04,A,IT,S,Father,65,86,62,40,No,Good,Above-7,M
F,Iraq,Iraq,lowerlevel,G-02,B,French,F,Father,36,91,15,15,No,Good,Under-7,M
F,USA,USA,HighSchool,G-12,A,English,F,Mum,73,79,44,66,Yes,Good,Under-7,H
F,Jordan,Jordan,lowerlevel,G-02,B,French,S,Father,35,46,52,35,Yes,Bad,Above-7,M
M,Jordan,Jordan,MiddleSchool,G-07,A,Quran,F,Mum,48,92,26,51,Yes,Good,Under-7,M
M,KW,KuwaIT,MiddleSchool,G-07,A,IT,F,Father,43,34,14,23,Yes,Good,Under-7,M
M,Egypt,Egypt,lowerlevel,G-02,B,French,S,Mum,27,12,3,15,No,Good,Above-7,L
M,Iran,Iran,MiddleSchool,G-08,A,Spanish,S,Mum,65,55,39,40,No,Bad,Above-7,M
M,Jordan,Jordan,lowerlevel,G-02,A,French,S,Father,14,8,27,30,No,Bad,Above-7,L
F,Jordan,Jordan,lowerlevel,G-04,A,Science,S,Mum,72,73,79,73,No,Good,Under-7,H
M,Jordan,Jordan,MiddleSchool,G-07,B,Science,S,Father,33,12,14,41,No,Bad,Above-7,L
F,KW,KuwaIT,lowerlevel,G-02,C,IT,F,Mum,36,51,33,19,Yes,Good,Above-7,M
M,Jordan,Jordan,MiddleSchool,G-06,A,English,F,Father,37,18,30,29,No,Bad,Above-7,M
F,KW,KuwaIT,lowerlevel,G-02,B,IT,F,Father,61,73,27,20,Yes,Good,Under-7,H
M,KW,KuwaIT,MiddleSchool,G-07,B,Science,S,Mum,34,70,59,53,Yes,Good,Above-7,M
F,Syria,Syria,MiddleSchool,G-07,A,Biology,F,Mum,96,95,70,70,Yes,Good,Under-7,H
F,Iraq,Iraq,lowerlevel,G-02,B,Arabic,F,Mum,89,92,40,28,Yes,Good,Under-7,H
M,KW,KuwaIT,MiddleSchool,G-07,A,IT,F,Father,14,14,31,45,Yes,Good,Above-7,L
M,Jordan,Jordan,MiddleSchool,G-07,B,Biology,F,Father,72,80,52,29,No,Bad,Under-7,M
F,Jordan,Jordan,MiddleSchool,G-07,A,Biology,S,Mum,72,75,62,27,Yes,Good,Above-7,M
M,KW,KuwaIT,lowerlevel,G-02,B,IT,F,Father,9,23,3,14,No,Good,Above-7,L
M,Jordan,Jordan,lowerlevel,G-02,B,Arabic,S,Father,6,11,23,27,Yes,Bad,Above-7,L
M,KW,KuwaIT,MiddleSchool,G-07,A,Math,F,Father,21,18,1,42,No,Bad,Above-7,L
M,KW,KuwaIT,MiddleSchool,G-08,A,Spanish,S,Mum,72,83,12,90,Yes,Good,Under-7,H
M,Iran,Iran,MiddleSchool,G-08,A,Spanish,S,Mum,45,40,23,43,No,Bad,Above-7,M
M,KW,KuwaIT,MiddleSchool,G-08,C,Spanish,S,Mum,84,73,42,67,Yes,Bad,Under-7,H
M,Iraq,Iraq,MiddleSchool,G-08,A,History,S,Father,68,80,78,63,Yes,Good,Above-7,M
F,Jordan,Jordan,MiddleSchool,G-08,A,Chemistry,F,Father,2,7,4,8,No,Bad,Above-7,L
F,KW,KuwaIT,lowerlevel,G-04,A,History,S,Father,81,90,71,81,Yes,Good,Under-7,M
M,KW,KuwaIT,lowerlevel,G-04,A,Math,S,Father,44,42,41,39,Yes,Good,Under-7,H
F,KW,KuwaIT,MiddleSchool,G-07,B,IT,F,Father,70,80,25,70,Yes,Good,Under-7,M
M,KW,KuwaIT,MiddleSchool,G-08,A,Science,F,Father,76,81,49,54,Yes,Good,Under-7,M
M,KW,KuwaIT,MiddleSchool,G-08,C,Spanish,S,Father,53,81,41,58,No,Bad,Under-7,M
M,KW,KuwaIT,lowerlevel,G-04,A,History,S,Father,10,17,12,40,Yes,Good,Under-7,H
F,KW,KuwaIT,lowerlevel,G-07,A,IT,F,Father,9,5,5,43,Yes,Good,Above-7,L
F,Jordan,KuwaIT,MiddleSchool,G-08,C,Spanish,S,Father,60,63,46,20,Yes,Good,Under-7,M
F,Jordan,Jordan,lowerlevel,G-02,B,French,F,Mum,33,91,27,25,No,Good,Under-7,H
M,KW,KuwaIT,lowerlevel,G-04,A,IT,S,Father,68,84,70,27,No,Good,Above-7,M
M,KW,KuwaIT,MiddleSchool,G-07,B,Science,S,Father,18,18,13,13,No,Bad,Above-7,L
F,Jordan,Jordan,MiddleSchool,G-07,B,Biology,F,Mum,73,73,35,29,No,Good,Under-7,H
M,Jordan,Jordan,MiddleSchool,G-08,A,Chemistry,S,Mum,43,36,31,53,Yes,Good,Above-7,L
M,KW,KuwaIT,HighSchool,G-12,A,English,F,Mum,13,27,10,20,No,Bad,Above-7,L
M,Iraq,Iraq,MiddleSchool,G-08,A,Chemistry,S,Father,75,71,74,68,Yes,Good,Under-7,H
M,SaudiArabia,SaudiArabia,lowerlevel,G-02,B,IT,F,Father,18,26,13,19,No,Bad,Above-7,M
F,lebanon,lebanon,lowerlevel,G-02,B,French,S,Mum,36,79,21,14,Yes,Bad,Under-7,H
M,KW,KuwaIT,MiddleSchool,G-08,A,Arabic,F,Father,19,22,31,62,No,Bad,Above-7,L
M,KW,KuwaIT,lowerlevel,G-02,B,IT,F,Father,9,1,4,8,No,Bad,Above-7,L
F,KW,KuwaIT,lowerlevel,G-02,C,IT,F,Father,16,19,10,31,No,Bad,Under-7,M
F,Palestine,Jordan,lowerlevel,G-02,B,French,S,Father,83,85,31,13,No,Good,Under-7,M
F,Jordan,Jordan,lowerlevel,G-02,B,French,S,Mum,24,93,16,18,No,Good,Under-7,H
M,Jordan,Jordan,lowerlevel,G-02,B,French,S,Father,25,87,21,27,Yes,Good,Under-7,M
F,Iraq,Iraq,lowerlevel,G-02,B,Arabic,F,Mum,90,91,60,60,Yes,Good,Under-7,H
M,Jordan,Jordan,MiddleSchool,G-08,A,History,F,Mum,83,88,67,69,Yes,Good,Under-7,H
M,KW,KuwaIT,MiddleSchool,G-08,A,Science,F,Father,73,82,66,60,Yes,Good,Under-7,M
M,Palestine,Jordan,MiddleSchool,G-08,A,History,F,Father,81,86,86,41,Yes,Good,Under-7,M
F,Jordan,Jordan,MiddleSchool,G-07,B,Science,S,Mum,71,84,64,46,Yes,Good,Under-7,H
M,USA,USA,lowerlevel,G-02,B,IT,F,Father,53,84,35,49,Yes,Good,Under-7,H
F,lebanon,lebanon,MiddleSchool,G-07,A,Quran,S,Mum,88,49,48,80,Yes,Good,Under-7,H
M,KW,KuwaIT,lowerlevel,G-04,A,IT,F,Father,20,23,7,25,Yes,Good,Under-7,M
M,venzuela,venzuela,HighSchool,G-10,A,IT,F,Mum,82,89,76,80,Yes,Good,Under-7,H
M,KW,KuwaIT,MiddleSchool,G-07,A,Quran,S,Father,11,9,14,13,No,Bad,Above-7,L
F,Iraq,Iraq,lowerlevel,G-02,B,Arabic,S,Mum,95,90,56,31,Yes,Good,Under-7,H
F,USA,USA,MiddleSchool,G-07,A,Math,F,Father,18,46,64,19,No,Good,Under-7,M
F,KW,KuwaIT,MiddleSchool,G-08,A,Arabic,F,Father,43,73,57,74,Yes,Good,Under-7,H
M,KW,KuwaIT,MiddleSchool,G-08,C,Spanish,S,Father,45,66,41,63,No,Bad,Under-7,M
M,KW,KuwaIT,HighSchool,G-11,A,Quran,F,Father,12,9,14,34,No,Bad,Above-7,L
M,Tunis,Tunis,MiddleSchool,G-08,C,Spanish,S,Mum,91,70,42,62,Yes,Good,Under-7,H
F,KW,USA,HighSchool,G-11,A,Quran,S,Mum,76,84,86,77,Yes,Good,Under-7,H
M,Jordan,Jordan,lowerlevel,G-02,B,Arabic,S,Father,41,18,25,21,No,Bad,Above-7,L
M,KW,KuwaIT,lowerlevel,G-04,A,IT,F,Father,43,41,18,59,No,Bad,Above-7,M
M,Jordan,Jordan,MiddleSchool,G-07,A,Biology,S,Mum,6,13,12,30,No,Bad,Above-7,L
F,Jordan,Jordan,MiddleSchool,G-06,A,English,S,Mum,24,30,47,24,No,Good,Under-7,M
M,KW,KuwaIT,lowerlevel,G-02,A,IT,S,Father,12,60,0,70,Yes,Good,Above-7,L
M,Jordan,Jordan,MiddleSchool,G-08,A,Chemistry,F,Mum,39,41,28,20,Yes,Good,Under-7,M
M,Jordan,Jordan,lowerlevel,G-04,B,Science,F,Father,40,40,39,36,No,Good,Above-7,M
M,KW,KuwaIT,MiddleSchool,G-08,A,Spanish,S,Father,3,13,10,26,No,Bad,Above-7,L
F,KW,KuwaIT,HighSchool,G-12,A,English,F,Father,47,88,17,35,No,Bad,Under-7,M
M,KW,KuwaIT,MiddleSchool,G-07,A,Math,F,Father,75,70,66,71,Yes,Good,Under-7,M
M,Iraq,Iraq,MiddleSchool,G-08,A,Geology,F,Father,55,48,57,48,Yes,Good,Above-7,M
M,KW,KuwaIT,MiddleSchool,G-07,A,Quran,F,Father,35,20,20,56,No,Good,Above-7,L
M,Jordan,Jordan,MiddleSchool,G-08,A,Chemistry,S,Mum,48,41,49,23,Yes,Good,Above-7,M
M,Jordan,Jordan,MiddleSchool,G-07,A,Biology,S,Father,72,90,54,30,No,Good,Under-7,H
M,Jordan,Jordan,MiddleSchool,G-07,A,Biology,S,Father,29,39,27,29,No,Good,Above-7,M
M,Syria,Syria,MiddleSchool,G-07,A,Quran,F,Father,19,65,17,48,Yes,Good,Above-7,M
F,KW,KuwaIT,MiddleSchool,G-08,B,Arabic,S,Father,20,37,40,28,Yes,Bad,Under-7,M
F,Jordan,Jordan,MiddleSchool,G-08,A,History,S,Father,39,88,43,72,Yes,Good,Under-7,M
M,KW,KuwaIT,MiddleSchool,G-07,B,Science,F,Father,17,5,9,14,No,Bad,Above-7,L
F,Jordan,Jordan,MiddleSchool,G-08,A,Chemistry,F,Father,12,10,11,75,No,Bad,Above-7,L
M,KW,KuwaIT,lowerlevel,G-02,B,IT,F,Father,24,38,24,53,No,Bad,Under-7,L
M,Tunis,Tunis,MiddleSchool,G-07,A,Quran,S,Father,16,38,33,44,No,Bad,Above-7,L
M,Jordan,Jordan,MiddleSchool,G-07,A,Biology,F,Father,77,80,82,88,No,Good,Under-7,H
M,Jordan,Jordan,MiddleSchool,G-08,A,Chemistry,S,Mum,47,53,48,64,Yes,Good,Above-7,L
M,KW,KuwaIT,MiddleSchool,G-08,A,Spanish,S,Mum,47,82,17,59,Yes,Good,Under-7,H
F,Iraq,Iraq,lowerlevel,G-02,B,French,S,Father,34,81,26,19,No,Good,Under-7,M
M,KW,KuwaIT,lowerlevel,G-02,B,IT,F,Father,3,7,5,14,No,Bad,Above-7,L
M,Jordan,Jordan,MiddleSchool,G-07,A,Quran,F,Mum,41,85,33,57,Yes,Good,Under-7,M
M,KW,KuwaIT,lowerlevel,G-02,B,French,S,Father,47,65,71,42,Yes,Good,Under-7,H
F,Jordan,Jordan,lowerlevel,G-02,B,French,S,Mum,17,37,11,59,Yes,Good,Under-7,M
M,KW,KuwaIT,MiddleSchool,G-07,A,Quran,S,Father,80,86,54,79,Yes,Good,Under-7,H
M,Jordan,Palestine,MiddleSchool,G-07,A,Biology,S,Mum,54,98,50,53,Yes,Good,Under-7,H
M,Palestine,Jordan,MiddleSchool,G-07,B,Biology,S,Father,76,78,77,57,Yes,Good,Under-7,M
M,Jordan,Jordan,lowerlevel,G-04,A,Science,S,Father,33,35,33,25,No,Good,Above-7,M
M,Jordan,Jordan,MiddleSchool,G-06,A,English,S,Father,25,36,48,16,Yes,Bad,Above-7,M
M,KW,KuwaIT,lowerlevel,G-02,B,IT,F,Father,8,10,6,17,No,Bad,Above-7,L
F,Jordan,Jordan,MiddleSchool,G-07,B,Science,S,Mum,40,82,69,47,Yes,Good,Above-7,M
M,Jordan,Jordan,MiddleSchool,G-07,A,Biology,F,Father,44,81,55,62,Yes,Bad,Under-7,M
M,KW,KuwaIT,MiddleSchool,G-07,A,Math,F,Father,36,41,26,27,Yes,Good,Under-7,M
M,KW,KuwaIT,lowerlevel,G-02,A,IT,S,Father,7,11,1,18,Yes,Good,Above-7,L
M,Jordan,Jordan,lowerlevel,G-02,C,IT,F,Father,57,42,24,67,Yes,Good,Under-7,M
M,KW,KuwaIT,HighSchool,G-10,A,IT,F,Father,15,11,15,10,Yes,Bad,Under-7,M
M,Tunis,Tunis,MiddleSchool,G-07,A,Quran,S,Father,17,42,35,39,No,Bad,Above-7,L
M,Jordan,SaudiArabia,MiddleSchool,G-08,A,Geology,F,Father,77,86,31,57,No,Bad,Under-7,H
M,KW,KuwaIT,MiddleSchool,G-07,B,IT,S,Mum,44,88,54,59,Yes,Bad,Under-7,H
F,SaudiArabia,SaudiArabia,MiddleSchool,G-07,B,Science,F,Father,72,88,19,30,Yes,Good,Under-7,M
F,Jordan,Jordan,MiddleSchool,G-08,A,Geology,S,Father,60,82,41,47,No,Bad,Under-7,M
F,Jordan,lebanon,lowerlevel,G-04,B,Science,F,Mum,76,85,83,79,Yes,Good,Under-7,H
F,Jordan,Jordan,MiddleSchool,G-06,A,English,F,Mum,65,72,71,90,Yes,Good,Under-7,H
F,Jordan,Jordan,MiddleSchool,G-08,A,Geology,S,Father,28,71,39,28,Yes,Good,Above-7,M
F,KW,KuwaIT,MiddleSchool,G-07,B,IT,F,Father,19,21,15,81,No,Bad,Under-7,M
M,Jordan,Jordan,MiddleSchool,G-07,A,Biology,S,Father,58,89,62,82,No,Good,Under-7,H
F,Jordan,Jordan,MiddleSchool,G-08,A,Geology,F,Mum,75,64,57,43,Yes,Good,Under-7,H
M,KW,KuwaIT,MiddleSchool,G-08,A,Arabic,S,Mum,50,90,50,32,Yes,Bad,Under-7,H
F,Jordan,USA,lowerlevel,G-02,B,French,S,Mum,35,79,43,28,No,Bad,Above-7,M
M,USA,USA,MiddleSchool,G-08,B,Math,F,Father,16,3,9,5,Yes,Good,Above-7,L
F,lebanon,lebanon,MiddleSchool,G-07,A,Quran,S,Father,44,85,45,17,No,Bad,Under-7,M
F,lebanon,lebanon,MiddleSchool,G-08,A,Arabic,S,Father,59,56,56,28,No,Bad,Under-7,M
F,KW,KuwaIT,lowerlevel,G-02,B,IT,F,Father,76,78,78,73,Yes,Good,Under-7,H
F,lebanon,lebanon,MiddleSchool,G-06,A,English,S,Mum,89,65,80,62,Yes,Good,Under-7,H
M,KW,KuwaIT,MiddleSchool,G-08,B,Arabic,S,Father,23,10,14,39,Yes,Good,Under-7,M
M,Iran,Iran,HighSchool,G-09,A,IT,F,Mum,27,76,30,43,Yes,Good,Under-7,M
M,Iraq,Iraq,MiddleSchool,G-06,A,English,F,Mum,67,67,62,45,No,Good,Under-7,H
M,Iraq,Iraq,MiddleSchool,G-08,A,History,S,Father,85,85,59,30,Yes,Good,Above-7,M
M,Jordan,SaudiArabia,MiddleSchool,G-08,C,Spanish,S,Mum,37,74,66,28,Yes,Good,Under-7,H
M,Jordan,Jordan,lowerlevel,G-02,A,French,S,Mum,50,82,61,12,Yes,Good,Under-7,H
M,Iraq,Iraq,MiddleSchool,G-06,A,English,F,Mum,76,69,44,31,No,Good,Under-7,H
M,KW,KuwaIT,lowerlevel,G-04,A,English,S,Father,56,93,38,75,Yes,Good,Under-7,H
M,KW,KuwaIT,MiddleSchool,G-07,A,Quran,S,Father,80,90,55,19,Yes,Good,Under-7,H
M,Palestine,Jordan,MiddleSchool,G-06,A,English,F,Mum,88,53,12,50,Yes,Good,Under-7,H
M,KW,KuwaIT,lowerlevel,G-02,B,IT,F,Father,61,77,60,21,Yes,Good,Above-7,H
M,Jordan,Jordan,MiddleSchool,G-08,A,Chemistry,S,Mum,70,67,59,19,Yes,Good,Above-7,M
M,Palestine,Jordan,lowerlevel,G-04,B,Science,F,Mum,58,44,44,53,Yes,Good,Above-7,M
F,Jordan,Jordan,lowerlevel,G-04,A,Science,F,Mum,61,93,60,46,No,Good,Under-7,H
M,Egypt,Egypt,lowerlevel,G-02,B,French,F,Mum,3,7,4,5,No,Good,Above-7,L
M,Jordan,Palestine,MiddleSchool,G-07,A,Biology,S,Mum,70,98,54,72,Yes,Good,Under-7,H
F,KW,KuwaIT,lowerlevel,G-02,B,IT,F,Father,8,30,5,20,No,Bad,Above-7,L
M,SaudiArabia,USA,HighSchool,G-11,A,Science,S,Father,45,71,67,86,Yes,Good,Under-7,M
M,SaudiArabia,USA,HighSchool,G-11,B,Spanish,S,Father,2,9,8,11,No,Bad,Above-7,L
F,Jordan,Jordan,lowerlevel,G-04,B,Science,F,Father,38,50,35,38,Yes,Bad,Under-7,M
M,Tunis,Tunis,MiddleSchool,G-07,A,Quran,F,Father,27,29,18,50,Yes,Bad,Above-7,L
M,Jordan,Jordan,MiddleSchool,G-07,A,Biology,F,Father,94,88,85,76,No,Good,Under-7,H
M,Jordan,Jordan,lowerlevel,G-02,B,French,S,Mum,28,90,23,17,No,Bad,Under-7,M
M,KW,KuwaIT,HighSchool,G-11,A,Quran,F,Father,17,18,13,9,No,Bad,Above-7,L
M,Iraq,Iraq,lowerlevel,G-02,A,Arabic,F,Father,81,90,47,55,Yes,Good,Under-7,H
M,lebanon,lebanon,MiddleSchool,G-08,A,Math,F,Father,18,12,10,26,No,Bad,Above-7,L
M,KW,KuwaIT,lowerlevel,G-04,A,English,S,Mum,53,25,13,16,No,Bad,Above-7,L
M,USA,USA,MiddleSchool,G-08,B,Math,F,Father,13,7,2,19,Yes,Good,Above-7,L
M,KW,KuwaIT,HighSchool,G-10,A,IT,F,Father,60,68,36,35,Yes,Good,Under-7,M
M,Tunis,Tunis,HighSchool,G-11,B,Science,S,Father,57,44,31,43,No,Good,Under-7,M
M,Lybia,Lybia,lowerlevel,G-02,B,French,S,Mum,26,9,5,13,No,Good,Above-7,L
M,Jordan,Jordan,MiddleSchool,G-07,A,Quran,F,Mum,59,88,46,49,Yes,Good,Under-7,M
M,Jordan,SaudiArabia,MiddleSchool,G-08,C,Spanish,S,Mum,35,82,75,15,Yes,Good,Under-7,H
F,KW,KuwaIT,lowerlevel,G-02,C,IT,F,Mum,58,71,21,21,No,Good,Under-7,H
M,KW,KuwaIT,MiddleSchool,G-07,A,Quran,S,Father,67,70,65,41,Yes,Good,Under-7,H
F,Jordan,Jordan,MiddleSchool,G-08,A,Chemistry,S,Father,41,78,19,11,Yes,Good,Under-7,H
M,KW,KuwaIT,MiddleSchool,G-08,B,Spanish,S,Father,53,81,51,74,Yes,Bad,Under-7,M
M,Jordan,Jordan,MiddleSchool,G-06,A,English,S,Father,35,45,29,19,No,Bad,Under-7,H
M,Jordan,Jordan,lowerlevel,G-02,A,French,F,Mum,55,90,80,17,Yes,Good,Under-7,H
F,KW,KuwaIT,HighSchool,G-09,A,IT,F,Father,69,71,69,76,Yes,Good,Under-7,M
M,Palestine,Jordan,MiddleSchool,G-07,B,Biology,F,Father,78,80,66,51,Yes,Good,Under-7,M
F,Iraq,Iraq,lowerlevel,G-02,B,Arabic,S,Mum,63,76,52,33,Yes,Good,Under-7,H
M,lebanon,lebanon,MiddleSchool,G-08,C,Spanish,S,Father,72,61,43,38,No,Good,Under-7,M
M,Jordan,Jordan,MiddleSchool,G-08,A,Geology,F,Mum,61,84,70,19,Yes,Good,Under-7,M
F,lebanon,lebanon,MiddleSchool,G-08,A,Arabic,S,Mum,54,66,50,40,Yes,Good,Under-7,H
M,Tunis,Tunis,MiddleSchool,G-07,A,Quran,S,Father,11,37,30,9,No,Bad,Above-7,L
M,Tunis,Tunis,MiddleSchool,G-07,A,Quran,S,Father,10,79,53,15,Yes,Good,Under-7,M
M,KW,KuwaIT,lowerlevel,G-02,B,IT,F,Father,11,2,0,50,No,Bad,Above-7,L
M,Iraq,Iraq,MiddleSchool,G-07,B,Biology,S,Father,89,92,89,83,Yes,Good,Under-7,H
M,KW,KuwaIT,MiddleSchool,G-07,A,Quran,S,Father,80,90,54,24,Yes,Good,Under-7,H
F,Tunis,USA,HighSchool,G-11,B,French,S,Father,27,32,38,26,Yes,Good,Under-7,M
M,KW,KuwaIT,MiddleSchool,G-07,B,Science,S,Father,9,8,8,8,No,Bad,Above-7,L
M,KW,KuwaIT,HighSchool,G-11,A,Quran,F,Father,18,31,33,11,No,Bad,Above-7,L
F,Jordan,Jordan,lowerlevel,G-02,A,French,S,Mum,60,90,45,34,Yes,Good,Under-7,H
M,Lybia,Lybia,lowerlevel,G-02,B,French,F,Mum,17,4,10,5,No,Good,Above-7,L
M,Jordan,Jordan,lowerlevel,G-02,B,French,F,Father,49,86,38,20,Yes,Good,Under-7,M
M,KW,KuwaIT,MiddleSchool,G-07,B,IT,F,Father,54,51,6,56,Yes,Bad,Under-7,M
F,Morocco,Morocco,lowerlevel,G-02,B,French,S,Mum,84,72,81,75,Yes,Good,Under-7,H
M,KW,KuwaIT,MiddleSchool,G-07,A,Math,F,Father,15,31,17,21,Yes,Good,Above-7,L
F,Syria,Syria,MiddleSchool,G-07,A,Biology,F,Mum,89,90,75,76,Yes,Good,Under-7,H
M,KW,KuwaIT,lowerlevel,G-04,A,Arabic,S,Father,32,27,8,37,No,Bad,Above-7,L
F,KW,KuwaIT,MiddleSchool,G-08,A,Arabic,F,Father,65,87,49,38,Yes,Good,Under-7,H
M,KW,KuwaIT,lowerlevel,G-04,A,IT,F,Father,19,20,5,24,No,Bad,Above-7,L
M,KW,KuwaIT,lowerlevel,G-02,C,IT,F,Mum,43,42,27,66,Yes,Good,Under-7,M
M,KW,KuwaIT,MiddleSchool,G-08,A,Spanish,S,Father,27,25,15,10,No,Bad,Above-7,L
F,Jordan,Jordan,MiddleSchool,G-06,A,English,S,Mum,73,88,30,36,Yes,Good,Under-7,H
F,Jordan,Jordan,MiddleSchool,G-06,A,English,F,Mum,53,79,83,89,Yes,Good,Under-7,H
M,Lybia,Lybia,lowerlevel,G-02,A,French,S,Mum,17,6,12,3,No,Good,Above-7,L
M,Morocco,Morocco,MiddleSchool,G-08,A,Arabic,S,Mum,78,81,45,42,No,Bad,Under-7,M
M,KW,KuwaIT,MiddleSchool,G-08,B,Arabic,S,Mum,54,90,72,60,Yes,Bad,Under-7,H
M,Jordan,Jordan,MiddleSchool,G-08,A,Chemistry,S,Mum,54,66,23,33,Yes,Good,Above-7,L
M,KW,KuwaIT,MiddleSchool,G-07,A,IT,F,Father,21,8,18,30,Yes,Good,Above-7,L
M,Jordan,Jordan,lowerlevel,G-02,B,French,S,Mum,50,72,42,36,Yes,Good,Above-7,M
M,Egypt,Egypt,lowerlevel,G-04,A,Math,S,Mum,70,90,62,40,No,Bad,Above-7,M
F,Jordan,Jordan,MiddleSchool,G-07,B,Biology,F,Mum,41,96,35,22,No,Good,Under-7,H
M,KW,KuwaIT,MiddleSchool,G-07,A,Math,F,Father,59,29,46,74,No,Bad,Above-7,M
M,Lybia,Lybia,lowerlevel,G-02,A,French,S,Mum,15,7,12,7,No,Good,Above-7,L
M,Palestine,Jordan,MiddleSchool,G-07,B,Biology,F,Father,42,96,40,39,Yes,Good,Under-7,H
M,KW,KuwaIT,MiddleSchool,G-08,A,Arabic,S,Mum,77,79,69,46,No,Bad,Under-7,H
M,Iraq,Iraq,lowerlevel,G-04,A,Science,S,Father,27,27,34,39,Yes,Good,Above-7,M
F,Tunis,USA,HighSchool,G-11,B,French,S,Father,42,32,27,44,Yes,Good,Under-7,M
F,Jordan,lebanon,lowerlevel,G-04,B,Science,S,Mum,72,77,84,91,Yes,Good,Under-7,H
M,Egypt,Egypt,lowerlevel,G-04,A,Math,S,Mum,44,84,38,13,No,Bad,Above-7,M
M,KW,KuwaIT,MiddleSchool,G-08,A,Arabic,S,Mum,91,71,63,61,Yes,Good,Under-7,H
F,Jordan,Jordan,MiddleSchool,G-08,A,History,F,Father,20,11,8,36,No,Bad,Above-7,L
F,Jordan,Jordan,MiddleSchool,G-08,A,Geology,F,Mum,58,79,61,82,Yes,Good,Under-7,H
M,Egypt,Egypt,lowerlevel,G-04,A,English,S,Mum,29,65,27,18,No,Good,Above-7,L
F,KW,KuwaIT,MiddleSchool,G-06,A,Math,S,Father,82,67,79,89,No,Bad,Above-7,M
M,KW,KuwaIT,lowerlevel,G-02,B,IT,F,Father,10,20,9,15,No,Good,Above-7,L
F,KW,KuwaIT,lowerlevel,G-02,B,IT,F,Father,14,13,35,37,No,Bad,Under-7,M
M,KW,KuwaIT,lowerlevel,G-02,B,French,S,Mum,68,58,34,42,Yes,Good,Under-7,H
M,KW,KuwaIT,lowerlevel,G-02,C,IT,F,Father,28,19,26,25,No,Good,Under-7,M
M,Iraq,Iraq,MiddleSchool,G-06,A,English,F,Mum,70,81,32,36,No,Good,Under-7,H
M,Iraq,Iraq,lowerlevel,G-02,A,Arabic,F,Father,85,70,67,35,Yes,Good,Under-7,H
M,KW,KuwaIT,MiddleSchool,G-07,A,IT,F,Father,22,45,49,72,No,Good,Under-7,M
F,KW,KuwaIT,lowerlevel,G-02,B,IT,F,Father,66,83,36,40,Yes,Good,Under-7,H
M,Jordan,Jordan,lowerlevel,G-02,A,French,S,Father,25,38,12,27,No,Bad,Above-7,L
M,KW,KuwaIT,lowerlevel,G-02,A,IT,F,Father,39,29,4,29,No,Bad,Above-7,L
M,Palestine,Jordan,lowerlevel,G-02,A,Arabic,F,Father,95,97,68,66,Yes,Good,Under-7,H
F,Jordan,Jordan,lowerlevel,G-04,B,Science,F,Mum,66,82,13,66,Yes,Good,Under-7,H
M,KW,KuwaIT,lowerlevel,G-02,B,IT,F,Father,95,92,90,34,Yes,Good,Under-7,H
M,Jordan,Jordan,lowerlevel,G-02,B,French,S,Father,34,87,21,22,Yes,Good,Under-7,M
M,KW,KuwaIT,lowerlevel,G-02,B,IT,F,Father,6,7,3,27,No,Bad,Above-7,L
F,Iraq,Iraq,lowerlevel,G-02,B,Arabic,S,Mum,81,91,50,33,Yes,Good,Under-7,H
M,KW,KuwaIT,MiddleSchool,G-07,B,IT,F,Father,20,38,45,59,Yes,Bad,Under-7,M
M,Jordan,Jordan,MiddleSchool,G-07,A,Biology,F,Father,37,76,35,28,No,Good,Above-7,M
F,KW,KuwaIT,HighSchool,G-09,A,IT,F,Father,81,74,54,84,No,Bad,Under-7,M
M,KW,KuwaIT,MiddleSchool,G-07,B,Science,F,Mum,10,4,7,39,Yes,Good,Above-7,L
F,Jordan,Jordan,MiddleSchool,G-08,A,Chemistry,F,Mum,81,87,31,35,Yes,Good,Under-7,H
F,KW,KuwaIT,lowerlevel,G-07,A,IT,F,Father,3,15,11,42,Yes,Good,Above-7,L
F,lebanon,lebanon,MiddleSchool,G-08,A,Arabic,S,Father,49,39,33,47,No,Bad,Under-7,M
M,Palestine,Jordan,MiddleSchool,G-06,A,English,S,Mum,88,43,51,42,Yes,Good,Under-7,H
M,Jordan,Jordan,lowerlevel,G-02,B,French,F,Father,20,50,35,19,Yes,Good,Under-7,M
M,KW,KuwaIT,MiddleSchool,G-07,B,Science,S,Mum,49,69,65,53,Yes,Good,Above-7,M
M,Palestine,Jordan,MiddleSchool,G-08,A,History,S,Father,59,83,70,58,Yes,Good,Under-7,M
M,KW,KuwaIT,HighSchool,G-10,A,IT,F,Father,53,80,25,41,Yes,Good,Under-7,M
F,KW,KuwaIT,MiddleSchool,G-06,A,Math,S,Father,71,40,73,79,No,Bad,Above-7,M
M,KW,KuwaIT,lowerlevel,G-02,B,French,S,Mum,62,60,33,25,No,Good,Under-7,M
M,KW,KuwaIT,lowerlevel,G-04,A,History,S,Father,25,28,16,38,Yes,Good,Under-7,H
F,KW,KuwaIT,lowerlevel,G-02,C,IT,F,Mum,77,80,12,19,Yes,Good,Above-7,M
M,KW,KuwaIT,lowerlevel,G-02,C,IT,F,Father,36,79,38,45,No,Good,Under-7,M
M,Jordan,Jordan,MiddleSchool,G-07,A,Biology,S,Mum,17,15,15,6,No,Bad,Above-7,L
M,Jordan,Jordan,lowerlevel,G-02,A,French,F,Father,10,8,14,64,No,Bad,Above-7,L
F,lebanon,lebanon,MiddleSchool,G-08,A,Arabic,S,Father,50,48,53,66,No,Bad,Under-7,M
M,KW,KuwaIT,lowerlevel,G-02,C,IT,F,Father,60,60,3,60,No,Bad,Under-7,M
M,KW,KuwaIT,MiddleSchool,G-08,A,Spanish,S,Father,7,9,10,9,Yes,Good,Under-7,L
M,lebanon,lebanon,MiddleSchool,G-08,A,Math,F,Father,9,18,33,14,No,Bad,Above-7,L
F,Tunis,USA,HighSchool,G-11,B,French,S,Father,60,53,31,50,Yes,Good,Under-7,M
M,KW,KuwaIT,MiddleSchool,G-08,A,Spanish,S,Father,9,15,19,11,No,Bad,Above-7,L
M,Lybia,Lybia,lowerlevel,G-02,A,French,S,Mum,60,76,3,2,No,Good,Above-7,L
F,Jordan,Jordan,MiddleSchool,G-08,A,History,S,Father,9,8,7,19,No,Bad,Above-7,L
M,Jordan,Jordan,MiddleSchool,G-07,A,Biology,F,Father,74,77,53,30,Yes,Bad,Under-7,M
M,Jordan,Jordan,MiddleSchool,G-08,A,Geology,F,Mum,85,89,87,31,Yes,Good,Under-7,M
M,KW,KuwaIT,lowerlevel,G-04,A,IT,F,Father,40,50,12,50,No,Bad,Above-7,M
M,Jordan,Jordan,lowerlevel,G-04,B,Science,S,Mum,82,88,47,90,Yes,Good,Under-7,H
M,KW,KuwaIT,MiddleSchool,G-07,B,IT,S,Mum,79,84,76,85,Yes,Bad,Under-7,H
F,Jordan,Jordan,lowerlevel,G-02,B,French,S,Mum,71,85,58,57,No,Good,Under-7,H
M,KW,KuwaIT,MiddleSchool,G-08,B,Arabic,S,Mum,28,87,65,85,Yes,Bad,Under-7,H
M,Egypt,Egypt,lowerlevel,G-04,A,English,S,Mum,28,70,34,15,No,Good,Above-7,L
M,Jordan,Jordan,MiddleSchool,G-08,A,Chemistry,S,Mum,66,71,50,61,Yes,Good,Above-7,M
M,Jordan,Jordan,MiddleSchool,G-08,A,Chemistry,S,Mum,39,40,34,26,Yes,Good,Above-7,M
F,lebanon,lebanon,MiddleSchool,G-07,B,Math,F,Mum,66,71,64,50,Yes,Bad,Under-7,H
M,KW,KuwaIT,MiddleSchool,G-08,A,Arabic,S,Father,32,52,57,38,Yes,Good,Under-7,M
F,KW,KuwaIT,lowerlevel,G-02,B,IT,F,Father,39,37,14,13,No,Good,Above-7,L
M,KW,KuwaIT,lowerlevel,G-02,B,IT,F,Father,15,40,8,33,No,Bad,Under-7,L
F,Jordan,Jordan,lowerlevel,G-04,A,Science,F,Father,37,32,31,47,No,Bad,Above-7,L
M,Jordan,Jordan,MiddleSchool,G-06,A,English,S,Father,50,49,43,44,Yes,Bad,Above-7,M
F,Jordan,Jordan,MiddleSchool,G-07,A,Biology,S,Mum,40,44,34,17,Yes,Good,Above-7,M
M,KW,KuwaIT,MiddleSchool,G-08,A,Arabic,S,Mum,60,73,55,64,Yes,Good,Under-7,H
F,Jordan,Palestine,lowerlevel,G-02,A,French,F,Mum,80,78,66,61,Yes,Good,Under-7,M
F,KW,KuwaIT,HighSchool,G-12,A,English,F,Father,47,41,37,46,No,Bad,Above-7,M
F,Jordan,lebanon,lowerlevel,G-04,B,Science,S,Mum,68,82,36,41,Yes,Good,Under-7,H
M,KW,KuwaIT,MiddleSchool,G-08,C,Spanish,S,Father,7,18,37,27,No,Good,Above-7,L
M,Palestine,Jordan,MiddleSchool,G-08,A,History,F,Father,58,84,65,38,Yes,Good,Under-7,M
F,Jordan,Jordan,lowerlevel,G-02,B,Arabic,S,Father,11,11,29,92,No,Bad,Above-7,L
M,lebanon,lebanon,MiddleSchool,G-08,A,Arabic,S,Mum,10,24,20,22,No,Bad,Above-7,L
M,KW,KuwaIT,lowerlevel,G-04,A,History,S,Father,53,63,40,26,Yes,Good,Under-7,H
M,Jordan,Jordan,MiddleSchool,G-07,B,Biology,F,Father,59,51,22,59,No,Bad,Under-7,M
F,Jordan,Jordan,lowerlevel,G-04,A,Science,S,Mum,71,63,62,57,No,Good,Under-7,H
F,KW,KuwaIT,MiddleSchool,G-07,B,IT,F,Father,45,46,40,74,No,Bad,Under-7,M
F,Jordan,Palestine,lowerlevel,G-02,A,French,F,Mum,80,85,68,86,Yes,Good,Under-7,M
F,Jordan,lebanon,lowerlevel,G-04,B,Science,S,Mum,75,90,70,60,Yes,Good,Under-7,H
M,KW,KuwaIT,HighSchool,G-12,A,English,F,Father,23,12,34,41,No,Bad,Above-7,L
M,Palestine,Jordan,MiddleSchool,G-07,B,Biology,F,Father,75,91,80,53,Yes,Good,Under-7,H
M,KW,KuwaIT,MiddleSchool,G-08,A,Arabic,S,Mum,64,56,24,36,Yes,Good,Under-7,M
M,Morocco,Morocco,MiddleSchool,G-08,B,Arabic,S,Father,29,14,26,56,No,Bad,Above-7,L
M,Iraq,Iraq,MiddleSchool,G-08,A,Geology,S,Father,59,69,66,66,Yes,Good,Above-7,M
F,KW,KuwaIT,lowerlevel,G-04,A,History,S,Mum,73,80,62,60,No,Good,Under-7,H
M,SaudiArabia,USA,HighSchool,G-11,B,English,S,Father,70,50,33,41,No,Bad,Above-7,M
F,lebanon,lebanon,lowerlevel,G-02,B,French,F,Mum,76,91,46,20,Yes,Good,Under-7,H
F,KW,KuwaIT,lowerlevel,G-02,B,IT,F,Father,68,41,45,65,Yes,Good,Above-7,M
F,Iraq,Iraq,lowerlevel,G-02,B,Arabic,F,Mum,87,86,40,23,Yes,Good,Under-7,H
M,KW,KuwaIT,lowerlevel,G-04,A,IT,F,Father,31,24,5,35,No,Bad,Above-7,L
F,KW,KuwaIT,MiddleSchool,G-07,A,IT,F,Father,9,10,3,76,No,Bad,Above-7,L
F,Jordan,Jordan,lowerlevel,G-02,B,IT,F,Mum,68,51,46,43,Yes,Good,Under-7,H
F,Palestine,Jordan,lowerlevel,G-02,A,French,S,Mum,92,61,63,76,No,Good,Under-7,M
F,KW,KuwaIT,MiddleSchool,G-06,A,IT,F,Father,59,64,31,37,Yes,Good,Under-7,M
M,Jordan,Jordan,lowerlevel,G-02,A,Arabic,S,Father,49,39,26,23,No,Bad,Under-7,M
F,KW,KuwaIT,lowerlevel,G-02,C,IT,F,Father,17,10,4,30,No,Bad,Under-7,M
M,KW,KuwaIT,lowerlevel,G-02,B,IT,F,Father,55,33,6,9,No,Bad,Above-7,L
F,KW,KuwaIT,HighSchool,G-12,A,English,F,Mum,36,49,40,89,Yes,Good,Under-7,H
M,Palestine,Jordan,MiddleSchool,G-07,B,Biology,S,Father,91,75,67,57,Yes,Good,Under-7,H
M,Jordan,Jordan,lowerlevel,G-02,B,Arabic,F,Father,10,22,38,59,Yes,Bad,Above-7,L
F,Jordan,Jordan,MiddleSchool,G-07,B,Biology,S,Mum,61,92,17,30,No,Good,Under-7,H
M,Jordan,Jordan,lowerlevel,G-02,B,Arabic,S,Mum,27,65,47,60,Yes,Bad,Above-7,M
F,Jordan,Palestine,lowerlevel,G-02,A,French,F,Mum,59,80,48,60,Yes,Good,Under-7,M
M,KW,KuwaIT,MiddleSchool,G-08,A,Arabic,S,Father,23,25,32,53,No,Bad,Under-7,L
M,Jordan,Jordan,MiddleSchool,G-06,A,English,S,Father,23,52,27,53,Yes,Good,Above-7,M
F,KW,KuwaIT,MiddleSchool,G-06,A,Math,S,Father,78,61,72,79,No,Bad,Above-7,M
M,Jordan,SaudiArabia,lowerlevel,G-02,B,Arabic,S,Mum,7,13,11,16,No,Good,Above-7,L
F,KW,KuwaIT,lowerlevel,G-04,A,History,S,Mum,29,16,37,30,Yes,Good,Above-7,M
M,KW,KuwaIT,MiddleSchool,G-08,A,Spanish,S,Father,4,12,16,38,No,Bad,Above-7,L
M,Jordan,Jordan,lowerlevel,G-04,A,Science,S,Father,22,34,15,9,No,Bad,Above-7,L
M,KW,KuwaIT,MiddleSchool,G-07,A,Math,F,Father,34,90,64,34,Yes,Good,Under-7,H
M,KW,KuwaIT,MiddleSchool,G-07,A,Math,F,Father,27,9,5,8,No,Bad,Above-7,L
M,Iraq,Iraq,lowerlevel,G-04,A,Science,S,Father,61,61,42,74,Yes,Good,Above-7,M
F,USA,USA,HighSchool,G-12,A,IT,F,Mum,72,74,51,50,Yes,Good,Under-7,H
F,KW,KuwaIT,MiddleSchool,G-06,A,Quran,S,Father,70,41,3,18,No,Bad,Above-7,L
M,lebanon,lebanon,MiddleSchool,G-08,C,Spanish,S,Father,84,75,46,12,Yes,Good,Under-7,M
F,Jordan,Jordan,MiddleSchool,G-06,A,English,F,Mum,59,84,73,84,Yes,Good,Under-7,H
M,Palestine,Jordan,MiddleSchool,G-06,A,English,S,Mum,37,62,60,62,Yes,Good,Under-7,M
F,Jordan,Jordan,MiddleSchool,G-08,A,Geology,F,Mum,66,62,35,42,Yes,Good,Above-7,M
M,KW,KuwaIT,MiddleSchool,G-07,B,IT,F,Father,36,30,20,80,No,Bad,Above-7,M
F,Jordan,Jordan,lowerlevel,G-02,B,IT,F,Mum,33,83,32,34,Yes,Good,Under-7,H
M,Jordan,Jordan,lowerlevel,G-02,A,Arabic,S,Father,18,70,54,53,Yes,Good,Above-7,M
F,Jordan,Jordan,lowerlevel,G-04,A,Science,F,Mum,82,86,81,83,No,Good,Under-7,H
M,Jordan,Jordan,MiddleSchool,G-08,A,Chemistry,F,Mum,63,58,53,10,Yes,Good,Above-7,M
M,KW,KuwaIT,MiddleSchool,G-08,A,Spanish,S,Mum,72,90,12,30,No,Bad,Under-7,M
M,KW,KuwaIT,lowerlevel,G-04,A,History,S,Father,49,51,49,40,Yes,Good,Under-7,H
M,Iraq,Iraq,lowerlevel,G-02,A,Arabic,S,Father,86,88,77,72,Yes,Good,Under-7,H
F,KW,KuwaIT,lowerlevel,G-04,A,History,S,Father,62,94,38,49,No,Good,Under-7,M
M,Egypt,Egypt,MiddleSchool,G-07,B,Science,S,Mum,84,80,91,85,Yes,Good,Under-7,H
M,KW,KuwaIT,lowerlevel,G-02,C,IT,F,Father,47,70,28,62,No,Bad,Under-7,M
F,KW,KuwaIT,HighSchool,G-09,A,IT,F,Father,64,67,55,39,Yes,Good,Under-7,M
M,Palestine,Jordan,MiddleSchool,G-07,B,Biology,F,Father,91,49,55,44,Yes,Good,Under-7,H
M,KW,KuwaIT,MiddleSchool,G-08,B,Arabic,S,Father,31,28,28,75,Yes,Good,Under-7,M
M,KW,KuwaIT,MiddleSchool,G-07,A,Math,F,Father,17,44,19,18,Yes,Good,Above-7,L
F,Jordan,Jordan,lowerlevel,G-02,A,French,S,Mum,59,94,28,13,Yes,Good,Under-7,H
M,KW,KuwaIT,MiddleSchool,G-08,A,Arabic,S,Father,21,17,17,26,No,Bad,Under-7,L
M,Lybia,Lybia,lowerlevel,G-02,A,French,F,Mum,9,6,8,4,No,Good,Above-7,L
F,Jordan,Jordan,MiddleSchool,G-08,A,Geology,S,Father,62,77,42,47,No,Bad,Under-7,M
F,KW,KuwaIT,HighSchool,G-12,A,English,F,Father,52,41,36,50,No,Bad,Above-7,M
M,Tunis,Tunis,MiddleSchool,G-08,C,Spanish,S,Father,18,40,18,34,No,Bad,Above-7,L
M,Iraq,Iraq,MiddleSchool,G-08,A,Geology,S,Father,48,79,67,57,Yes,Good,Above-7,M
M,Morocco,Morocco,MiddleSchool,G-08,B,Arabic,S,Father,26,23,43,46,No,Bad,Above-7,L
F,Jordan,Jordan,MiddleSchool,G-07,B,Science,S,Mum,82,89,58,50,Yes,Good,Under-7,H
M,Tunis,Tunis,MiddleSchool,G-08,C,Spanish,S,Father,51,80,9,6,No,Bad,Above-7,L
F,USA,USA,MiddleSchool,G-07,A,Math,F,Father,25,28,26,38,No,Good,Under-7,M
F,KW,KuwaIT,lowerlevel,G-07,A,IT,F,Father,12,50,23,31,Yes,Good,Above-7,L
M,Jordan,Jordan,lowerlevel,G-02,A,French,F,Mum,92,88,82,74,Yes,Good,Under-7,H
F,KW,KuwaIT,HighSchool,G-12,A,English,F,Mum,66,31,40,83,Yes,Good,Under-7,H
F,Jordan,Jordan,MiddleSchool,G-08,A,History,S,Father,27,14,18,66,No,Bad,Above-7,L
F,Jordan,Jordan,lowerlevel,G-02,B,Arabic,S,Father,6,9,24,50,No,Bad,Above-7,L
F,Jordan,Jordan,MiddleSchool,G-06,A,English,S,Mum,75,42,65,87,Yes,Good,Under-7,H
F,Jordan,Jordan,lowerlevel,G-02,A,French,F,Mum,56,57,24,41,No,Good,Under-7,M
F,KW,KuwaIT,lowerlevel,G-02,C,IT,F,Father,10,3,0,30,No,Bad,Under-7,M
M,Jordan,Jordan,lowerlevel,G-02,B,French,F,Mum,19,92,49,63,Yes,Good,Under-7,H
F,Jordan,Jordan,MiddleSchool,G-08,A,Chemistry,F,Father,52,98,44,55,Yes,Good,Under-7,H
M,KW,KuwaIT,lowerlevel,G-04,A,Arabic,S,Father,39,26,12,44,No,Bad,Above-7,L
M,SaudiArabia,USA,HighSchool,G-11,B,Spanish,S,Father,10,42,36,36,No,Bad,Above-7,L
M,Jordan,Jordan,lowerlevel,G-02,A,French,F,Father,39,7,51,40,No,Good,Above-7,L
M,KW,KuwaIT,MiddleSchool,G-08,A,Science,F,Father,45,78,45,44,Yes,Good,Under-7,M
M,Jordan,Jordan,lowerlevel,G-02,A,Arabic,F,Father,28,32,49,18,No,Bad,Under-7,M
F,KW,KuwaIT,lowerlevel,G-02,B,IT,F,Father,1,5,9,71,Yes,Good,Above-7,L
M,Jordan,Jordan,lowerlevel,G-02,B,French,F,Father,50,81,56,56,Yes,Good,Under-7,M
M,SaudiArabia,SaudiArabia,lowerlevel,G-02,B,IT,F,Father,60,35,42,41,Yes,Good,Under-7,H
M,lebanon,lebanon,MiddleSchool,G-08,A,Arabic,S,Mum,10,30,24,17,No,Bad,Above-7,L
M,Syria,Syria,lowerlevel,G-02,A,French,S,Father,26,20,27,42,No,Bad,Under-7,M
M,KW,KuwaIT,MiddleSchool,G-07,A,Math,F,Father,64,35,27,33,Yes,Good,Under-7,M
F,Jordan,Jordan,lowerlevel,G-02,A,French,S,Mum,35,24,27,23,Yes,Good,Above-7,M
F,KW,KuwaIT,HighSchool,G-12,A,English,F,Mum,49,86,30,74,Yes,Good,Under-7,H
M,Palestine,Palestine,MiddleSchool,G-08,A,Geology,S,Father,87,88,72,56,Yes,Good,Under-7,M
M,KW,KuwaIT,MiddleSchool,G-08,B,Spanish,S,Father,1,8,38,22,No,Bad,Under-7,L
M,Jordan,Jordan,lowerlevel,G-02,B,French,F,Mum,73,83,51,52,Yes,Good,Under-7,H
M,KW,KuwaIT,lowerlevel,G-02,B,IT,F,Father,4,13,4,45,No,Bad,Above-7,L
M,KW,KuwaIT,HighSchool,G-11,A,Quran,F,Father,13,3,11,10,No,Bad,Above-7,L
F,lebanon,lebanon,MiddleSchool,G-07,A,Quran,S,Father,40,74,35,21,No,Bad,Under-7,M
F,Jordan,Jordan,lowerlevel,G-02,B,French,F,Mum,35,85,30,39,No,Good,Under-7,H
M,KW,KuwaIT,lowerlevel,G-02,B,IT,F,Father,4,6,3,53,No,Bad,Above-7,L
M,KW,KuwaIT,MiddleSchool,G-08,A,Arabic,S,Father,15,33,43,25,Yes,Good,Under-7,M
F,KW,KuwaIT,lowerlevel,G-04,A,History,S,Mum,21,27,52,34,Yes,Good,Above-7,M
M,venzuela,venzuela,HighSchool,G-10,A,IT,F,Mum,64,89,31,51,Yes,Good,Under-7,H
M,KW,KuwaIT,lowerlevel,G-02,B,IT,F,Father,2,11,5,8,No,Bad,Above-7,L
M,Jordan,Jordan,MiddleSchool,G-08,A,Chemistry,S,Mum,79,91,64,22,Yes,Good,Above-7,M
M,Jordan,Jordan,MiddleSchool,G-08,A,Chemistry,F,Mum,39,38,28,57,Yes,Good,Above-7,L
F,Jordan,Jordan,MiddleSchool,G-08,A,Chemistry,S,Father,48,90,50,43,Yes,Good,Under-7,H
F,KW,KuwaIT,HighSchool,G-09,A,IT,F,Father,51,56,53,71,No,Bad,Under-7,M
F,Jordan,Jordan,MiddleSchool,G-06,A,English,F,Mum,94,83,71,71,No,Good,Under-7,H
M,Jordan,Jordan,MiddleSchool,G-07,B,Biology,F,Father,18,35,6,38,No,Bad,Under-7,M
M,Jordan,Jordan,lowerlevel,G-02,B,Arabic,F,Mum,19,71,33,67,Yes,Good,Under-7,M
F,KW,KuwaIT,MiddleSchool,G-08,A,Arabic,S,Father,56,86,22,40,Yes,Good,Under-7,M
M,Palestine,Palestine,MiddleSchool,G-07,A,Biology,F,Father,74,68,65,88,Yes,Good,Under-7,H
M,Jordan,Jordan,MiddleSchool,G-06,A,English,S,Father,47,46,29,44,No,Bad,Under-7,H
F,lebanon,lebanon,MiddleSchool,G-07,A,Quran,S,Mum,100,75,50,70,Yes,Good,Under-7,H
M,Jordan,SaudiArabia,MiddleSchool,G-08,A,Geology,F,Father,88,86,65,54,No,Bad,Under-7,M
M,Palestine,Jordan,MiddleSchool,G-06,A,English,F,Mum,66,49,45,63,Yes,Good,Under-7,M
F,SaudiArabia,USA,HighSchool,G-11,B,Science,S,Father,90,89,88,60,Yes,Bad,Under-7,H
M,Jordan,Jordan,MiddleSchool,G-06,A,English,F,Father,22,71,30,30,No,Bad,Under-7,M
M,KW,KuwaIT,MiddleSchool,G-07,A,Math,F,Father,43,60,61,43,Yes,Good,Under-7,M
M,Iraq,Iraq,MiddleSchool,G-06,A,English,S,Mum,72,64,44,46,No,Good,Under-7,H
M,SaudiArabia,SaudiArabia,HighSchool,G-11,A,Quran,S,Father,85,69,76,38,Yes,Good,Under-7,H
M,KW,KuwaIT,HighSchool,G-10,A,IT,F,Father,1,9,5,24,No,Bad,Above-7,L
M,lebanon,lebanon,MiddleSchool,G-08,C,Spanish,S,Father,50,41,35,33,No,Good,Under-7,M
F,Iraq,Iraq,lowerlevel,G-02,B,Arabic,F,Mum,91,87,57,46,Yes,Good,Under-7,H
M,Jordan,Jordan,MiddleSchool,G-06,A,English,F,Father,21,79,21,48,Yes,Good,Above-7,M
F,Iraq,Iraq,lowerlevel,G-02,B,Arabic,F,Mum,84,92,67,37,Yes,Good,Under-7,H
M,Jordan,Jordan,lowerlevel,G-02,A,Arabic,S,Father,38,84,53,56,Yes,Good,Above-7,M
M,KW,KuwaIT,MiddleSchool,G-08,A,Arabic,S,Mum,83,75,62,53,No,Bad,Under-7,H
F,Jordan,Jordan,lowerlevel,G-02,B,French,S,Mum,59,96,47,55,No,Good,Under-7,H
F,KW,KuwaIT,MiddleSchool,G-07,A,English,F,Father,43,38,17,25,Yes,Bad,Above-7,M
F,KW,KuwaIT,lowerlevel,G-02,B,IT,F,Father,13,15,1,38,No,Bad,Above-7,L
M,Jordan,Jordan,MiddleSchool,G-08,A,Geology,F,Mum,48,54,64,56,Yes,Good,Under-7,M
M,KW,KuwaIT,MiddleSchool,G-07,A,Math,F,Father,3,0,4,28,Yes,Good,Above-7,L
F,Jordan,Jordan,lowerlevel,G-02,B,Arabic,S,Father,8,19,17,58,No,Bad,Above-7,L
M,KW,KuwaIT,MiddleSchool,G-08,B,Arabic,S,Mum,61,83,50,75,Yes,Bad,Under-7,H
M,KW,KuwaIT,MiddleSchool,G-08,B,Arabic,S,Father,25,5,12,33,Yes,Good,Under-7,M
M,USA,USA,lowerlevel,G-02,B,IT,F,Father,68,43,28,29,Yes,Good,Under-7,H
M,Iraq,Iraq,MiddleSchool,G-08,A,Geology,F,Father,73,66,70,77,Yes,Good,Above-7,M
F,lebanon,lebanon,MiddleSchool,G-08,A,Arabic,S,Mum,49,72,43,60,Yes,Good,Under-7,H
M,Palestine,Palestine,MiddleSchool,G-08,A,Geology,S,Father,81,83,59,64,Yes,Good,Under-7,M
F,Jordan,Jordan,MiddleSchool,G-08,A,Chemistry,S,Father,37,98,33,27,Yes,Good,Under-7,H
M,Jordan,Jordan,lowerlevel,G-02,B,French,S,Father,56,84,55,55,Yes,Good,Under-7,M
M,KW,KuwaIT,HighSchool,G-09,A,IT,F,Father,45,57,4,16,Yes,Good,Above-7,L
M,Iran,Iran,MiddleSchool,G-08,C,Spanish,S,Mum,49,56,39,41,Yes,Bad,Above-7,M
M,Jordan,Jordan,lowerlevel,G-02,B,Arabic,F,Mum,56,70,39,59,Yes,Good,Under-7,M
M,KW,KuwaIT,HighSchool,G-12,A,English,F,Father,23,12,35,43,No,Bad,Above-7,L
M,Palestine,Jordan,lowerlevel,G-02,A,Arabic,S,Father,79,54,36,21,Yes,Good,Under-7,H
M,lebanon,lebanon,MiddleSchool,G-08,A,Arabic,S,Mum,5,20,17,13,No,Bad,Above-7,L
M,KW,KuwaIT,MiddleSchool,G-08,B,Arabic,S,Father,40,73,36,30,Yes,Good,Under-7,M
M,KW,KuwaIT,MiddleSchool,G-08,A,Arabic,S,Mum,80,66,57,42,Yes,Good,Under-7,H
M,KW,KuwaIT,MiddleSchool,G-08,B,Spanish,S,Mum,85,86,35,71,Yes,Bad,Under-7,H
F,Jordan,Jordan,lowerlevel,G-04,B,Science,S,Mum,45,64,48,53,No,Bad,Under-7,M
M,Palestine,Jordan,lowerlevel,G-04,B,Science,F,Mum,63,70,54,91,Yes,Good,Above-7,M
M,KW,KuwaIT,MiddleSchool,G-07,A,IT,F,Father,4,3,5,45,No,Bad,Above-7,L
M,lebanon,Jordan,MiddleSchool,G-08,A,Arabic,S,Mum,85,69,75,38,Yes,Good,Under-7,H
M,SaudiArabia,USA,HighSchool,G-11,B,Spanish,S,Father,9,19,18,20,No,Bad,Above-7,L
M,KW,KuwaIT,MiddleSchool,G-08,A,Arabic,S,Father,22,21,22,18,No,Bad,Under-7,L
M,Jordan,Jordan,lowerlevel,G-02,B,French,F,Mum,66,92,66,56,Yes,Good,Under-7,H
M,Jordan,Jordan,lowerlevel,G-02,A,Arabic,F,Father,71,72,82,21,Yes,Good,Above-7,M
M,Palestine,Jordan,MiddleSchool,G-06,A,English,F,Mum,39,15,45,18,No,Good,Under-7,M
M,Tunis,Tunis,MiddleSchool,G-07,A,Quran,S,Father,5,15,11,10,No,Bad,Above-7,L
M,Jordan,Jordan,lowerlevel,G-02,B,Arabic,F,Father,7,20,13,63,No,Bad,Above-7,L
M,SaudiArabia,USA,HighSchool,G-11,A,Science,S,Father,59,74,63,74,Yes,Good,Under-7,M
M,Palestine,Jordan,MiddleSchool,G-07,B,Biology,F,Father,72,68,59,48,Yes,Good,Under-7,M
F,Jordan,Jordan,MiddleSchool,G-08,A,Geology,S,Mum,74,87,82,79,Yes,Good,Under-7,H
F,Jordan,Jordan,lowerlevel,G-02,B,Arabic,S,Father,11,10,24,84,No,Bad,Above-7,L
M,Jordan,Jordan,lowerlevel,G-02,A,Arabic,S,Father,55,42,51,53,No,Bad,Under-7,M
F,KW,KuwaIT,MiddleSchool,G-08,A,Arabic,F,Father,15,35,46,23,No,Bad,Under-7,M
F,Jordan,Jordan,MiddleSchool,G-08,A,Geology,S,Mum,57,74,75,41,Yes,Good,Under-7,H
F,Iraq,Iraq,lowerlevel,G-02,B,French,F,Father,18,85,16,11,No,Good,Under-7,M
M,KW,KuwaIT,lowerlevel,G-02,B,IT,F,Father,7,12,8,5,Yes,Good,Above-7,M
F,Jordan,Jordan,MiddleSchool,G-08,A,Geology,S,Father,40,63,35,34,No,Bad,Under-7,M
M,KW,KuwaIT,MiddleSchool,G-07,A,Math,F,Father,14,22,15,18,Yes,Good,Above-7,L
M,KW,KuwaIT,lowerlevel,G-02,C,IT,S,Father,2,3,9,3,No,Bad,Above-7,L
F,Jordan,Jordan,MiddleSchool,G-08,A,Chemistry,F,Father,64,83,61,48,Yes,Good,Under-7,H
F,Jordan,Jordan,MiddleSchool,G-06,A,English,S,Mum,93,89,76,75,No,Good,Under-7,H
F,KW,KuwaIT,lowerlevel,G-04,A,History,S,Mum,78,77,65,69,No,Good,Under-7,H
M,KW,KuwaIT,MiddleSchool,G-07,A,Math,F,Father,59,35,35,22,Yes,Good,Under-7,M
F,KW,KuwaIT,lowerlevel,G-02,B,IT,F,Mum,53,65,52,35,Yes,Good,Under-7,H
M,Tunis,Tunis,lowerlevel,G-02,B,French,S,Mum,64,55,33,37,Yes,Bad,Under-7,H
F,Jordan,Jordan,lowerlevel,G-04,B,Science,S,Mum,65,64,71,51,Yes,Good,Under-7,H
F,KW,KuwaIT,lowerlevel,G-02,B,IT,F,Father,50,82,28,59,Yes,Good,Under-7,H
F,USA,USA,MiddleSchool,G-07,A,Math,F,Father,27,43,20,46,No,Good,Under-7,M
F,KW,KuwaIT,MiddleSchool,G-07,B,Science,S,Mum,56,25,41,87,Yes,Good,Above-7,M
M,KW,KuwaIT,lowerlevel,G-02,B,IT,F,Father,10,6,6,67,Yes,Good,Above-7,L
F,Jordan,Jordan,MiddleSchool,G-06,A,English,F,Mum,84,86,63,74,No,Good,Under-7,H
F,Jordan,Jordan,lowerlevel,G-04,B,Science,S,Mum,36,61,43,48,No,Bad,Under-7,M
M,Syria,Syria,lowerlevel,G-02,A,French,S,Father,46,42,53,47,No,Bad,Under-7,M
M,KW,KuwaIT,lowerlevel,G-04,A,English,S,Mum,38,21,10,9,No,Bad,Above-7,L
M,KW,KuwaIT,MiddleSchool,G-08,A,Science,F,Father,65,68,37,41,Yes,Good,Under-7,M
F,Jordan,Jordan,lowerlevel,G-04,A,Science,S,Mum,72,78,63,70,No,Good,Under-7,H
F,KW,KuwaIT,MiddleSchool,G-07,B,Science,S,Father,42,37,34,54,Yes,Good,Under-7,M
M,Jordan,Jordan,lowerlevel,G-04,A,Science,S,Father,31,60,33,33,No,Good,Above-7,M
M,KW,KuwaIT,MiddleSchool,G-08,B,Arabic,S,Father,67,31,42,14,Yes,Good,Under-7,M
M,Iran,Iran,lowerlevel,G-02,B,French,S,Father,22,5,13,41,No,Bad,Above-7,L
F,KW,KuwaIT,MiddleSchool,G-06,A,IT,F,Father,31,36,20,54,Yes,Good,Under-7,M
M,KW,KuwaIT,MiddleSchool,G-07,A,Math,F,Father,15,20,14,18,Yes,Good,Above-7,L
M,Jordan,Jordan,lowerlevel,G-04,A,Science,F,Father,36,34,34,39,No,Good,Above-7,M
M,KW,KuwaIT,MiddleSchool,G-08,A,Arabic,S,Mum,60,90,36,60,Yes,Good,Under-7,M
M,Syria,Syria,lowerlevel,G-02,B,French,S,Mum,17,41,18,25,Yes,Good,Above-7,L
F,lebanon,lebanon,lowerlevel,G-02,B,French,S,Mum,81,66,51,48,Yes,Bad,Under-7,H
F,Palestine,Jordan,lowerlevel,G-02,B,French,F,Father,82,87,43,47,No,Good,Under-7,M
F,Iraq,Iraq,lowerlevel,G-02,B,Arabic,S,Mum,55,61,42,29,Yes,Good,Under-7,H
F,Jordan,Jordan,lowerlevel,G-04,A,Science,S,Mum,62,65,69,76,No,Good,Under-7,H
M,Morocco,Morocco,MiddleSchool,G-08,A,Arabic,S,Mum,78,79,34,37,No,Bad,Under-7,M
M,KW,KuwaIT,MiddleSchool,G-07,A,Math,F,Father,76,79,54,62,Yes,Good,Under-7,H
F,Jordan,lebanon,lowerlevel,G-04,B,Science,S,Mum,82,75,67,57,Yes,Good,Under-7,H
F,KW,KuwaIT,lowerlevel,G-02,B,IT,F,Father,6,6,17,86,Yes,Good,Above-7,L
F,Syria,Syria,MiddleSchool,G-07,A,Biology,F,Mum,43,42,23,39,Yes,Good,Under-7,H
M,KW,KuwaIT,MiddleSchool,G-08,B,Arabic,S,Mum,15,90,52,83,Yes,Bad,Under-7,H
M,KW,KuwaIT,MiddleSchool,G-07,A,Quran,S,Father,45,90,16,35,Yes,Good,Under-7,H
M,Jordan,Jordan,lowerlevel,G-04,B,Science,F,Father,39,45,48,45,No,Good,Above-7,M
M,Jordan,Jordan,MiddleSchool,G-08,A,History,S,Mum,72,75,74,84,Yes,Good,Under-7,H
M,Syria,Syria,lowerlevel,G-02,B,French,S,Mum,16,57,13,50,Yes,Good,Above-7,L
M,KW,KuwaIT,lowerlevel,G-02,B,IT,F,Father,21,2,11,44,No,Bad,Above-7,L
F,Jordan,Jordan,MiddleSchool,G-07,A,Biology,S,Mum,90,88,54,12,Yes,Good,Above-7,M
M,Palestine,Jordan,MiddleSchool,G-08,A,History,F,Father,88,88,73,48,Yes,Good,Under-7,M
M,Jordan,SaudiArabia,MiddleSchool,G-08,A,Geology,F,Father,83,89,34,47,No,Bad,Under-7,H
M,KW,KuwaIT,MiddleSchool,G-08,A,Arabic,S,Father,37,60,33,27,Yes,Good,Under-7,M
M,KW,KuwaIT,MiddleSchool,G-07,B,IT,S,Mum,89,94,74,82,Yes,Bad,Under-7,H
M,KW,KuwaIT,HighSchool,G-10,A,IT,F,Father,0,5,7,2,No,Bad,Above-7,L
M,Syria,Jordan,MiddleSchool,G-08,A,Spanish,S,Father,24,14,15,47,Yes,Good,Above-7,L
F,Jordan,Jordan,lowerlevel,G-02,B,French,S,Mum,25,89,21,18,Yes,Good,Under-7,M
M,Jordan,Jordan,MiddleSchool,G-07,A,Biology,F,Father,53,65,35,68,No,Good,Above-7,M
M,Jordan,Jordan,lowerlevel,G-02,B,Arabic,S,Father,12,22,59,83,Yes,Bad,Above-7,L
M,Jordan,Jordan,lowerlevel,G-02,B,Arabic,S,Father,32,10,28,25,No,Bad,Above-7,L
F,KW,KuwaIT,lowerlevel,G-04,A,History,S,Father,72,82,73,72,No,Good,Under-7,M
M,Jordan,Jordan,MiddleSchool,G-07,B,Biology,S,Father,43,74,10,37,No,Bad,Under-7,M
F,Palestine,Jordan,lowerlevel,G-02,A,French,S,Mum,75,80,15,20,No,Good,Under-7,M
F,USA,USA,lowerlevel,G-02,B,French,S,Mum,34,78,53,58,Yes,Bad,Under-7,M
M,Jordan,Jordan,MiddleSchool,G-06,A,English,S,Father,35,27,31,33,Yes,Bad,Above-7,M
F,Jordan,Jordan,lowerlevel,G-02,A,Arabic,S,Father,15,11,17,84,No,Bad,Above-7,L
M,KW,KuwaIT,HighSchool,G-12,A,English,F,Father,25,14,11,32,No,Good,Above-7,L
M,Tunis,Tunis,MiddleSchool,G-08,C,Spanish,S,Mum,66,94,44,59,Yes,Good,Under-7,H
M,Syria,Syria,MiddleSchool,G-07,A,Quran,F,Father,49,74,22,34,Yes,Good,Above-7,M
F,KW,KuwaIT,MiddleSchool,G-06,A,IT,F,Father,34,69,25,48,Yes,Good,Under-7,M
M,Morocco,Morocco,MiddleSchool,G-08,B,Arabic,S,Father,20,13,30,44,No,Bad,Above-7,L
M,Jordan,Jordan,MiddleSchool,G-07,B,Science,S,Mum,72,80,58,66,No,Bad,Under-7,M
F,KW,KuwaIT,lowerlevel,G-04,A,History,S,Father,70,93,54,67,No,Good,Under-7,M
M,KW,KuwaIT,lowerlevel,G-04,A,IT,F,Father,60,56,45,38,No,Bad,Above-7,L
M,KW,KuwaIT,MiddleSchool,G-07,A,Quran,S,Father,58,94,32,14,Yes,Good,Under-7,H
F,Jordan,Jordan,MiddleSchool,G-08,A,Geology,F,Mum,79,78,55,51,Yes,Good,Under-7,H
M,Jordan,Jordan,MiddleSchool,G-08,A,Chemistry,F,Mum,73,79,59,57,Yes,Good,Above-7,M
F,Jordan,Jordan,lowerlevel,G-02,B,French,S,Mum,48,78,46,51,No,Good,Under-7,H
M,KW,KuwaIT,lowerlevel,G-02,C,IT,F,Father,15,5,4,6,Yes,Bad,Under-7,L
M,Jordan,Jordan,MiddleSchool,G-06,A,English,F,Father,32,77,19,20,Yes,Good,Above-7,M
M,KW,KuwaIT,HighSchool,G-10,A,IT,F,Father,66,54,30,47,Yes,Good,Under-7,M
F,lebanon,lebanon,MiddleSchool,G-06,A,English,S,Mum,80,76,79,75,Yes,Good,Under-7,H
M,KW,KuwaIT,MiddleSchool,G-07,B,Science,F,Father,12,11,8,40,No,Bad,Above-7,L
M,KW,KuwaIT,lowerlevel,G-05,A,English,F,Father,17,16,12,15,No,Bad,Above-7,L
F,KW,KuwaIT,MiddleSchool,G-07,A,English,F,Father,12,22,22,21,Yes,Bad,Above-7,M
M,Jordan,Jordan,lowerlevel,G-04,B,Science,S,Mum,88,78,74,87,Yes,Good,Under-7,H
F,KW,KuwaIT,MiddleSchool,G-07,A,Math,F,Father,11,16,10,43,Yes,Good,Under-7,M
F,Jordan,Jordan,lowerlevel,G-02,B,French,F,Mum,16,85,20,11,Yes,Good,Under-7,M
M,KW,KuwaIT,lowerlevel,G-02,B,French,S,Mum,72,70,30,31,Yes,Good,Under-7,H
M,Jordan,Jordan,lowerlevel,G-02,B,French,F,Mum,47,99,42,48,Yes,Good,Under-7,H
F,Jordan,Jordan,lowerlevel,G-02,A,French,S,Mum,34,86,30,28,Yes,Good,Above-7,M
M,Egypt,Egypt,MiddleSchool,G-07,B,Science,S,Father,72,80,58,86,Yes,Good,Under-7,M
F,KW,KuwaIT,MiddleSchool,G-07,A,English,F,Father,53,47,44,31,Yes,Bad,Above-7,M
M,Jordan,Jordan,lowerlevel,G-04,A,Science,F,Father,32,24,27,34,No,Good,Above-7,M
M,KW,KuwaIT,MiddleSchool,G-07,A,IT,F,Father,17,17,3,19,Yes,Good,Under-7,M
F,Jordan,Jordan,MiddleSchool,G-08,A,Geology,F,Mum,78,67,53,41,Yes,Good,Under-7,H
M,KW,KuwaIT,lowerlevel,G-02,B,French,S,Mum,64,64,35,47,Yes,Good,Under-7,H
M,Palestine,Palestine,MiddleSchool,G-08,A,Geology,S,Father,84,79,71,61,Yes,Good,Under-7,M
M,KW,KuwaIT,MiddleSchool,G-08,A,Spanish,S,Father,15,2,6,4,Yes,Good,Under-7,L
M,KW,KuwaIT,lowerlevel,G-02,B,French,S,Father,64,77,68,30,Yes,Good,Under-7,H
M,KW,KuwaIT,MiddleSchool,G-08,A,Arabic,S,Mum,92,69,62,48,Yes,Good,Under-7,H
M,Jordan,Jordan,MiddleSchool,G-07,A,IT,F,Father,40,45,15,35,No,Bad,Under-7,M
F,Jordan,Palestine,lowerlevel,G-02,A,French,F,Mum,79,77,63,72,Yes,Good,Under-7,M
M,Palestine,Jordan,lowerlevel,G-04,B,Science,S,Mum,69,82,63,57,Yes,Good,Above-7,M
M,Lybia,Lybia,lowerlevel,G-02,A,French,S,Mum,28,8,4,14,No,Good,Above-7,L
M,Jordan,SaudiArabia,MiddleSchool,G-08,C,Spanish,S,Mum,56,92,89,26,Yes,Good,Under-7,H
M,Jordan,Palestine,MiddleSchool,G-07,A,Biology,S,Mum,40,96,42,31,Yes,Good,Under-7,H
F,KW,KuwaIT,MiddleSchool,G-08,A,Arabic,S,Father,85,66,12,23,No,Bad,Under-7,M
M,lebanon,lebanon,MiddleSchool,G-08,C,Spanish,S,Father,40,47,48,13,Yes,Good,Under-7,M
M,Jordan,Jordan,lowerlevel,G-02,A,Arabic,S,Father,34,81,42,65,Yes,Good,Above-7,M
M,KW,KuwaIT,MiddleSchool,G-07,B,IT,S,Mum,41,81,57,74,Yes,Bad,Under-7,H
M,KW,KuwaIT,MiddleSchool,G-08,B,Arabic,S,Father,54,82,25,18,No,Bad,Under-7,M
M,Tunis,Tunis,MiddleSchool,G-08,C,Spanish,S,Mum,50,91,42,19,Yes,Good,Under-7,H
M,Iraq,Iraq,MiddleSchool,G-08,A,History,S,Father,64,75,78,60,Yes,Good,Above-7,M
F,Jordan,Jordan,MiddleSchool,G-08,A,Chemistry,F,Father,2,7,4,8,No,Bad,Above-7,L
M,Jordan,SaudiArabia,MiddleSchool,G-08,A,Geology,F,Father,78,82,69,81,No,Bad,Under-7,H
M,KW,KuwaIT,lowerlevel,G-02,B,IT,F,Father,10,17,40,76,Yes,Good,Above-7,L
F,Jordan,Jordan,MiddleSchool,G-08,A,Chemistry,S,Father,76,92,64,50,Yes,Good,Under-7,H
F,KW,KuwaIT,lowerlevel,G-02,B,IT,F,Father,69,38,30,10,No,Good,Above-7,L
M,Palestine,Jordan,MiddleSchool,G-06,A,English,S,Mum,63,57,31,29,No,Good,Under-7,M
F,KW,KuwaIT,lowerlevel,G-02,C,IT,F,Father,39,65,28,67,Yes,Good,Under-7,H
M,SaudiArabia,SaudiArabia,HighSchool,G-11,A,Quran,S,Father,80,87,56,51,Yes,Good,Under-7,H
M,Morocco,Morocco,MiddleSchool,G-08,A,Arabic,S,Mum,49,66,64,25,No,Bad,Under-7,M
M,Iraq,Iraq,MiddleSchool,G-08,A,History,S,Father,72,79,64,87,Yes,Good,Above-7,M
F,KW,KuwaIT,lowerlevel,G-02,C,IT,F,Father,7,9,5,30,No,Bad,Above-7,L
F,Iraq,Iraq,MiddleSchool,G-07,A,Biology,F,Mum,60,93,71,14,Yes,Good,Under-7,H
M,Iraq,Iraq,MiddleSchool,G-07,B,Biology,S,Father,77,79,82,83,Yes,Good,Under-7,H
F,Jordan,Jordan,lowerlevel,G-02,A,French,F,Mum,71,85,41,27,Yes,Good,Under-7,H
M,Jordan,Jordan,MiddleSchool,G-07,A,Biology,F,Mum,8,5,5,7,No,Bad,Above-7,L
F,Jordan,Jordan,MiddleSchool,G-08,A,Geology,F,Mum,80,82,64,58,Yes,Good,Under-7,H
F,Jordan,Jordan,lowerlevel,G-02,B,French,S,Mum,67,80,9,75,No,Bad,Under-7,H
M,KW,KuwaIT,lowerlevel,G-02,B,IT,F,Father,9,26,42,91,Yes,Good,Above-7,L
M,KW,KuwaIT,MiddleSchool,G-07,A,IT,F,Father,24,50,54,71,Yes,Good,Under-7,M
